decision_season,fg_id,buy_season,keeper_salary,years_control_left,kept,rp_prior,PA_prior,IP_prior,SV_prior,pos_group,birth_year,played_prior,age,is_pit,team,proj_redraft,proj_replace,rel,role,value_realised,true_replace,has_proj,surplus_true,surplus_redraft,truth,owner,model_redraft,model_replace,model_matched_k,model_teamcap
2024,24064,2023,10,2,0,7.129153532234867,615.0,0.0,0.0,UNKNOWN,2001.0,1,23.0,0,All-Stars,4.58314586868852,23.671245026186828,0.73,HIT,12.527598993723714,25.32778516428473,True,15.32778516428473,2.527598993723714,1,0,0,1,1,0
2024,14344,2023,30,2,1,14.769496656342008,720.0,0.0,0.0,UNKNOWN,1994.0,1,30.0,0,Spehr's Army,31.820923018678876,46.668354721674156,0.88,HIT,10.611046455393378,23.093043025183587,True,-6.9069569748164135,-19.388953544606622,0,1,1,1,1,1
2024,19470,2023,27,2,0,6.694094729664473,528.0,0.0,0.0,OF,1995.0,1,29.0,0,Micks,8.1021776497939,26.642396432791802,0.86,HIT,0.0,0.0,True,-27.0,-27.0,0,0,0,0,0,0
2024,21524,2023,3,2,1,0.2039229178029488,95.0,0.0,0.0,C,1996.0,1,28.0,0,All-Stars,0.0,2.2803918696598577,0.58,HIT,0.0,5.079198352257552,True,2.079198352257552,-3.0,1,1,0,0,0,0
2024,9241,2023,28,2,0,4.20093891969061,341.0,0.0,0.0,OF,1988.0,1,36.0,0,Moben,4.221066951040307,23.365538413575745,0.82,HIT,0.0,8.773552772314684,True,-19.226447227685316,-28.0,0,0,0,0,0,0
2024,9777,2023,36,2,0,8.348523280032568,612.0,0.0,0.0,CI,1991.0,1,33.0,0,Milwaukee Beers,15.617191405672875,32.98739275005208,0.86,HIT,5.927808865254243,17.63228565965682,True,-18.36771434034318,-30.072191134745758,0,0,0,0,0,0
2024,31838,2023,22,2,0,12.226538569101386,0.0,166.33333333333331,0.0,SP,1993.0,1,31.0,1,Pookie 2.0,11.001510014530666,14.65032550066784,0.63,PIT,0.0,0.0,True,-22.0,-22.0,0,0,0,0,0,0
2024,26221,2023,10,2,0,4.702361510277672,0.0,42.0,0.0,RP,1997.0,1,27.0,1,Phenoms,0.0,0.0,0.4,PIT,0.4198222056691332,12.617848937118055,True,2.6178489371180547,-9.580177794330867,1,0,0,0,0,0
2024,15986,2023,26,2,1,6.139324286196203,638.0,0.0,0.0,UNKNOWN,1995.0,1,29.0,0,New York Polar Bears,11.117040812347295,29.187873564950095,0.86,HIT,21.137594600497554,35.36722818247389,True,9.367228182473887,-4.862405399502446,1,1,0,1,0,0
2024,18568,2023,10,2,1,9.34724228619626,617.0,0.0,0.0,CI,1997.0,1,27.0,0,Block Bombers,10.226090372870155,28.43563578588795,0.85,HIT,8.658426299253627,20.816245255587745,True,10.816245255587745,-1.3415737007463733,1,1,1,1,1,1
2024,22664,2023,3,2,1,4.47849359318198,380.0,0.0,0.0,C,2000.0,1,24.0,0,Milwaukee Beers,0.0,15.740604999497585,0.65,HIT,0.0,3.4970911649361143,True,0.49709116493611427,-3.0,1,1,0,1,1,0
2024,19600,2023,7,2,0,6.67593563276895,626.0,0.0,0.0,OF,1996.0,1,28.0,0,Phenoms,3.73448195013806,22.95471015177202,0.81,HIT,1.4054872252090558,12.359159808182739,True,5.3591598081827385,-5.594512774790944,1,0,0,1,1,0
2024,12970,2023,25,2,0,8.23829869865323,0.0,97.33333333333331,0.0,SP,1992.0,1,32.0,1,Spehr's Army,9.317697374200131,13.22866675872666,0.74,PIT,0.0,2.9824752332775106,True,-22.017524766722488,-25.0,0,0,0,0,0,0
2024,22201,2023,7,2,0,3.660727662143298,0.0,136.33333333333331,0.0,SP,1999.0,1,25.0,1,Spehr's Army,0.0,4.542761507826151,0.66,PIT,0.0,1.1850162963163116,True,-5.814983703683689,-7.0,0,0,0,0,0,0
2024,26323,2023,6,2,1,9.03940522465777,665.0,0.0,0.0,OF,1997.0,1,27.0,0,Milwaukee Beers,8.575007859903948,27.041611396236238,0.76,HIT,9.490426393451326,21.786375545811623,True,15.786375545811623,3.490426393451326,1,1,1,1,1,1
2024,11477,2023,24,2,0,10.571354728041849,632.0,0.0,0.0,UNKNOWN,1991.0,1,33.0,0,Moben,14.143368385705353,31.743030206248115,0.86,HIT,3.8178929659700818,15.172077616418143,True,-8.827922383581857,-20.18210703402992,0,0,0,1,1,0
2024,11493,2023,39,2,0,8.467741620000472,601.0,0.0,0.0,CI,1992.0,1,32.0,0,Block Bombers,20.114247323631712,36.78429907183232,0.86,HIT,18.17695025150079,31.915052177239662,True,-7.084947822760338,-20.82304974849921,0,0,0,0,0,0
2024,13543,2023,24,2,0,16.44070956735203,0.0,180.0,0.0,UNKNOWN,1992.0,1,32.0,1,New York Polar Bears,0.0,0.0,,,3.760093490022826,16.51267824436874,False,-7.48732175563126,-20.239906509977175,0,0,0,0,0,0
2024,20202,2023,8,2,0,6.323973842998489,472.0,0.0,0.0,OF,1997.0,1,27.0,0,Spehr's Army,0.16397639590402213,19.940098957660826,0.81,HIT,3.874795546685583,15.238427268935007,True,7.238427268935007,-4.125204453314417,1,0,0,1,1,0
2024,5361,2023,33,2,1,15.148650340227956,730.0,0.0,0.0,UNKNOWN,1989.0,1,35.0,0,Pookie 2.0,34.790060648910675,49.1752253597381,0.88,HIT,14.861116185693545,28.04871720080223,True,-4.95128279919777,-18.138883814306453,0,1,1,1,1,1
2024,18684,2023,30,2,1,6.340057930092101,0.0,184.66666666666663,0.0,UNKNOWN,1995.0,1,29.0,1,Spehr's Army,14.39963354228288,17.519392939475402,0.8,PIT,0.0,0.0,True,-30.0,-30.0,0,1,0,0,0,0
2024,16149,2023,29,2,0,8.9749940723348,0.0,193.66666666666663,0.0,UNKNOWN,1993.0,1,31.0,1,New York Polar Bears,15.59714322622878,18.530461552433856,0.8,PIT,10.472802419208408,24.339843538068575,True,-4.660156461931425,-18.527197580791594,0,0,0,0,0,0
2024,16162,2023,34,2,1,7.821991650570318,0.0,67.0,0.0,SP,1993.0,1,31.0,1,Moben,8.605546482223911,12.627391107915264,0.69,PIT,0.0,0.0,True,-34.0,-34.0,0,1,0,0,0,0
2024,19238,2023,7,2,0,7.593184429738005,592.0,0.0,0.0,OF,1993.0,1,31.0,0,Spehr's Army,6.165278322795638,25.007054237031518,0.85,HIT,9.117751333715432,21.351828282677698,True,14.351828282677698,2.1177513337154323,1,0,0,1,1,0
2024,13613,2023,20,2,0,9.403117119673356,650.0,0.0,0.0,MI,1993.0,1,31.0,0,New York Polar Bears,11.143895199476637,29.21054697486963,0.85,HIT,22.077831159603605,36.46356455590212,True,16.463564555902117,2.0778311596036048,1,0,0,1,1,0
2024,19251,2023,32,2,1,9.816516921048455,658.0,0.0,0.0,CI,1994.0,1,30.0,0,Producers,24.79555460057321,40.736770537226654,0.87,HIT,12.32078469297007,25.086635170418372,True,-6.913364829581628,-19.679215307029928,0,1,0,1,1,0
2024,13621,2023,1,2,1,7.293301817096172,576.0,0.0,0.0,CI,1993.0,1,31.0,0,Moben,1.4073079314369952,20.98985538796926,0.85,HIT,0.0,7.647598121495607,True,6.647598121495607,-1.0,1,1,1,1,1,1
2024,27475,2023,17,2,0,5.908451132238069,465.0,0.0,0.0,OF,2002.0,1,22.0,0,All-Stars,0.8137287361234166,20.48869092831399,0.66,HIT,0.0,0.0,True,-17.0,-17.0,0,0,0,1,0,0
2024,16252,2023,45,2,0,10.74098777875528,691.0,0.0,0.0,UNKNOWN,1993.0,1,31.0,0,Moben,29.396577687316576,44.62145731084409,0.87,HIT,15.521489092911123,28.81872644070833,True,-16.18127355929167,-29.478510907088875,0,0,0,0,0,0
2024,12161,2023,22,2,0,8.919884065593115,665.0,0.0,0.0,MI,1992.0,1,32.0,0,New York Polar Bears,15.530833782266765,32.91448020188136,0.86,HIT,0.0,10.195865465103482,True,-11.804134534896518,-22.0,0,0,0,1,1,0
2024,14212,2023,23,2,1,12.46522475148478,0.0,56.333333333333336,33.0,UNKNOWN,1994.0,1,30.0,1,Micks,8.121476400958873,12.218686216254913,0.53,PIT,21.908817107482296,37.67448655783657,True,14.674486557836573,-1.091182892517704,1,1,0,0,0,0
2024,18314,2023,23,2,0,7.544871630521282,638.0,0.0,0.0,UNKNOWN,1994.0,1,30.0,0,Block Bombers,14.79443692795691,32.29273345857263,0.87,HIT,6.891572555708207,18.756055182338113,True,-4.2439448176618875,-16.10842744429179,0,0,0,1,1,0
2024,14221,2023,6,2,1,8.101409121782858,580.0,0.0,0.0,UTIL,1992.0,1,32.0,0,Producers,3.8729643103561355,23.07163210216789,0.83,HIT,4.093098710455797,15.492973528126734,True,9.492973528126734,-1.9069012895442032,1,1,0,1,1,0
2024,19352,2023,19,2,0,6.1593901414718175,438.0,0.0,0.0,C,1994.0,1,30.0,0,Pookie 2.0,0.0,19.152450203931433,0.83,HIT,0.0,0.0,True,-19.0,-19.0,0,0,0,1,0,0
2024,17312,2023,13,2,1,13.440530806520362,0.0,173.33333333333331,0.0,SP,1995.0,1,29.0,1,Milwaukee Beers,13.018766882969615,16.353514319344335,0.74,PIT,3.701885214224673,16.444806122854203,True,3.444806122854203,-9.298114785775327,1,1,1,1,0,1
2024,30116,2023,17,2,0,8.23339502076462,583.0,0.0,0.0,OF,1994.0,1,30.0,0,Pookie 2.0,8.488603135110907,26.968659079924524,0.8,HIT,13.21884046425797,26.133787823540235,True,9.133787823540235,-3.781159535742029,1,0,0,1,1,0
2024,13743,2023,30,2,0,7.502511118211235,0.0,77.66666666666667,0.0,SP,1994.0,1,30.0,1,Producers,9.313239941178873,13.22490330638671,0.72,PIT,9.875227304751077,23.643057896742306,True,-6.356942103257694,-20.12477269524892,0,0,0,0,0,0
2024,11737,2023,23,2,0,10.136868548055652,671.0,0.0,0.0,OF,1992.0,1,32.0,0,Moben,18.30143575424407,35.253725329016056,0.86,HIT,9.835201805829136,22.18839121047892,True,-0.8116087895210811,-13.164798194170864,0,0,0,1,1,0
2024,16376,2023,18,2,0,5.0073101004928855,470.0,0.0,0.0,OF,1993.0,1,31.0,0,Moben,0.0,14.043860972888776,0.76,HIT,0.0,10.54340561835937,True,-7.456594381640629,-18.0,0,0,0,0,0,0
2024,8700,2023,30,2,0,11.500377808649688,0.0,162.33333333333331,0.0,SP,1983.0,1,41.0,1,Pookie 2.0,19.219500602817277,21.58885172454424,0.74,PIT,0.0,0.0,True,-30.0,-30.0,0,0,0,0,0,0
2024,15873,2022,19,1,1,4.975428160956014,0.0,117.66666666666669,1.0,SP,1992.0,1,32.0,1,Who's On First,0.0,3.5173993939494532,0.75,PIT,14.295895683576436,28.797653824365245,True,9.797653824365245,-4.704104316423564,1,1,0,0,0,0
2024,9218,2022,36,1,0,9.160227349757106,687.0,0.0,0.0,CI,1987.0,1,37.0,0,Producers,23.847217899922278,39.93608100176896,0.87,HIT,5.627172627070761,17.281737236604055,True,-18.718262763395945,-30.372827372929237,0,0,0,1,1,0
2024,14854,2022,13,1,1,4.195772801635617,381.0,0.0,0.0,OF,1990.0,1,34.0,0,Milwaukee Beers,0.0,15.68134395992916,0.83,HIT,0.0,6.730139229856911,True,-6.269860770143089,-13.0,0,1,0,1,0,0
2024,12304,2022,20,1,0,12.390582597606516,0.0,200.0,0.0,SP,1989.0,1,35.0,1,Producers,17.269577796847514,19.942513683826594,0.79,PIT,0.0,0.0,True,-20.0,-20.0,0,0,0,0,0,0
2024,3096,2022,29,1,0,8.059344695824516,0.0,44.66666666666668,29.0,UNKNOWN,1987.0,1,37.0,1,Producers,3.3937323004318998,8.227007706907452,0.53,PIT,8.667935369342935,22.235329119004763,True,-6.7646708809952365,-20.332064630657065,0,0,0,0,0,0
2024,16939,2022,1,1,1,10.018235553653836,682.0,1.0,0.0,OF,1995.0,1,29.0,0,Who's On First,14.64323273394249,32.16507034505866,0.84,HIT,7.055066008430822,18.946692120777936,True,17.946692120777936,6.055066008430822,1,1,1,1,1,1
2024,10310,2022,29,1,1,13.121686119949707,0.0,192.0,0.0,UNKNOWN,1990.0,1,34.0,1,Producers,20.252448299455885,22.460979114326765,0.79,PIT,41.779321333411346,60.84392868414329,True,31.843928684143293,12.779321333411346,1,1,0,0,0,0
2024,17479,2022,15,1,1,0.5900816285728077,0.0,144.33333333333331,0.0,UNKNOWN,1995.0,1,29.0,1,Block Bombers,0.0,1.3728195073000677,0.68,PIT,19.531854836403916,34.902896609741525,True,19.902896609741525,4.531854836403916,1,1,0,0,0,0
2024,16478,2022,30,1,1,8.732815465651807,720.0,0.0,0.0,UTIL,1993.0,1,31.0,0,Micks,23.021443097645204,39.23887162204753,0.87,HIT,19.70483213698224,33.69659584211058,True,3.6965958421105825,-10.29516786301776,1,1,0,1,1,0
2024,13419,2022,1,1,1,10.052101541902928,661.0,0.0,0.0,CI,1991.0,1,33.0,0,Who's On First,14.604800742525393,32.132621855684214,0.86,HIT,8.21344197463577,20.29738380954082,True,19.29738380954082,7.213441974635771,1,1,1,1,1,1
2024,5235,2022,20,1,0,9.12929866085557,626.0,0.0,0.0,UTIL,1984.0,1,40.0,0,All-Stars,11.196960063455899,29.25535013524454,0.86,HIT,0.0,8.953964321184095,True,-11.046035678815905,-20.0,0,0,0,1,1,0
2024,12916,2022,28,1,0,11.72466440509162,687.0,0.0,0.0,MI,1993.0,1,31.0,0,Pookie 2.0,24.157342181585026,40.19792182987174,0.87,HIT,25.875843785215743,40.89213026936168,True,12.89213026936168,-2.124156214784257,1,0,0,1,1,0
2024,12927,2022,10,1,1,8.309723934953974,682.0,0.0,0.0,UNKNOWN,1993.0,1,31.0,0,All-Stars,10.033580059891387,28.27309753026209,0.86,HIT,9.35852977971367,21.632581212064284,True,11.632581212064284,-0.6414702202863296,1,1,1,1,1,1
2024,22182,2022,13,1,1,2.0823303131778688,0.0,112.0,0.0,UNKNOWN,1999.0,1,25.0,1,Micks,0.4078090780835769,5.705964836613181,0.68,PIT,18.56001304695811,33.76970784711776,True,20.769707847117758,5.560013046958112,1,1,0,0,0,0
2024,21711,2022,8,1,1,0.6531773487254978,40.0,0.0,0.0,UNKNOWN,1998.0,1,26.0,0,Pookie 2.0,0.0,8.310181070316222,0.58,HIT,11.61497835374483,24.263649556006012,True,16.263649556006012,3.6149783537448297,1,1,0,1,0,0
2024,16137,2022,26,1,0,-1.6922901138238533,0.0,64.33333333333331,0.0,UNKNOWN,1992.0,1,32.0,1,All-Stars,2.792844529499657,7.719672548582664,0.7,PIT,6.865120482808651,20.13320756722782,True,-5.866792432772179,-19.13487951719135,0,0,0,0,0,0
2024,26378,2022,6,1,1,-0.9841376717679272,0.0,34.333333333333336,0.0,SP,1998.0,1,26.0,1,New York Polar Bears,0.0,0.0,0.53,PIT,0.0,0.0,True,-6.0,-6.0,0,1,0,0,0,0
2024,13074,2022,26,1,0,4.4561248238960065,0.0,136.33333333333331,0.0,SP,1986.0,1,38.0,1,Spehr's Army,7.433592648295243,11.637899537862012,0.77,PIT,0.0,9.264657053979555,True,-16.735342946020445,-26.0,0,0,0,0,0,0
2024,10231,2022,1,1,1,0.0,0.0,0.0,0.0,MI,1990.0,0,34.0,0,Milwaukee Beers,0.0,0.0,,,0.0,6.364937711200646,False,5.364937711200646,-1.0,1,1,0,0,0,0
2024,19291,2022,15,1,1,14.84077201195741,0.0,210.0,0.0,SP,1995.0,1,29.0,1,All-Stars,23.320697769433583,25.051530804563463,0.79,PIT,3.7251689148469085,16.471955426561816,True,1.4719554265618164,-11.274831085153092,1,1,1,1,1,1
2024,13774,2022,5,1,0,14.273946457546522,0.0,177.66666666666663,0.0,SP,1994.0,1,30.0,1,New York Polar Bears,14.637671493498946,17.720370605371567,0.73,PIT,2.6561433363060414,15.225448242248726,True,10.225448242248726,-2.3438566636939586,1,0,1,1,1,1
2024,11739,2022,18,1,1,7.23675965507849,540.0,0.0,0.0,C,1991.0,1,33.0,0,Who's On First,11.373592659305864,29.404482685973328,0.85,HIT,0.0,8.663659716983483,True,-9.336340283016517,-18.0,0,1,0,1,1,0
2024,18401,2022,40,1,1,20.69180659021709,735.0,0.0,0.0,OF,1997.0,1,27.0,0,Pookie 2.0,50.5536814497654,62.484597661267856,0.85,HIT,0.0,0.7044618206206653,True,-39.295538179379335,-40.0,0,1,1,1,1,1
2024,17919,2022,7,1,1,8.228772033749062,691.0,0.0,0.0,UNKNOWN,1994.0,1,30.0,0,New York Polar Bears,11.533803866225936,29.53975050462455,0.86,HIT,11.827756638012696,24.511753684971506,True,17.511753684971506,4.827756638012696,1,1,1,1,1,1
2025,24064,2024,3,2,1,7.5951489926995714,695.0,0.0,0.0,UNKNOWN,2001.0,1,24.0,0,New York Polar Bears,13.981308643830348,21.671019326093607,0.83,HIT,0.0,2.45923472513699,True,-0.5407652748630101,-3.0,0,1,1,1,1,1
2025,9218,2024,18,2,0,6.004771170678836,654.0,0.0,0.0,CI,1987.0,1,38.0,0,Producers,12.875064318084446,20.834283534072448,0.87,HIT,1.3702937365732204,13.562956855337188,True,-4.4370431446628125,-16.62970626342678,0,0,0,1,0,0
2025,17929,2024,7,2,0,6.324460997869627,499.0,0.0,0.0,OF,1994.0,1,31.0,0,Milwaukee Beers,7.362579221556235,16.6647764225776,0.84,HIT,0.8355933269742116,12.755997396208546,True,5.755997396208546,-6.1644066730257885,1,0,1,1,1,1
2025,19470,2024,7,2,0,1.8472895196006345,153.0,0.0,0.0,OF,1995.0,1,30.0,0,New York Polar Bears,0.0,4.932055517577072,0.8,HIT,0.0,3.6725124046242508,True,-3.3274875953757492,-7.0,0,0,0,0,0,0
2025,21523,2024,2,2,0,5.913484345862907,637.0,0.0,0.0,MI,1996.0,1,29.0,0,Milwaukee Beers,5.433066188365741,15.20534058325413,0.85,HIT,0.0,2.488671558612402,True,0.4886715586124022,-2.0,1,0,1,1,1,1
2025,3096,2024,6,2,1,6.9838956725363515,0.0,54.66666666666668,27.0,UNKNOWN,1987.0,1,38.0,1,Lisbon Long Balls,2.42213898080633,11.559803881794382,0.52,PIT,17.43668007849857,38.24327263467581,True,32.24327263467581,11.436680078498568,1,1,0,1,0,0
2025,21029,2024,11,2,0,6.326429130876836,0.0,54.333333333333336,23.0,RP,1998.0,1,27.0,1,Pookie 2.0,0.9645532648783933,10.457322169507773,0.55,PIT,24.488828646825574,48.88623810137467,True,37.88623810137467,13.488828646825574,1,0,0,0,0,0
2025,14374,2024,22,2,1,7.889574932035608,0.0,134.0,0.0,UNKNOWN,1993.0,1,32.0,1,Phenoms,16.880331803142216,22.49562261626318,0.68,PIT,0.0,10.341342190900045,True,-11.658657809099955,-22.0,0,1,0,1,0,0
2025,33829,2024,4,2,1,11.021401323609751,0.0,173.33333333333331,0.0,UNKNOWN,1993.0,1,32.0,1,Lisbon Long Balls,20.750651714649475,25.423036679469085,0.63,PIT,6.888916159398754,22.324792464524904,True,18.324792464524904,2.888916159398754,1,1,1,1,1,1
2025,9777,2024,12,2,0,6.074060397213206,635.0,0.0,0.0,CI,1991.0,1,34.0,0,Pookie 2.0,10.931466945658347,19.36419464960233,0.86,HIT,0.0,4.721432737794106,True,-7.278567262205894,-12.0,0,0,0,1,1,0
2025,33333,2024,16,2,1,6.653560820648505,557.0,0.0,0.0,UNKNOWN,2001.0,1,24.0,0,Producers,6.357079331752004,15.904241225160659,0.7,HIT,6.575338458133611,21.418309119609233,True,5.4183091196092334,-9.424661541866389,1,1,0,0,0,0
2025,12856,2024,13,2,1,5.146817178063286,614.0,0.0,0.0,UNKNOWN,1989.0,1,36.0,0,Milwaukee Beers,7.416463058843995,16.70553282170282,0.86,HIT,22.371865616576567,45.25812069081708,True,32.25812069081708,9.371865616576567,1,1,0,1,0,0
2025,17995,2024,26,2,0,6.598532818001484,0.0,204.66666666666663,0.0,UNKNOWN,1996.0,1,29.0,1,Phenoms,19.917130439835205,24.792581844296983,0.81,PIT,18.292628211703096,39.53505291053325,True,13.535052910533253,-7.7073717882969035,1,0,0,0,0,0
2025,20043,2024,26,2,0,4.168042806712311,425.0,0.0,0.0,UNKNOWN,1997.0,1,28.0,0,New York Polar Bears,8.141610515557831,17.254016386684242,0.83,HIT,2.1012911267037815,14.666163899832593,True,-11.333836100167407,-23.89870887329622,0,0,0,0,0,0
2025,17998,2024,4,2,0,5.113078326151187,0.0,45.333333333333336,23.0,RP,1993.0,1,32.0,1,Moben,0.0,6.971328503687374,0.46,PIT,12.782730026338768,31.21962172758373,True,27.21962172758373,8.782730026338768,1,0,0,1,0,0
2025,18525,2024,17,2,1,9.774205553294756,0.0,189.33333333333331,0.0,UNKNOWN,1995.0,1,30.0,1,McBlocks,20.822809902105515,25.477615344169696,0.79,PIT,0.0,0.0,True,-17.0,-17.0,0,1,1,1,1,1
2025,15454,2024,1,2,1,4.169101834401489,0.0,145.66666666666663,0.0,UNKNOWN,1993.0,1,32.0,1,New York Polar Bears,3.7838408589837376,12.589761435488702,0.76,PIT,28.64418693907859,55.15742402120012,True,54.15742402120012,27.64418693907859,1,1,1,1,1,1
2025,19556,2024,31,2,0,9.86016033929488,635.0,0.0,0.0,UTIL,1997.0,1,28.0,0,Producers,28.833187815327104,32.9046126583674,0.85,HIT,0.0,0.0,True,-31.0,-31.0,0,0,0,1,0,0
2025,31349,2024,1,2,1,0.5147385607693598,155.0,0.0,0.0,UNKNOWN,2001.0,1,24.0,0,Spehr's Army,0.0,0.0,0.39,HIT,0.0,7.838760295425489,True,6.838760295425489,-1.0,1,1,0,0,0,0
2025,17548,2024,1,2,0,6.3212784668068265,663.0,0.0,0.0,OF,1993.0,1,32.0,0,Moben,7.854084755505195,17.036539027510525,0.85,HIT,10.334361505710259,27.091353596233798,True,26.091353596233798,9.334361505710259,1,0,1,1,1,1
2025,23697,2024,36,2,0,7.795254108452787,613.0,0.0,0.0,UNKNOWN,2000.0,1,25.0,0,New York Polar Bears,26.886541409951107,31.432217560937936,0.86,HIT,21.600307878545813,44.09370075810235,True,8.09370075810235,-14.399692121454187,1,0,0,0,0,0
2025,19611,2024,37,2,0,10.760524308015222,697.0,0.0,0.0,CI,1999.0,1,26.0,0,Lisbon Long Balls,24.700048269103952,29.778408336902373,0.87,HIT,14.791511489691361,33.817997667866265,True,-3.1820023321337345,-22.20848851030864,0,0,0,0,0,0
2025,19612,2024,21,2,0,1.873021036458572,336.0,0.0,0.0,MI,1998.0,1,27.0,0,New York Polar Bears,0.0,10.478616028473866,0.84,HIT,14.101286154457068,32.7763230156713,True,11.776323015671302,-6.898713845542932,1,0,0,0,0,0
2025,26289,2024,29,2,1,11.197236460659614,719.0,0.0,0.0,UNKNOWN,2001.0,1,24.0,0,New York Polar Bears,29.598802138897206,33.48370435855146,0.84,HIT,12.924272245991714,30.999996515988272,True,1.999996515988272,-16.075727754008284,1,1,1,1,0,1
2025,17085,2024,24,2,0,6.284592808294841,0.0,185.33333333333331,0.0,SP,1996.0,1,29.0,1,Phenoms,18.348974366042054,23.6064674535783,0.8,PIT,0.0,10.677233326693626,True,-13.322766673306374,-24.0,0,0,0,0,0,0
2025,16578,2024,7,2,1,5.483346701313469,621.0,0.0,0.0,UNKNOWN,1991.0,1,34.0,0,Lisbon Long Balls,8.508392657827455,17.531441309161707,0.86,HIT,13.4709614287054,31.825049198339784,True,24.825049198339784,6.470961428705399,1,1,1,1,1,1
2025,13510,2024,30,2,0,13.017305652898552,682.0,0.0,0.0,UNKNOWN,1992.0,1,33.0,0,All-Stars,32.56479839926094,35.72711042381999,0.87,HIT,24.805864606231196,48.9314646287511,True,18.9314646287511,-5.1941353937688035,1,0,1,1,0,1
2025,11477,2024,18,2,0,5.587776901925642,315.0,0.0,0.0,UNKNOWN,1991.0,1,34.0,0,All-Stars,3.8530445966261437,14.010251408823027,0.84,HIT,15.936814831830668,35.54646719756807,True,17.54646719756807,-2.0631851681693316,1,0,0,0,0,0
2025,13543,2024,16,2,1,5.8527593536886755,0.0,104.0,0.0,UNKNOWN,1992.0,1,33.0,1,All-Stars,14.69470169422626,20.84246616819192,0.73,PIT,0.0,7.3322249786529685,True,-8.667775021347031,-16.0,0,1,0,1,0,0
2025,12533,2024,23,2,0,6.780840967580868,718.0,0.0,0.0,UNKNOWN,1990.0,1,35.0,0,Spehr's Army,16.07989268656815,23.25833628696407,0.88,HIT,0.0,11.269111344554677,True,-11.730888655445323,-23.0,0,0,0,1,0,0
2025,18679,2024,17,2,0,6.213235114107515,0.0,173.66666666666663,0.0,SP,1996.0,1,29.0,1,Milwaukee Beers,16.998132227026097,22.584723937449574,0.76,PIT,32.04094520157041,60.283745529625286,True,43.283745529625286,15.040945201570409,1,0,0,1,0,0
2025,16122,2024,1,2,0,0.7733574283489149,0.0,13.666666666666664,8.0,RP,1993.0,1,32.0,1,Spehr's Army,0.0,2.204205820446256,0.44,PIT,0.0,0.0,True,-1.0,-1.0,0,0,0,1,0,0
2025,16137,2024,10,2,0,6.568391374626763,0.0,175.0,0.0,UNKNOWN,1992.0,1,33.0,1,Pookie 2.0,10.911273117000556,17.98077455681494,0.74,PIT,30.776265833662375,58.37511602349948,True,48.37511602349948,20.776265833662375,1,0,1,1,1,1
2025,16149,2024,18,2,0,7.399872943400896,0.0,199.33333333333331,0.0,UNKNOWN,1993.0,1,32.0,1,Milwaukee Beers,18.457437862236592,23.688506554056875,0.8,PIT,0.0,0.0,True,-18.0,-18.0,0,0,1,1,0,1
2025,12564,2024,2,2,1,1.0703102195947256,106.0,0.0,0.0,UNKNOWN,1992.0,1,33.0,0,Phenoms,0.0,0.0,0.67,HIT,17.92584890132337,38.548278731825114,True,36.548278731825114,15.92584890132337,1,1,0,0,0,0
2025,25880,2024,4,2,0,5.681664058296434,0.0,170.0,0.0,SP,1998.0,1,27.0,1,Moben,9.710573283592323,17.072594959682004,0.75,PIT,32.44859501073999,60.89896269350979,True,56.89896269350979,28.448595010739993,1,0,1,1,1,1
2025,14107,2024,27,2,0,5.751493608102676,0.0,181.0,0.0,SP,1991.0,1,34.0,1,Milwaukee Beers,16.439561839812953,22.16223513957102,0.79,PIT,13.541466265854291,32.364691704096195,True,5.364691704096195,-13.458533734145709,1,0,0,0,0,0
2025,5417,2024,19,2,0,8.899308549749707,682.0,0.0,0.0,UNKNOWN,1990.0,1,35.0,0,McBlocks,21.58696929407008,27.42375255139763,0.85,HIT,10.292807344719733,27.028640864626567,True,8.028640864626567,-8.707192655280267,1,0,1,1,1,1
2025,13611,2024,35,2,1,7.744569241002913,516.0,0.0,0.0,UNKNOWN,1992.0,1,33.0,0,Lisbon Long Balls,21.81450214685942,27.59585276231727,0.86,HIT,9.615332310415313,26.006208718622716,True,-8.993791281377284,-25.38466768958469,0,1,0,0,0,0
2025,13624,2024,30,2,1,7.173275190167715,533.0,0.0,0.0,UNKNOWN,1994.0,1,31.0,0,Lisbon Long Balls,16.141824392746944,23.30517989466872,0.85,HIT,2.2570675267419906,14.901258613177047,True,-15.098741386822953,-27.74293247325801,0,1,0,0,0,0
2025,13125,2024,13,2,1,4.6922444919577515,0.0,95.0,0.0,UNKNOWN,1990.0,1,35.0,1,Pookie 2.0,14.30675931527366,20.549036167100066,0.75,PIT,0.0,0.0,True,-13.0,-13.0,0,1,1,1,1,1
2025,15689,2024,28,2,0,6.2820513929418,1.0,175.33333333333331,0.0,UNKNOWN,1992.0,1,33.0,1,Spehr's Army,17.778489519931572,23.174966854264973,0.78,PIT,7.555565511257227,23.330886701122946,True,-4.669113298877054,-20.444434488742772,0,0,0,0,0,0
2025,27465,2024,17,2,0,2.486632950133429,381.0,0.0,0.0,UNKNOWN,1999.0,1,26.0,0,McBlocks,0.0,6.260754348330372,0.83,HIT,6.9696103953417055,22.013336659306923,True,5.013336659306923,-10.030389604658295,1,0,0,0,0,0
2025,13649,2024,8,2,0,6.515932500817073,0.0,63.0,30.0,RP,1993.0,1,32.0,1,Lisbon Long Balls,2.0193766816903613,11.255164460371967,0.57,PIT,1.1142251383653985,13.609741083766178,True,5.609741083766178,-6.8857748616346015,1,0,0,1,0,0
2025,14161,2024,1,2,0,5.731975850270479,388.0,0.0,0.0,OF,1993.0,1,32.0,0,Producers,3.4840110386804404,13.731123571324849,0.79,HIT,18.03829833140068,38.71798522474244,True,37.71798522474244,17.03829833140068,1,0,1,1,1,1
2025,19287,2024,21,2,0,6.079781337010454,637.0,0.0,0.0,OF,1993.0,1,32.0,0,All-Stars,15.458469881609151,22.78830747796947,0.86,HIT,1.9625409422770863,14.45676481995732,True,-6.5432351800426805,-19.037459057722913,0,0,0,1,0,0
2025,19290,2024,20,2,0,5.561281626604594,648.0,0.0,0.0,OF,1995.0,1,30.0,0,McBlocks,11.75283249086875,19.985455192156632,0.87,HIT,13.296540863537759,31.561817073580155,True,11.561817073580155,-6.703459136462241,1,0,0,0,0,0
2025,25436,2024,25,2,0,8.732488123254887,0.0,191.0,0.0,UNKNOWN,1998.0,1,27.0,1,Pookie 2.0,25.188970183721864,28.78007077495012,0.79,PIT,0.0,9.205229777080941,True,-15.794770222919059,-25.0,0,0,1,1,0,1
2025,7005,2024,1,2,0,1.7745518302656484,0.0,56.66666666666668,4.0,RP,1988.0,1,37.0,1,Lisbon Long Balls,0.0,5.4226157133708215,0.55,PIT,0.0,0.0,True,-1.0,-1.0,0,0,0,1,0,0
2025,14710,2024,17,2,0,6.74649779727066,0.0,53.66666666666668,20.0,RP,1994.0,1,31.0,1,Milwaukee Beers,0.0,8.418818471255797,0.42,PIT,27.923126554381632,54.069213712046796,True,37.069213712046796,10.923126554381632,1,0,0,0,0,0
2025,16252,2024,26,2,0,8.285166704985462,539.0,0.0,0.0,UNKNOWN,1993.0,1,32.0,0,McBlocks,18.492651181944083,25.083287017647297,0.86,HIT,18.68906772249684,39.70011373339697,True,13.700113733396968,-7.310932277503159,1,0,0,0,0,0
2025,19326,2024,13,2,1,7.874731289173901,692.0,0.0,0.0,UNKNOWN,1995.0,1,30.0,0,Moben,14.940397431749993,22.396450316248025,0.87,HIT,1.6338281361065077,13.960677845804831,True,0.9606778458048311,-11.366171863893491,1,1,1,1,1,1
2025,12161,2024,7,2,0,4.604181288991951,463.0,0.0,0.0,MI,1992.0,1,33.0,0,Pookie 2.0,3.6768622189846702,13.876991424690129,0.85,HIT,3.349971289252487,16.550647716388166,True,9.550647716388166,-3.650028710747513,1,0,0,1,0,0
2025,18314,2024,4,2,0,6.296184120810056,593.0,0.0,0.0,UNKNOWN,1994.0,1,31.0,0,Phenoms,10.205030192047005,18.814735892400186,0.86,HIT,9.669773366535798,26.088370101731297,True,22.088370101731297,5.669773366535798,1,0,1,1,1,1
2025,21390,2024,16,2,0,6.397690967109118,0.0,135.0,0.0,SP,1996.0,1,29.0,1,Producers,12.968302860221302,19.536660875367897,0.75,PIT,19.864756412700658,41.90767821618671,True,25.90767821618671,3.8647564127006575,1,0,0,1,0,0
2025,17295,2024,23,2,0,10.031376568550238,0.0,176.33333333333331,0.0,UNKNOWN,1993.0,1,32.0,1,Pookie 2.0,23.529655857032335,27.525006540908993,0.79,PIT,7.231450427460767,22.84173852015938,True,-0.15826147984061834,-15.768549572539232,0,0,1,1,0,1
2025,26517,2024,1,2,1,1.4933905249722863,242.0,0.0,0.0,UNKNOWN,2001.0,1,24.0,0,Moben,0.0,2.343008493714992,0.59,HIT,0.0,10.403375945159514,True,9.403375945159514,-1.0,1,1,0,1,0,0
2025,10155,2024,20,2,0,1.7597525264935523,126.0,0.0,0.0,UNKNOWN,1991.0,1,34.0,0,Milwaukee Beers,0.0,6.058693283283052,0.75,HIT,2.473913970650508,15.228519049019269,True,-4.771480950980731,-17.526086029349493,0,0,0,0,0,0
2025,24492,2024,18,2,0,5.064689224481652,0.0,116.66666666666669,0.0,SP,1999.0,1,26.0,1,All-Stars,7.114832683288413,15.109241099663514,0.68,PIT,0.0,0.0,True,-18.0,-18.0,0,0,0,0,0,0
2025,13743,2024,19,2,0,7.262146640919472,0.0,174.33333333333331,0.0,SP,1994.0,1,31.0,1,McBlocks,18.973832465856212,24.079094634464674,0.74,PIT,31.18542294744264,58.99260798218784,True,39.99260798218784,12.185422947442639,1,0,0,1,0,0
2025,30134,2024,17,2,1,7.889838982238475,0.0,173.66666666666663,0.0,UNKNOWN,1999.0,1,26.0,1,Producers,21.687267538031495,26.131469676193095,0.73,PIT,0.0,9.185894096959274,True,-7.814105903040726,-17.0,0,1,1,1,1,1
2025,18360,2024,28,2,0,5.039339987415567,469.0,0.0,0.0,UNKNOWN,1997.0,1,28.0,0,New York Polar Bears,11.346717789908176,19.678280097061286,0.86,HIT,0.0,10.518303392802922,True,-17.48169660719708,-28.0,0,0,0,0,0,0
2025,17338,2024,1,2,0,6.1306585695248375,635.0,1.3333333333333337,0.0,OF,1997.0,1,28.0,0,Lisbon Long Balls,6.644895041149149,16.12193789483277,0.83,HIT,0.0,3.9438991783072,True,2.9438991783072,-1.0,1,0,1,1,1,1
2025,13774,2024,15,2,0,5.59832611321934,0.0,165.33333333333331,0.0,SP,1994.0,1,31.0,1,New York Polar Bears,16.16221649511948,21.95245799427448,0.76,PIT,0.0,0.0,True,-15.0,-15.0,0,0,1,1,1,1
2025,20437,2024,27,2,0,3.4165009230331194,325.0,0.0,0.0,CI,1999.0,1,26.0,0,Moben,2.0912388657882506,12.677665216721133,0.69,HIT,0.0,6.338081318606581,True,-20.66191868139342,-27.0,0,0,0,0,0,0
2025,11737,2024,9,2,0,6.9746179489380715,659.0,0.0,0.0,OF,1992.0,1,33.0,0,New York Polar Bears,11.865869674480352,20.07095371644811,0.86,HIT,3.1044523690066987,16.180115336889955,True,7.180115336889955,-5.895547630993301,1,0,1,1,1,1
2025,23003,2024,5,2,1,7.290578642368166,619.0,0.0,0.0,UNKNOWN,1998.0,1,27.0,0,Milwaukee Beers,13.864914140646338,21.582981408481768,0.79,HIT,1.8745133204567415,14.323915245097638,True,9.323915245097638,-3.1254866795432585,1,1,1,1,1,1
2025,12768,2024,11,2,0,7.709509764976835,0.0,166.33333333333331,0.0,SP,1989.0,1,36.0,1,Spehr's Army,17.887035913428576,23.2570686562087,0.77,PIT,3.0729650930341026,16.565833329101253,True,5.5658333291012525,-7.927034906965897,1,0,1,1,1,1
2025,19950,2024,15,2,0,6.123929849577001,633.0,0.0,0.0,MI,1998.0,1,27.0,0,Moben,11.501578171609275,19.79541265188637,0.86,HIT,0.0,0.0,True,-15.0,-15.0,0,0,0,1,0,0
2025,19953,2024,9,2,0,4.054844341307851,387.0,0.0,0.0,OF,1998.0,1,27.0,0,All-Stars,5.637799357975188,15.360195678859396,0.79,HIT,0.0,6.473438991798992,True,-2.526561008201008,-9.0,0,0,0,1,0,0
2025,14344,2023,30,1,0,7.1534309756175976,685.0,0.0,0.0,UNKNOWN,1994.0,1,31.0,0,Spehr's Army,21.709131931252074,27.5161533426143,0.88,HIT,14.361290611675692,33.1687166858492,True,3.1687166858491977,-15.638709388324308,1,0,0,0,0,0
2025,21524,2023,3,1,0,3.59282341838594,282.0,0.0,0.0,C,1996.0,1,29.0,0,All-Stars,0.0,2.7332050601946047,0.69,HIT,0.0,0.0,True,-3.0,-3.0,0,0,0,0,0,0
2025,15986,2023,26,1,0,9.57954029450125,688.0,0.0,0.0,UNKNOWN,1995.0,1,30.0,0,New York Polar Bears,16.193826997535886,23.344513376154282,0.87,HIT,9.11121837636062,25.245409773529218,True,-0.754590226470782,-16.88878162363938,0,0,0,0,0,0
2025,15998,2023,8,1,1,6.686462015382638,569.0,0.0,0.0,UNKNOWN,1995.0,1,30.0,0,Moben,14.768865519842498,22.266707829144153,0.85,HIT,15.922963372262815,35.525562844176235,True,27.525562844176235,7.922963372262815,1,1,1,1,1,1
2025,18568,2023,10,1,0,6.703400263578915,672.0,0.0,0.0,CI,1997.0,1,28.0,0,Block Bombers,12.909037491066098,20.859980000161084,0.86,HIT,5.715358931403418,20.120444743046786,True,10.120444743046786,-4.284641068596582,1,0,1,1,1,1
2025,22664,2023,3,1,0,3.280104900500985,351.0,0.0,0.0,C,2000.0,1,25.0,0,Milwaukee Beers,0.0,7.505118637978673,0.74,HIT,0.0,5.6047704712516095,True,2.6047704712516095,-3.0,1,0,0,1,0,0
2025,16556,2023,28,1,1,4.244735880211619,435.0,0.0,0.0,UNKNOWN,1997.0,1,28.0,0,Phenoms,7.2112676760407375,16.550328119492757,0.82,HIT,4.24699807724852,17.904423099145088,True,-10.095576900854912,-23.75300192275148,0,1,0,0,0,0
2025,26323,2023,6,1,0,6.895155733085215,656.0,0.0,0.0,OF,1997.0,1,28.0,0,Milwaukee Beers,11.547236370021439,19.829947381621505,0.84,HIT,3.184697589292874,16.3012198627091,True,10.3012198627091,-2.815302410707126,1,0,1,1,1,1
2025,17130,2023,17,1,1,12.021030519746038,0.0,69.33333333333331,34.0,UNKNOWN,1990.0,1,35.0,1,Micks,9.80538104190782,17.144305198458035,0.55,PIT,14.866971609852262,34.36511859037235,True,17.365118590372347,-2.1330283901477376,1,1,0,1,0,0
2025,5361,2023,33,1,0,8.13296706251444,638.0,0.0,0.0,UNKNOWN,1989.0,1,36.0,0,Pookie 2.0,24.87738590825742,29.912542132212184,0.87,HIT,13.906690986879402,32.4826437733171,True,-0.5173562266828995,-19.093309013120596,0,0,0,0,0,0
2025,18684,2023,30,1,0,0.0,0.0,0.0,0.0,UNKNOWN,1995.0,0,30.0,1,Spehr's Army,0.0,1.9029031981766014,0.67,PIT,0.0,0.0,True,-30.0,-30.0,0,0,0,0,0,0
2025,19197,2023,21,1,1,5.912578562591637,544.0,0.0,0.0,UNKNOWN,1995.0,1,30.0,0,Block Bombers,6.8392374528713,16.26893367868548,0.85,HIT,4.525511107669294,18.324749548038543,True,-2.675250451961457,-16.474488892330704,0,1,0,0,0,0
2025,25878,2023,27,1,1,8.691232644439072,684.0,0.0,0.0,UNKNOWN,2000.0,1,25.0,0,Milwaukee Beers,29.728810710286545,33.58203961995735,0.84,HIT,19.531437492686933,40.97140180786972,True,13.971401807869718,-7.468562507313067,1,1,1,1,0,1
2025,16162,2023,34,1,0,0.0,0.0,0.0,0.0,SP,1993.0,0,32.0,1,Moben,0.0,5.015587566667978,0.48,PIT,2.510508162010759,15.716984267657416,True,-18.283015732342584,-31.48949183798924,0,0,0,0,0,0
2025,19251,2023,32,1,0,7.5474834051375,695.0,0.0,0.0,CI,1994.0,1,31.0,0,Producers,20.75250379913751,26.79258353152859,0.87,HIT,18.976759506926584,40.13429257932918,True,8.134292579329177,-13.023240493073416,1,0,0,0,0,0
2025,13621,2023,1,1,0,4.100492036295456,463.0,0.0,0.0,CI,1993.0,1,32.0,0,Moben,0.0,9.208394845291961,0.83,HIT,0.0,0.0,True,-1.0,-1.0,0,0,0,1,1,0
2025,11609,2023,13,1,1,4.029445595748649,358.0,0.0,0.0,UNKNOWN,1992.0,1,33.0,0,Phenoms,0.0,9.231420298917305,0.81,HIT,5.708029656771945,20.109383544315232,True,7.109383544315232,-7.291970343228055,1,1,0,0,0,0
2025,14212,2023,23,1,0,10.035591834689644,0.0,71.0,34.0,UNKNOWN,1994.0,1,31.0,1,Micks,13.45051174882802,19.90139172816204,0.56,PIT,21.96103847450512,45.07134633464469,True,22.071346334644687,-1.03896152549488,1,0,0,0,0,0
2025,14221,2023,6,1,0,5.651205027851009,574.0,0.0,0.0,UTIL,1992.0,1,33.0,0,Producers,5.283097538398907,15.091908013081413,0.84,HIT,0.0,0.0,True,-6.0,-6.0,0,0,0,1,1,0
2025,17312,2023,13,1,0,5.839343783987821,0.0,134.66666666666663,0.0,SP,1995.0,1,30.0,1,Milwaukee Beers,11.413571141808426,18.360700334364026,0.75,PIT,0.0,0.0,True,-13.0,-13.0,0,0,0,1,0,0
2025,13301,2023,20,1,1,3.657940889143771,293.0,0.0,0.0,UNKNOWN,1990.0,1,35.0,0,Phenoms,0.0,8.269134841732114,0.82,HIT,0.023647297204100415,11.530624239086222,True,-8.469375760913778,-19.9763527027959,0,1,0,0,0,0
2026,28163,2025,11,2,1,9.6600624591485,653.0,0.0,0.0,CI,2003.0,1,23.0,0,Wax Kandels,20.48345987054934,25.579137441708344,0.77,HIT,21.743413238428626,41.00839181117305,True,30.00839181117305,10.743413238428626,1,1,1,1,1,1
2026,14344,2025,27,2,0,8.277418202926823,724.0,0.0,0.0,UNKNOWN,1994.0,1,32.0,0,McBlocks,21.29742869528632,26.200864202974167,0.88,HIT,16.770862328768377,33.81266951215077,True,6.812669512150769,-10.229137671231623,1,0,0,0,0,0
2026,22543,2025,9,2,0,-0.3459136833352092,0.0,142.66666666666663,0.0,UNKNOWN,2001.0,1,25.0,1,Lisbon Long Balls,0.0,0.0,0.74,PIT,3.826804175297219,18.471082584249594,True,9.471082584249594,-5.1731958247027805,1,0,0,0,0,0
2026,20503,2025,16,2,0,6.447624311138829,659.0,0.0,0.0,UNKNOWN,1997.0,1,29.0,0,Lisbon Long Balls,14.082404779662694,20.689874942463323,0.87,HIT,7.848936699671524,20.901851630972548,True,4.901851630972548,-8.151063300328476,1,0,0,1,1,0
2026,17432,2025,10,2,0,8.479490260634055,0.0,68.0,33.0,UNKNOWN,1993.0,1,33.0,1,McBlocks,6.5203035298512475,5.53398293453555,0.57,PIT,0.0,5.134246539231706,True,-4.865753460768294,-10.0,0,0,0,0,0,0
2026,21029,2025,4,2,1,10.92402625434486,0.0,70.0,32.0,RP,1998.0,1,28.0,1,The Metropolis,12.016518731818625,9.732109414187086,0.57,PIT,21.46988468068988,44.00218525621266,True,40.00218525621266,17.46988468068988,1,1,1,1,1,1
2026,10310,2025,29,2,0,11.39461461759348,0.0,149.66666666666663,0.0,UNKNOWN,1990.0,1,36.0,1,Wax Kandels,25.971065379780498,20.390889982562843,0.77,PIT,18.30368930327569,39.42041966059864,True,10.42041966059864,-10.69631069672431,1,0,0,0,0,0
2026,17479,2025,10,2,0,2.258996140166007,0.0,161.0,0.0,UNKNOWN,1995.0,1,31.0,1,McBlocks,4.445241798309102,3.949006494933912,0.77,PIT,0.0,0.0,True,-10.0,-10.0,0,0,0,0,0,0
2026,17995,2025,22,2,0,9.34941907792737,0.0,207.0,0.0,UNKNOWN,1996.0,1,30.0,1,Pookie 2.0,18.93145789662721,15.013887537170907,0.81,PIT,0.0,7.3277795288537995,True,-14.6722204711462,-22.0,0,0,0,0,0,0
2026,20043,2025,18,2,0,5.16185030385031,431.0,0.0,0.0,UNKNOWN,1997.0,1,29.0,0,Wax Kandels,4.572900783424751,13.426312824177188,0.82,HIT,0.0,0.0,True,-18.0,-18.0,0,0,0,0,0,0
2026,16478,2025,20,2,1,10.89573263853221,724.0,0.0,0.0,UTIL,1993.0,1,33.0,0,McBlocks,25.408162651700998,29.34073053627383,0.88,HIT,16.74034481698127,33.7685079652774,True,13.7685079652774,-3.2596551830187295,1,1,1,1,1,1
2026,19556,2025,31,2,1,1.9084572925157304,199.0,0.0,0.0,UTIL,1997.0,1,29.0,0,The Metropolis,1.0,10.6972549476417,0.81,HIT,26.648163906270604,48.10600114548277,True,17.10600114548277,-4.351836093729396,1,1,0,0,0,0
2026,15986,2025,17,2,0,6.943245510323485,686.0,0.0,0.0,UNKNOWN,1995.0,1,31.0,0,All-Stars,14.031375685557471,20.65089783124703,0.87,HIT,1.7722220518928413,12.10830644858567,True,-4.891693551414329,-15.227777948107159,0,0,0,1,1,0
2026,31347,2025,1,2,1,7.51829301544641,554.0,0.0,0.0,MI,2001.0,1,25.0,0,Producers,13.64331007259129,20.35448503339072,0.84,HIT,12.832362880025089,28.11331141147214,True,27.11331141147214,11.832362880025089,1,1,1,1,1,1
2026,16505,2025,9,2,0,5.301737039910891,535.0,0.0,0.0,UNKNOWN,1993.0,1,33.0,0,Pookie 2.0,3.9880731352418106,12.979608984234696,0.85,HIT,0.0,0.0,True,-9.0,-9.0,0,0,0,1,1,0
2026,27769,2025,17,2,1,9.27857646682498,647.0,0.0,0.0,OF,2002.0,1,24.0,0,Producers,19.48898799284469,24.819538596021538,0.8,HIT,34.23715609083868,59.087946083143244,True,42.087946083143244,17.23715609083868,1,1,1,1,1,1
2026,12927,2025,9,2,0,7.725787634627093,652.0,0.0,0.0,UNKNOWN,1993.0,1,33.0,0,All-Stars,11.081722316954007,18.39788963242413,0.87,HIT,4.379282250377019,15.88095383741005,True,6.8809538374100505,-4.620717749622981,1,0,1,1,1,1
2026,18568,2025,11,2,1,6.0802739670168755,675.0,0.0,0.0,CI,1997.0,1,29.0,0,New York Polar Bears,9.706874754711219,17.34775172034423,0.87,HIT,10.887283297792886,25.298608701028193,True,14.298608701028193,-0.1127167022071145,1,1,0,1,1,0
2026,23697,2025,34,2,0,10.11703082649724,710.0,0.0,0.0,UNKNOWN,2000.0,1,26.0,0,Spehr's Army,28.517004594677573,31.715330365841922,0.87,HIT,8.626315086558371,22.026787120809864,True,-11.973212879190136,-25.37368491344163,0,0,0,0,0,0
2026,19611,2025,35,2,1,8.386747926692403,680.0,0.0,0.0,CI,1999.0,1,27.0,0,Wax Kandels,22.163098855298212,26.86208154760966,0.87,HIT,2.670511842422353,13.408211465976212,True,-21.591788534023788,-32.32948815757765,0,1,0,0,0,0
2026,20123,2025,36,2,1,11.896322420003568,715.0,0.0,0.0,OF,1998.0,1,28.0,0,The Metropolis,35.115321045393124,36.75526530196921,0.88,HIT,6.945577933910574,19.594611356735225,True,-16.405388643264775,-29.054422066089426,0,1,0,1,0,0
2026,19612,2025,17,2,1,8.211344665034744,628.0,0.0,0.0,MI,1998.0,1,28.0,0,The Metropolis,9.985101891766787,17.56026754596411,0.84,HIT,7.273633443030318,20.069336781406914,True,3.069336781406914,-9.726366556969683,1,1,0,1,0,0
2026,22182,2025,20,2,0,7.956282750326793,0.0,107.66666666666669,0.0,UNKNOWN,1999.0,1,27.0,1,Producers,14.560316227562286,11.675116234940774,0.71,PIT,0.0,0.0,True,-20.0,-20.0,0,0,0,0,0,0
2026,25768,2025,22,2,0,7.507754168310878,635.0,0.0,0.0,UNKNOWN,2000.0,1,26.0,0,McBlocks,16.909577646155753,22.84932991961349,0.86,HIT,24.336273475074947,44.76049059548874,True,22.76049059548874,2.3362734750749468,1,0,0,1,0,0
2026,13510,2025,35,2,0,10.931641761162236,673.0,0.0,0.0,UNKNOWN,1992.0,1,34.0,0,New York Polar Bears,31.76630869335581,34.19721818788691,0.87,HIT,6.793666161706284,19.37478154571996,True,-15.625218454280041,-28.206333838293716,0,0,0,0,0,0
2026,24262,2025,1,2,1,6.32035564809247,587.0,0.0,0.0,OF,2000.0,1,26.0,0,Spehr's Army,9.52055202544026,17.205434442950622,0.82,HIT,13.479884507107178,29.050332649815207,True,28.050332649815207,12.479884507107178,1,1,1,1,1,1
2026,21711,2025,31,2,0,5.604322084324469,544.0,0.0,0.0,UNKNOWN,1998.0,1,28.0,0,Moben,7.77633291202468,15.873162656408644,0.81,HIT,10.402634555405728,24.59727897587378,True,-6.402721024126219,-20.597365444594274,0,0,0,0,0,0
2026,11477,2025,17,2,0,8.677797720931643,644.0,0.0,0.0,UNKNOWN,1991.0,1,35.0,0,The Metropolis,18.814870734539703,24.30463344611634,0.84,HIT,0.9318421659511565,10.892202200528098,True,-6.107797799471902,-16.068157834048844,0,0,1,1,1,1
2026,25816,2025,2,2,1,7.310595452873882,523.0,0.0,0.0,C,1997.0,1,29.0,0,Pookie 2.0,7.33896723340329,15.539093416169655,0.84,HIT,4.291439973059894,15.753838269330142,True,13.753838269330142,2.2914399730598944,1,1,1,1,1,1
2026,18138,2025,13,2,0,3.106136859821099,0.0,56.0,21.0,UNKNOWN,1994.0,1,32.0,1,Moben,5.016763955168153,4.385547316617659,0.54,PIT,0.0,0.0,True,-13.0,-13.0,0,0,0,0,0,0
2026,23772,2025,1,2,1,5.178125015426479,417.0,0.0,0.0,OF,1999.0,1,27.0,0,Lisbon Long Balls,4.8483258541936785,13.636688371761469,0.77,HIT,11.024289723122635,25.496869152809467,True,24.496869152809467,10.024289723122635,1,1,1,1,1,1
2026,11486,2025,5,2,1,6.368959965631017,0.0,182.33333333333331,0.0,SP,1991.0,1,35.0,1,Moben,4.974045898768134,4.352918353387113,0.68,PIT,1.700253572729955,15.393775208438727,True,10.393775208438727,-3.299746427270045,1,1,0,0,0,0
2026,5361,2025,28,2,0,8.1618932390242,627.0,0.0,0.0,UNKNOWN,1989.0,1,37.0,0,Producers,19.924690434554144,25.152337420407918,0.87,HIT,12.57831791353432,27.745685807724048,True,-0.2543141922759524,-15.42168208646568,0,0,0,0,0,0
2026,12533,2025,10,2,0,4.589834754693307,534.0,0.0,0.0,UNKNOWN,1990.0,1,36.0,0,Pookie 2.0,3.693463253498297,12.754579668557293,0.87,HIT,0.0,4.679148039264551,True,-5.320851960735449,-10.0,0,0,0,1,1,0
2026,18679,2025,8,2,1,12.843205120289262,0.0,176.66666666666663,0.0,SP,1996.0,1,30.0,1,Spehr's Army,25.301434020899794,19.87941125838264,0.78,PIT,0.0,0.0,True,-8.0,-8.0,0,1,1,1,1,1
2026,22266,2025,10,2,1,6.068208430853246,619.0,0.0,0.0,MI,1999.0,1,27.0,0,Wax Kandels,8.544435405931365,16.459855735238925,0.79,HIT,7.282855248687723,20.08268155229248,True,10.082681552292481,-2.7171447513122766,1,1,0,1,1,0
2026,18684,2025,10,2,0,0.0501813934447979,0.0,174.66666666666663,0.0,UNKNOWN,1995.0,1,31.0,1,McBlocks,0.0,0.0,0.71,PIT,11.402179891753743,29.43332328458714,True,19.43332328458714,1.4021798917537431,1,0,0,0,0,0
2026,20220,2025,1,2,1,6.9427774918208005,573.0,0.0,0.0,OF,1999.0,1,27.0,0,The Metropolis,10.001039788643968,17.57244125176917,0.8,HIT,5.59232820599324,17.63633894882419,True,16.63633894882419,4.59232820599324,1,1,1,1,1,1
2026,12552,2025,1,2,1,8.736740474546767,657.0,0.0,0.0,CI,1991.0,1,35.0,0,The Metropolis,14.258234407381236,20.824177364931835,0.87,HIT,0.0,6.015911495645709,True,5.015911495645709,-1.0,1,1,1,1,1,1
2026,16137,2025,8,2,0,12.521818937026492,0.0,195.33333333333331,0.0,UNKNOWN,1992.0,1,34.0,1,Wax Kandels,21.389260306839965,16.891209476161237,0.77,PIT,0.0,5.886469122228686,True,-2.113530877771314,-8.0,0,0,1,1,1,1
2026,16149,2025,18,2,0,-1.624416541649855,0.0,94.33333333333331,0.0,UNKNOWN,1993.0,1,33.0,1,McBlocks,0.0,0.0,0.75,PIT,0.0,0.0,True,-18.0,-18.0,0,0,0,0,0,0
2026,25880,2025,10,2,1,12.946798979413828,0.0,185.33333333333331,0.0,SP,1998.0,1,28.0,1,Wax Kandels,21.265651149131763,16.796794163253463,0.78,PIT,0.0,3.6602792852950823,True,-6.339720714704917,-10.0,0,1,1,1,1,1
2026,14107,2025,5,2,1,8.142031780730077,0.0,193.0,0.0,SP,1991.0,1,35.0,1,Pookie 2.0,13.394939630909823,10.784976717219262,0.79,PIT,0.0,5.484069190092746,True,0.48406919009274585,-5.0,1,1,1,1,1,1
2026,16162,2025,1,2,1,5.338793574519698,0.0,64.66666666666667,0.0,SP,1993.0,1,33.0,1,The Metropolis,3.5524175487320764,3.2670482771256557,0.46,PIT,0.0,3.3313396746791817,True,2.3313396746791817,-1.0,1,1,1,1,1,1
2026,5417,2025,20,2,0,7.243516376095958,654.0,0.0,0.0,UNKNOWN,1990.0,1,36.0,0,All-Stars,16.20354129743602,22.310044287184862,0.86,HIT,0.8322106473252309,10.748026554408668,True,-9.251973445591332,-19.16778935267477,0,0,0,1,1,0
2026,25385,2025,1,2,1,9.106484541128436,0.0,150.0,0.0,RP,1995.0,1,31.0,1,Moben,12.031412854072713,9.743485862657238,0.64,PIT,32.813211577377544,60.41698558274598,True,59.41698558274598,31.813211577377544,1,1,1,1,1,1
2026,19251,2025,27,2,1,9.450322553115118,709.0,0.0,0.0,CI,1994.0,1,32.0,0,Producers,19.950798787651085,25.17227953774661,0.87,HIT,19.109616126542047,37.19705373672835,True,10.19705373672835,-7.890383873457953,1,1,0,0,0,0
2026,17722,2025,8,2,0,8.741353357337452,0.0,47.0,30.0,UNKNOWN,1993.0,1,33.0,1,Pookie 2.0,2.9150487354096546,2.7802123738380358,0.48,PIT,19.849416536971948,41.65722409473849,True,33.65722409473849,11.849416536971948,1,0,0,0,0,0
2026,15689,2025,13,2,0,6.620866933950052,0.0,180.66666666666663,0.0,UNKNOWN,1992.0,1,34.0,1,New York Polar Bears,11.895607463725641,9.63975480694978,0.79,PIT,0.0,0.0,True,-13.0,-13.0,0,0,0,0,0,0
2026,27465,2025,1,2,0,6.399010162985387,649.0,0.0,0.0,UNKNOWN,1999.0,1,27.0,0,The Metropolis,5.497144397842175,14.132269823449297,0.85,HIT,0.7773331914309338,10.668614007354588,True,9.668614007354588,-0.22266680856906618,1,0,1,1,1,1
2026,14161,2025,8,2,1,9.211836449051075,542.0,0.0,0.0,OF,1993.0,1,33.0,0,All-Stars,16.24018516409255,22.33803365464495,0.82,HIT,6.140039775852107,18.42892617985874,True,10.428926179858738,-1.8599602241478932,1,1,1,1,1,1
2026,27479,2025,8,2,0,4.599250015614334,537.0,0.0,0.0,UNKNOWN,2002.0,1,24.0,0,The Metropolis,2.2963089330812028,11.687403378479894,0.82,HIT,0.0,5.881479961395725,True,-2.1185200386042746,-8.0,0,0,0,1,1,0
2026,19290,2025,11,2,1,8.006839061393038,709.0,0.0,0.0,OF,1995.0,1,31.0,0,New York Polar Bears,12.620206825188449,19.573016936435216,0.87,HIT,17.947935304627478,35.51599853056489,True,24.515998530564893,6.947935304627478,1,1,1,1,1,1
2026,25436,2025,17,2,0,4.242306322617895,0.0,126.0,0.0,UNKNOWN,1998.0,1,28.0,1,Producers,11.875724183135837,9.62456753285678,0.76,PIT,0.0,0.0,True,-17.0,-17.0,0,0,0,0,0,0
2026,27498,2025,25,2,0,1.0235962081512893,0.0,125.33333333333331,0.0,UNKNOWN,1998.0,1,28.0,1,Pookie 2.0,0.0,0.0,0.67,PIT,0.0,0.0,True,-25.0,-25.0,0,0,0,0,0,0
2026,14710,2025,16,2,1,11.796765957944595,0.0,66.33333333333331,28.0,RP,1994.0,1,32.0,1,Wax Kandels,10.608262392123644,8.65645316482945,0.5,PIT,0.0,0.0,True,-16.0,-16.0,0,1,0,0,0,0
2026,16252,2025,31,2,0,9.377212983290418,639.0,0.0,0.0,UNKNOWN,1993.0,1,33.0,0,McBlocks,20.582324054727646,25.65465201569,0.86,HIT,8.851512138995023,22.352667233720208,True,-8.647332766279792,-22.148487861004977,0,0,0,0,0,0
2026,12161,2025,2,2,1,5.479170694884511,552.0,0.0,0.0,MI,1992.0,1,34.0,0,Moben,2.575915993678813,11.900973219153562,0.85,HIT,0.38742199256234056,10.104377912177243,True,8.104377912177243,-1.6125780074376594,1,1,1,1,1,1
2026,14212,2025,18,2,0,10.28165249844574,0.0,52.66666666666668,28.0,UNKNOWN,1994.0,1,32.0,1,Moben,12.885848699317894,10.396122197894487,0.54,PIT,22.78908826730207,45.91118987730041,True,27.91118987730041,4.78908826730207,1,0,0,0,0,0
2026,18314,2025,5,2,0,7.085188093550499,645.0,0.0,0.0,UNKNOWN,1994.0,1,32.0,0,Moben,8.9683652537313,16.78366240112903,0.86,HIT,7.256039459455341,20.043876726348824,True,15.043876726348824,2.256039459455341,1,0,1,1,1,1
2026,21390,2025,14,2,1,9.748935583802014,0.0,171.0,0.0,SP,1996.0,1,30.0,1,All-Stars,17.91944820353607,14.240892933773798,0.76,PIT,1.6616026283455145,15.337843863051177,True,1.3378438630511766,-12.338397371654485,1,1,1,1,0,1
2026,17295,2025,23,2,0,6.538501306453856,0.0,192.0,0.0,UNKNOWN,1993.0,1,33.0,1,New York Polar Bears,17.15904314309934,13.660079318917926,0.79,PIT,0.0,0.0,True,-23.0,-23.0,0,0,0,0,0,0
2026,29695,2025,5,2,0,4.583015553336502,577.0,0.0,0.0,UNKNOWN,1999.0,1,27.0,0,Pookie 2.0,1.506939068752087,11.08446582820115,0.77,HIT,0.0,4.991920569166748,True,-0.008079430833252133,-5.0,0,0,0,1,1,0
2026,30122,2025,13,2,0,7.505877904340128,0.0,167.66666666666663,0.0,UNKNOWN,1999.0,1,27.0,1,Spehr's Army,7.1049461169882155,5.980545420901282,0.72,PIT,20.00378851504841,41.88061404190443,True,28.88061404190443,7.003788515048409,1,0,0,0,0,0
2026,10155,2025,16,2,0,5.25654294820858,556.0,0.0,0.0,UNKNOWN,1991.0,1,35.0,0,Moben,1.758658000528328,11.276734120851186,0.78,HIT,6.607703650231488,19.105677294217625,True,3.1056772942176245,-9.392296349768511,1,0,0,0,0,0
2026,13743,2025,17,2,1,12.625795839385678,0.0,195.33333333333331,0.0,SP,1994.0,1,32.0,1,New York Polar Bears,26.144487330792913,20.523353370175002,0.78,PIT,4.713157804045224,19.753714916642767,True,2.7537149166427675,-12.286842195954776,1,1,1,1,1,1
2026,18360,2025,20,2,0,4.463409326813052,447.0,0.0,0.0,UNKNOWN,1997.0,1,29.0,0,New York Polar Bears,4.698237911976344,13.522047998096067,0.84,HIT,1.6717479907846997,11.962911568749522,True,-8.037088431250478,-18.3282520092153,0,0,0,0,0,0
2026,18882,2025,1,2,1,7.025049146664029,553.0,0.0,0.0,MI,1994.0,1,32.0,0,Pookie 2.0,10.008716530992901,17.57830491142372,0.83,HIT,13.657533288257769,29.307406195997718,True,28.307406195997718,12.657533288257769,1,1,1,1,1,1
2026,15816,2025,21,2,0,4.677395444242647,0.0,62.0,18.0,UNKNOWN,1994.0,1,32.0,1,Lisbon Long Balls,3.298177687691379,3.0728544448980113,0.5,PIT,0.0,0.2957684362058861,True,-20.704231563794114,-21.0,0,0,0,0,0,0
2026,27615,2025,7,2,1,6.118177659379176,546.0,1.0,0.0,OF,1998.0,1,28.0,0,Producers,6.399940107796554,14.821844455519495,0.84,HIT,17.47534735571542,34.832121843524995,True,27.832121843524995,10.47534735571542,1,1,0,1,1,0
2026,12768,2025,7,2,1,5.481727737042091,0.0,180.66666666666663,0.0,SP,1989.0,1,37.0,1,Pookie 2.0,11.600117447745054,9.41405322595697,0.78,PIT,25.50159177646186,49.836423090924946,True,42.836423090924946,18.50159177646186,1,1,1,1,1,1
2026,18401,2025,26,2,1,6.05961927087813,412.0,0.0,0.0,OF,1997.0,1,29.0,0,Pookie 2.0,15.793327141891154,21.996713959779857,0.81,HIT,5.30651346905841,17.22273966883378,True,-8.777260331166222,-20.69348653094159,0,1,0,0,0,0
2026,21479,2025,1,2,1,7.858644857962356,649.0,0.0,0.0,MI,1997.0,1,29.0,0,Pookie 2.0,13.877958177179716,20.53371426388375,0.87,HIT,8.115600118207084,21.287737254257387,True,20.287737254257387,7.115600118207084,1,1,1,1,1,1
2026,21483,2025,1,2,1,0.0,0.0,0.0,0.0,SP,1997.0,0,29.0,0,The Metropolis,0.0,0.0,0.28,PIT,7.134508302770971,23.257623894946224,True,22.257623894946224,6.134508302770971,1,1,0,0,0,0
2026,10233,2025,2,2,1,12.841495605294783,0.0,61.333333333333336,32.0,RP,1988.0,1,38.0,1,Lisbon Long Balls,7.069152901439546,5.953205798913235,0.55,PIT,21.387309335517134,43.88269140619403,True,41.88269140619403,19.387309335517134,1,1,1,1,1,1
2026,17919,2025,7,2,0,6.302764335345586,663.0,0.0,0.0,UNKNOWN,1994.0,1,32.0,0,New York Polar Bears,9.48977351656099,17.181925160947983,0.87,HIT,5.059052423721638,16.86464158307867,True,9.864641583078669,-1.9409475762783623,1,0,1,1,1,1
2026,24064,2024,3,1,0,3.1063762769514542,390.0,0.0,0.0,UNKNOWN,2001.0,1,25.0,0,New York Polar Bears,0.0,9.260366614424786,0.85,HIT,0.0,0.4083318271675163,True,-2.5916681728324837,-3.0,0,0,0,1,1,0
2026,24586,2024,2,1,1,2.1841722289194507,0.0,32.0,0.0,SP,1996.0,1,30.0,1,Lisbon Long Balls,0.0,0.0,0.53,PIT,0.0,0.0,True,-2.0,-2.0,0,1,0,0,0,0
2026,3096,2024,6,1,0,9.131901570658682,0.0,59.0,29.0,UNKNOWN,1987.0,1,39.0,1,Lisbon Long Balls,6.331806543802119,5.390004913408559,0.52,PIT,1.5224904510391548,15.136536201350975,True,9.136536201350975,-4.477509548960845,1,0,1,0,0,1
2026,27676,2024,9,1,1,7.914782006015247,682.0,0.0,0.0,CI,1997.0,1,29.0,0,New York Polar Bears,13.372804313547332,20.14786696109723,0.84,HIT,0.0,5.062957107640154,True,-3.9370428923598464,-9.0,0,1,1,1,1,1
2026,21534,2024,1,1,1,11.401677435094411,705.0,0.0,0.0,C,1996.0,1,30.0,0,Milwaukee Beers,23.737665763236016,28.06476935863835,0.87,HIT,0.0,2.16259328090873,True,1.1625932809087298,-1.0,1,1,1,1,1,1
2026,33825,2024,27,1,1,12.75342294684068,0.0,173.66666666666663,0.0,SP,1998.0,1,28.0,1,Phenoms,26.808461923364842,21.030511335513456,0.7,PIT,34.93071443795041,63.48120007323345,True,36.48120007323345,7.930714437950407,1,1,0,0,0,0
2026,14374,2024,22,1,0,4.433611566125279,0.0,90.33333333333331,0.0,UNKNOWN,1993.0,1,33.0,1,Phenoms,7.648648628639704,6.395837003807302,0.69,PIT,0.0,10.776730578819206,True,-11.223269421180794,-22.0,0,0,0,0,0,0
2026,33829,2024,4,1,0,6.451454910471881,0.0,144.66666666666663,0.0,UNKNOWN,1993.0,1,33.0,1,Lisbon Long Balls,15.059122231590125,12.056114907075896,0.72,PIT,5.3416457171438925,20.6631926823031,True,16.6631926823031,1.3416457171438925,1,0,1,1,1,1
2026,24617,2024,1,1,1,7.421953560820168,696.0,0.0,0.0,OF,1996.0,1,30.0,0,Lisbon Long Balls,18.345816937159597,23.94636014443454,0.86,HIT,3.3068441863163724,14.329040818904879,True,13.329040818904879,2.3068441863163724,1,1,1,1,1,1
2026,33333,2024,16,1,0,6.2988159506954124,573.0,0.0,0.0,UNKNOWN,2001.0,1,25.0,0,Producers,10.846652794066049,18.21833851363938,0.81,HIT,0.6285305959886112,10.45328345094006,True,-5.546716549059941,-15.371469404011389,0,0,0,1,1,0
2026,12856,2024,13,1,0,10.31310265536145,586.0,0.0,0.0,UNKNOWN,1989.0,1,37.0,0,Milwaukee Beers,12.299557946877888,19.328098479416962,0.86,HIT,2.362103099780377,12.96191665533265,True,-0.038083344667349195,-10.637896900219623,0,0,0,1,1,0
2026,20036,2024,2,1,1,4.4006400871403635,438.0,0.0,0.0,CI,1999.0,1,27.0,0,Producers,1.378168459794759,10.986108088665933,0.84,HIT,5.818839034085805,17.964120211658365,True,15.964120211658365,3.818839034085805,1,1,0,1,1,0
2026,18525,2024,17,1,0,2.365094156223481,0.0,168.0,0.0,UNKNOWN,1995.0,1,31.0,1,McBlocks,6.74815989217256,5.708024487325508,0.79,PIT,34.80688936547949,63.30201420840378,True,46.30201420840378,17.806889365479492,1,0,0,0,0,0
2026,31838,2024,1,1,1,4.3021686499289755,0.0,113.33333333333331,0.0,SP,1993.0,1,33.0,1,Producers,0.9078228189168314,1.247050377623798,0.64,PIT,0.0,0.0,True,-1.0,-1.0,0,1,0,1,0,0
2026,15454,2024,1,1,0,11.98000516530438,0.0,181.66666666666663,0.0,UNKNOWN,1993.0,1,33.0,1,New York Polar Bears,18.921724299626526,15.006452808032897,0.77,PIT,0.0,0.0,True,-1.0,-1.0,0,0,1,1,1,1
2026,26221,2024,4,1,1,6.0445627872319,0.0,167.66666666666663,0.0,RP,1997.0,1,29.0,1,All-Stars,12.330776860521723,9.97214648025429,0.73,PIT,0.0,0.0,True,-4.0,-4.0,0,1,1,1,1,1
2026,19569,2024,10,1,1,9.72902456521182,0.0,62.66666666666668,27.0,RP,1994.0,1,32.0,1,Milwaukee Beers,5.7451533108312995,4.941906652840741,0.56,PIT,26.324276571251847,51.0269209722913,True,41.0269209722913,16.324276571251847,1,1,0,0,0,0
2026,12916,2024,21,1,1,10.210311223819163,732.0,0.0,0.0,MI,1993.0,1,33.0,0,Producers,28.773431184083407,31.911194467867265,0.88,HIT,0.0,4.6530435338929585,True,-16.34695646610704,-21.0,0,1,1,1,1,1
2026,31349,2024,1,1,0,4.012212210667519,463.0,0.0,0.0,UNKNOWN,2001.0,1,25.0,0,Spehr's Army,0.0,4.5637621431645865,0.71,HIT,0.0,0.0,True,-1.0,-1.0,0,0,0,1,1,0
2026,28806,2024,14,1,1,7.844032228974775,589.0,0.0,0.0,OF,2004.0,1,22.0,0,Moben,21.835574436644798,26.61191140612954,0.81,HIT,13.734580347643824,29.418900126049042,True,15.418900126049042,-0.2654196523561758,1,1,1,1,1,1
2026,7304,2024,4,1,1,5.938792420104065,641.0,0.0,0.0,C,1990.0,1,36.0,0,All-Stars,6.412431107546047,14.83138534772963,0.86,HIT,0.0,9.031627243628458,True,5.031627243628458,-4.0,1,1,1,1,1,1
2026,29837,2024,1,1,1,-2.024973342999347,0.0,90.33333333333331,0.0,SP,1998.0,1,28.0,1,All-Stars,0.0,0.118862180473625,0.72,PIT,0.0,2.5008768856013317,True,1.5008768856013317,-1.0,1,1,0,0,0,0
2026,25764,2024,39,1,1,10.550265263372228,687.0,0.0,0.0,MI,2000.0,1,26.0,0,Moben,38.763514430344635,39.54183327455738,0.87,HIT,19.35919864953476,37.55822178885546,True,-1.4417782111445376,-19.64080135046524,0,1,0,1,0,0
2026,26289,2024,29,1,0,7.912236434689689,651.0,0.0,0.0,UNKNOWN,2001.0,1,25.0,0,New York Polar Bears,24.05851868480191,28.30984366825002,0.87,HIT,5.202369297464079,17.07203381353551,True,-11.927966186464491,-23.79763070253592,0,0,0,0,0,0
2026,22201,2024,1,1,1,1.86507798988574,0.0,159.66666666666663,0.0,SP,1999.0,1,27.0,1,Moben,0.0,0.0,0.77,PIT,0.0,0.0,True,-1.0,-1.0,0,1,0,0,0,0
2026,22715,2024,4,1,1,7.90562286847473,666.0,0.0,0.0,CI,2000.0,1,26.0,0,Spehr's Army,12.53513139960907,19.508034510571584,0.86,HIT,0.0,0.25880091139771827,True,-3.741199088602282,-4.0,0,1,1,1,1,1
2026,16578,2024,7,1,0,8.05116362392187,651.0,0.0,0.0,UNKNOWN,1991.0,1,35.0,0,Lisbon Long Balls,12.4750678054145,19.462156655359326,0.86,HIT,17.167764849643323,34.38702267049644,True,27.387022670496442,10.167764849643323,1,0,1,1,1,1
2026,11493,2024,20,1,1,8.72223141014899,678.0,0.0,0.0,CI,1992.0,1,34.0,0,McBlocks,19.072234550530457,24.501213421810924,0.87,HIT,6.6337629326739025,19.143387387723777,True,-0.8566126122762228,-13.366237067326097,0,1,0,1,1,0
2026,13543,2024,16,1,0,3.926918835697244,0.0,61.333333333333336,0.0,UNKNOWN,1992.0,1,34.0,1,All-Stars,3.888048735880786,3.5234105414091785,0.66,PIT,0.0,1.3941079980495332,True,-14.605892001950467,-16.0,0,0,0,0,0,0
2026,22250,2024,12,1,1,6.846582186905627,0.0,131.0,0.0,SP,1997.0,1,29.0,1,New York Polar Bears,15.522012508263057,12.409680380090538,0.77,PIT,14.954406592112402,34.57371045071865,True,22.57371045071865,2.9544065921124023,1,1,1,1,0,1
2026,22267,2024,23,1,1,16.533272659853495,0.0,195.33333333333331,0.0,SP,1996.0,1,30.0,1,Milwaukee Beers,44.80173061942113,34.77415400462875,0.77,PIT,19.82212858341879,41.61773600513529,True,18.617736005135292,-3.1778714165812083,1,1,1,1,1,1
2026,19709,2024,34,1,1,9.220759920601637,691.0,0.0,0.0,OF,1999.0,1,27.0,0,Moben,21.64561012137838,26.466812607628462,0.86,HIT,20.617366097872793,39.37890170312677,True,5.378901703126772,-13.382633902127207,1,1,0,0,0,0
2026,22275,2024,4,1,1,3.585124666574544,376.0,0.0,0.0,CI,1996.0,1,30.0,0,Milwaukee Beers,0.05266854930946585,9.973662966249295,0.83,HIT,7.291972018309581,20.09587432671649,True,16.09587432671649,3.291972018309581,1,1,0,1,1,0
2026,13066,2024,6,1,1,6.251485799446295,546.0,0.0,0.0,OF,1992.0,1,34.0,0,Pookie 2.0,9.819423718135518,17.433719020794868,0.86,HIT,0.3293148150702778,10.020291671451064,True,4.020291671451064,-5.670685184929722,1,1,1,1,1,1
2026,17678,2024,12,1,1,5.397547840811746,495.0,0.0,0.0,CI,1994.0,1,32.0,0,Phenoms,4.848076304964458,13.63649776073394,0.86,HIT,12.610675598586399,27.792510248560163,True,15.792510248560163,0.6106755985863987,1,1,0,1,0,0
2026,12564,2024,2,1,0,9.183260278632163,654.0,0.0,0.0,UNKNOWN,1992.0,1,34.0,0,Phenoms,10.650434600898711,18.06846286971803,0.78,HIT,0.0,0.0,True,-2.0,-2.0,0,0,1,1,1,1
2026,15640,2024,39,1,1,14.094494670259865,679.0,0.0,0.0,OF,1992.0,1,34.0,0,Pookie 2.0,46.59263760033363,45.52188465257096,0.86,HIT,0.0,7.535342315947548,True,-31.46465768405245,-39.0,0,1,1,1,1,1
2026,20778,2024,5,1,1,13.055085011566716,0.0,202.0,0.0,SP,1996.0,1,30.0,1,McBlocks,23.51246813329852,18.512960930665503,0.78,PIT,32.252799975871675,59.606020279253066,True,54.606020279253066,27.252799975871675,1,1,1,1,1,1
2026,13611,2024,35,1,0,7.071353280013295,663.0,0.0,0.0,UNKNOWN,1992.0,1,34.0,0,Lisbon Long Balls,19.635231812593684,24.931242746898654,0.86,HIT,1.8956479298418176,12.286914643528121,True,-22.71308535647188,-33.104352070158185,0,0,0,0,0,0
2026,19755,2024,32,1,1,15.600132999222565,727.0,47.0,0.0,UTIL,1994.0,1,32.0,0,Pookie 2.0,51.204227429969215,49.04431539184676,0.87,HIT,57.399421284818885,92.60579862607047,True,60.60579862607047,25.399421284818885,1,1,1,1,1,1
2026,13613,2024,13,1,1,7.518519322902124,556.0,0.0,0.0,MI,1993.0,1,33.0,0,All-Stars,17.54133525517232,23.331879865289636,0.85,HIT,7.107646748069039,19.829139308525637,True,6.829139308525637,-5.892353251930961,1,1,1,1,1,1
2026,13624,2024,30,1,0,5.201436924713358,445.0,0.0,0.0,UNKNOWN,1994.0,1,32.0,0,Lisbon Long Balls,10.47533352008757,17.93471692692712,0.83,HIT,0.0,3.4378047034470605,True,-26.56219529655294,-30.0,0,0,0,0,0,0
2026,13125,2024,13,1,0,0.0,0.0,0.0,0.0,UNKNOWN,1990.0,0,36.0,1,Pookie 2.0,0.0,0.0,0.57,PIT,5.358130225865326,20.687047228822635,True,7.687047228822635,-7.641869774134674,1,0,0,0,0,0
2026,21846,2024,11,1,1,1.6821367965329403,0.0,61.66666666666668,0.0,RP,1997.0,1,29.0,1,Spehr's Army,1.422654701551095,1.640289957886613,0.69,PIT,0.0,0.0,True,-11.0,-11.0,0,1,0,0,0,0
2026,10603,2024,9,1,1,8.420509663034561,0.0,125.66666666666669,0.0,SP,1989.0,1,37.0,1,New York Polar Bears,20.387897141111004,16.12634691759736,0.74,PIT,38.76435959142565,69.02882470666033,True,60.02882470666033,29.764359591425652,1,1,1,1,1,1
2026,25976,2024,3,1,1,8.335470037969536,655.0,0.0,0.0,OF,2000.0,1,26.0,0,Lisbon Long Balls,17.41728218331276,23.23712548127838,0.85,HIT,7.7276884660902985,20.726394680616842,True,17.726394680616842,4.7276884660902985,1,1,1,1,1,1
2026,19326,2024,13,1,0,5.043056441803544,654.0,0.0,0.0,UNKNOWN,1995.0,1,31.0,0,Moben,8.123352627371975,16.13822372160113,0.87,HIT,12.367783683319217,27.441024099359595,True,14.441024099359595,-0.6322163166807826,1,0,0,1,1,0
2026,19853,2024,3,1,1,3.0761101026619326,0.0,73.33333333333331,0.0,RP,1995.0,1,31.0,1,Spehr's Army,3.777872501872321,3.439255582328672,0.7,PIT,14.56187763662944,34.00568622948978,True,31.005686229489783,11.56187763662944,1,1,1,1,0,1
2026,20373,2024,3,1,1,11.1876981821492,0.0,62.333333333333336,38.0,RP,1999.0,1,27.0,1,Pookie 2.0,11.200887045147917,9.109112523485013,0.54,PIT,11.201641056040613,29.143125798794173,True,26.143125798794173,8.201641056040613,1,1,1,1,1,1
2026,26517,2024,1,1,0,4.444057171964927,360.0,0.0,0.0,UNKNOWN,2001.0,1,25.0,0,Moben,0.0,8.177227812201325,0.72,HIT,0.0,0.0,True,-1.0,-1.0,0,0,0,1,1,0
2026,18839,2024,9,1,1,9.28323674975291,604.0,0.0,0.0,CI,1997.0,1,29.0,0,Moben,21.233076260267886,26.151710439601832,0.85,HIT,7.251123217827074,20.036762488575377,True,11.036762488575377,-1.7488767821729256,1,1,1,1,1,1
2026,30116,2024,16,1,1,7.308307083229656,651.0,0.0,0.0,OF,1994.0,1,32.0,0,Spehr's Army,14.864532097675943,21.287280481284824,0.86,HIT,13.985678988952278,29.78226213587931,True,13.78226213587931,-2.0143210110477217,1,1,0,1,1,0
2026,18345,2024,33,1,1,7.985384894316908,597.0,0.0,0.0,OF,1997.0,1,29.0,0,Spehr's Army,20.011894191959186,25.218945511546018,0.84,HIT,2.0689946214508463,12.53776268449027,True,-20.462237315509732,-30.931005378549152,0,1,0,0,0,0
2026,9132,2024,5,1,1,12.691124010023648,0.0,130.0,0.0,SP,1990.0,1,36.0,1,Lisbon Long Balls,18.0145775982361,14.313554795838527,0.74,PIT,0.0,11.469662943520165,True,6.469662943520165,-5.0,1,1,1,1,1,1
2026,30134,2024,17,1,0,4.239050467872305,0.0,182.33333333333331,0.0,UNKNOWN,1999.0,1,27.0,1,Producers,13.57835567865676,10.925073809226106,0.78,PIT,0.0,3.898179363287845,True,-13.101820636712155,-17.0,0,0,0,0,0,0
2026,17350,2024,30,1,1,8.363798432288357,729.0,0.0,0.0,CI,1996.0,1,30.0,0,Lisbon Long Balls,20.881868998588583,25.88345083714412,0.87,HIT,16.506967043176456,33.43078962280633,True,3.43078962280633,-13.493032956823544,1,1,0,0,0,0
2026,23003,2024,5,1,0,5.104220476521823,567.0,0.0,0.0,UNKNOWN,1998.0,1,28.0,0,Milwaukee Beers,9.504084577361043,17.192856254634982,0.84,HIT,0.0,1.4239273461447552,True,-3.5760726538552445,-5.0,0,0,1,1,1,1
2026,20454,2024,15,1,1,8.04166854838717,531.0,0.0,0.0,OF,1998.0,1,28.0,0,Moben,17.726969119091386,23.47367097262468,0.84,HIT,12.700878779748699,27.92304225394825,True,12.92304225394825,-2.299121220251301,1,1,1,1,1,1
