decision_season,fg_id,buy_season,keeper_salary,years_control_left,kept,rp_prior,PA_prior,IP_prior,SV_prior,role,pos_group,birth_year,played_prior,age,is_pit,name,rp_realised,played,rebuy_price,value_realised,value_ex_ante,surplus_realised,surplus_ex_ante,right_call_realised,right_call_ex_ante
2023,9218,2022,36,2,1,15.197757850464312,651.0,0.0,0.0,HIT,CI,1987.0,1,36.0,0,Paul Goldschmidt,9.160227349757106,1,,26.09769007299783,63.60911916619889,-9.902309927002172,27.609119166198887,0,1
2023,10243,2022,25,2,0,7.780472868781721,538.0,1.0,0.0,HIT,OF,1991.0,1,32.0,0,Randal Grichuk,5.559610715990046,1,3.0,3.7269085865055267,17.52521787214152,21.273091413494473,7.474782127858479,1,1
2023,14344,2022,39,2,0,9.987192933134027,699.0,0.0,0.0,HIT,UNKNOWN,1994.0,1,29.0,0,Matt Olson,14.769496656342008,1,30.0,60.94831448540984,31.23566177181201,-21.94831448540984,7.764338228187992,0,1
2023,12304,2022,20,2,1,11.21452841141206,0.0,181.66666666666663,0.0,PIT,SP,1989.0,1,34.0,1,Chris Bassitt,12.390582597606516,1,,56.07295264858424,48.76607888454642,36.07295264858424,28.766078884546417,1,1
2023,21524,2022,5,2,0,2.8379784981497567,291.0,0.0,0.0,HIT,C,1996.0,1,27.0,0,Joey Bart,0.20392291780294886,1,3.0,0.0,0.0,5.0,5.0,1,1
2023,3096,2022,29,2,1,13.462690277032568,0.0,64.0,41.0,PIT,UNKNOWN,1987.0,1,36.0,1,Kenley Jansen,8.059344695824516,1,,29.162790717402377,62.73400242586585,0.16279071740237683,33.73400242586585,1,1
2023,9241,2022,42,2,0,10.058475307253016,505.0,0.0,0.0,HIT,OF,1988.0,1,35.0,0,Starling Marte,4.20093891969061,1,28.0,0.0,31.67854213855239,42.0,10.321457861447609,1,1
2023,13853,2022,7,2,0,4.080750335983261,371.0,0.0,0.0,HIT,CI,1990.0,1,33.0,0,Joey Wendle,1.605368494801426,1,3.0,0.0,0.0,7.0,7.0,1,1
2023,9777,2022,29,2,0,11.730883314305697,620.0,0.0,0.0,HIT,CI,1991.0,1,32.0,0,Nolan Arenado,8.348523280032568,1,36.0,21.054538795738328,42.06928291644328,7.945461204261672,-13.069282916443278,1,0
2023,13361,2022,19,2,0,1.4159866908318548,0.0,48.0,0.0,PIT,SP,1991.0,1,32.0,1,Steven Matz,3.4727535348925977,1,14.0,0.6661083250488554,0.0,18.333891674951143,19.0,1,1
2023,10324,2022,22,2,0,5.877902973667252,507.0,0.0,0.0,HIT,UTIL,1990.0,1,33.0,0,Marcell Ozuna,10.232851439765652,1,6.0,32.76194833079079,5.704471673495291,-10.761948330790787,16.29552832650471,0,1
2023,2136,2022,1,2,0,5.010691441441641,490.0,0.0,0.0,HIT,UTIL,1987.0,1,36.0,0,David Peralta,4.395550510846105,1,2.0,0.0,0.3164502140464619,1.0,0.6835497859535381,1,1
2023,15986,2022,26,2,0,10.22955714522281,617.0,0.0,0.0,HIT,UNKNOWN,1995.0,1,28.0,0,Willy Adames,6.139324286196203,1,26.0,7.328693203677645,32.741480741245454,18.671306796322355,-6.741480741245454,1,0
2023,5235,2022,20,2,1,7.833682780043111,532.0,0.0,0.0,HIT,UTIL,1984.0,1,39.0,0,Justin Turner,9.12929866085557,1,,25.90552883744966,17.85581327254626,5.905528837449658,-2.1441867274537394,1,0
2023,12916,2022,28,2,1,12.79790335313949,706.0,0.0,0.0,HIT,MI,1993.0,1,30.0,0,Francisco Lindor,11.72466440509162,1,,42.030644573830585,48.69872297029479,14.030644573830585,20.69872297029479,1,1
2023,9847,2022,14,2,0,7.105945877949493,580.0,0.0,0.0,HIT,OF,1986.0,1,37.0,0,Andrew McCutchen,5.133078870472194,1,6.0,1.0768484208035145,13.334353513760291,12.923151579196485,0.6656464862397087,1,1
2023,15998,2022,22,2,0,7.138925461886123,550.0,0.0,0.0,HIT,UNKNOWN,1995.0,1,28.0,0,Cody Bellinger,11.767928591117293,1,8.0,42.29944676806994,13.539257045794995,-20.29944676806994,8.460742954205005,0,1
2023,18564,2022,20,2,0,4.388515709851461,524.0,0.0,0.0,HIT,OF,1996.0,1,27.0,0,Trent Grisham,4.24040289318959,1,4.0,0.0,0.0,20.0,20.0,1,1
2023,12970,2022,31,2,0,12.204631178317072,0.0,181.0,0.0,PIT,SP,1992.0,1,31.0,1,Joe Musgrove,8.23829869865323,1,25.0,30.274639409059922,54.917628716284604,0.7253605909400775,-23.917628716284604,1,0
2023,7859,2022,16,2,0,7.720189027696268,577.0,0.0,0.0,HIT,OF,1986.0,1,37.0,0,Charlie Blackmon,4.846956044383813,1,16.0,0.0,17.15067185037353,16.0,-1.1506718503735307,1,0
2023,11445,2022,9,2,0,7.092930046421321,542.0,0.0,0.0,HIT,OF,1989.0,1,34.0,0,Mark Canha,5.755099796915968,1,12.0,4.941490408790121,13.253485609010017,4.058509591209879,-4.253485609010017,1,0
2023,26294,2022,7,2,0,5.79601899978998,466.0,0.0,0.0,HIT,MI,1997.0,1,26.0,0,Bryson Stott,9.117654346564214,1,15.0,25.83318222655834,5.195723124795282,-18.83318222655834,1.8042768752047182,0,1
2023,2233,2022,17,2,0,6.49794579623841,0.0,191.66666666666663,0.0,HIT,SP,1981.0,1,42.0,0,Adam Wainwright,-7.7741118997088385,1,5.0,0.0,9.55682361952717,17.0,7.4431763804728295,1,1
2023,22201,2022,2,2,0,0.6243358224911391,0.0,70.0,0.0,PIT,SP,1999.0,1,24.0,1,MacKenzie Gore,3.660727662143298,1,7.0,1.833999426368353,0.0,0.166000573631647,2.0,1,1
2023,6655,2022,25,2,0,7.778045100373376,0.0,60.0,22.0,PIT,SP,1988.0,1,35.0,1,Craig Kimbrel,11.345283185602412,1,6.0,49.57846375615318,27.415064585422495,-24.578463756153177,-2.4150645854224955,0,0
2023,11477,2022,27,2,0,9.361874358099604,671.0,0.0,0.0,HIT,UNKNOWN,1991.0,1,32.0,0,Christian Yelich,10.571354728041847,1,24.0,34.86508339478765,27.35053135544099,-7.8650833947876535,-0.3505313554409888,0,0
2023,13543,2022,21,2,0,7.795289956041983,0.0,128.0,0.0,PIT,UNKNOWN,1992.0,1,31.0,1,Blake Snell,16.44070956735203,1,24.0,81.23656062145896,27.522207593736844,-60.23656062145896,-6.5222075937368444,0,0
2023,5361,2022,39,2,0,14.86529323010762,708.0,0.0,0.0,HIT,UNKNOWN,1989.0,1,34.0,0,Freddie Freeman,15.148650340227956,1,33.0,63.30401215465518,61.54350259812569,-24.304012154655183,-22.54350259812569,0,0
2023,13050,2022,12,2,0,-1.9682471951175105,0.0,19.0,0.0,PIT,SP,1990.0,1,33.0,1,Anthony DeSclafani,1.8923357379743053,1,1.0,0.0,0.0,12.0,12.0,1,1
2023,12546,2022,23,2,0,9.903079610795102,632.0,0.0,0.0,HIT,CI,1990.0,1,33.0,0,C.J. Cron,3.453325094547354,1,24.0,0.0,30.713062188035067,23.0,-7.713062188035067,1,0
2023,16137,2022,26,2,1,15.587231619091211,0.0,178.0,0.0,PIT,UNKNOWN,1992.0,1,31.0,1,Carlos Rodon,-1.6922901138238533,1,,0.0,75.93386649261831,-26.0,49.93386649261831,0,1
2023,13074,2022,26,2,1,16.1346210814277,0.0,194.66666666666663,0.0,PIT,SP,1986.0,1,37.0,1,Yu Darvish,4.4561248238960065,1,,6.775835203516841,79.33482007792864,-19.22416479648316,53.33482007792864,0,1
2023,16149,2022,32,2,0,14.867062060531469,0.0,205.0,0.0,PIT,UNKNOWN,1993.0,1,30.0,1,Aaron Nola,8.9749940723348,1,29.0,34.85175852587573,71.45942295517675,-2.8517585258757308,-39.45942295517675,0,0
2023,15653,2022,6,2,0,0.4993065087526305,152.0,0.0,0.0,HIT,CI,1995.0,1,28.0,0,Dominic Smith,4.596213700762083,1,1.0,0.0,0.0,6.0,6.0,1,1
2023,13613,2022,32,2,0,5.874450230488484,558.0,0.0,0.0,HIT,MI,1993.0,1,30.0,0,Ketel Marte,9.403117119673357,1,20.0,27.606774355157587,5.683019635959044,4.393225644842413,26.316980364040955,1,1
2023,10047,2022,9,2,0,3.6008525118799586,286.0,3.6666666666666674,0.0,HIT,OF,1990.0,1,33.0,0,Wil Myers,0.5811804153485658,1,18.0,0.0,0.0,9.0,9.0,1,1
2023,16219,2022,4,2,0,4.253777654288331,365.0,0.0,0.0,HIT,CI,1993.0,1,30.0,0,J.D. Davis,5.7560529414485435,1,1.0,4.947412335568806,0.0,-0.9474123355688064,4.0,0,1
2023,27506,2022,9,2,0,6.814249595685633,582.0,0.0,0.0,HIT,MI,1995.0,1,28.0,0,Ha-seong Kim,9.139441440275657,1,9.0,25.96854634949039,11.522032332507548,-16.96854634949039,-2.522032332507548,0,0
2023,17277,2022,15,2,0,5.462765284060266,0.0,155.33333333333331,0.0,PIT,SP,1995.0,1,28.0,1,Ranger Suarez,2.495629488364755,1,7.0,0.0,13.030134413993018,15.0,1.969865586006982,1,1
2023,14221,2022,18,2,0,2.9158219629282325,306.0,0.0,0.0,HIT,UTIL,1992.0,1,31.0,0,Jorge Soler,8.101409121782858,1,6.0,19.519208212476798,0.0,-1.5192082124767978,18.0,0,1
2023,2967,2022,15,2,0,7.704264161691419,622.0,0.0,0.0,HIT,OF,1988.0,1,35.0,0,Tommy Pham,7.074376320969907,1,2.0,13.138210538084259,17.05172999295523,1.8617894619157411,-2.051729992955231,1,0
2023,30115,2022,16,2,0,5.408890557962114,0.0,47.66666666666668,1.0,PIT,SP,1991.0,1,32.0,1,Robert Suarez,2.591633178880335,1,1.0,0.0,12.695408491248655,16.0,3.3045915087513453,1,1
2023,30116,2022,25,2,0,6.420786571298379,446.0,0.0,0.0,HIT,OF,1994.0,1,29.0,0,Seiya Suzuki,8.23339502076462,1,17.0,20.339242113817228,9.077430133252394,4.660757886182772,15.922569866747606,1,1
2023,15279,2022,1,2,0,4.467302113248987,469.0,0.0,0.0,HIT,CI,1990.0,1,33.0,0,Garrett Cooper,4.798543293085517,1,3.0,0.0,0.0,1.0,1.0,1,1
2023,18363,2022,9,2,0,4.357066883977746,407.0,0.0,0.0,HIT,OF,1997.0,1,26.0,0,Victor Robles,1.6629196924337415,1,4.0,0.0,0.0,9.0,9.0,1,1
2023,13774,2022,5,2,1,3.003081018385702,0.0,75.66666666666667,1.0,PIT,SP,1994.0,1,29.0,1,Zach Eflin,14.273946457546522,1,,67.77437094875874,0.0,62.774370948758744,-5.0,1,0
2023,13301,2022,27,2,0,5.516527398668872,565.0,0.0,0.0,HIT,UNKNOWN,1990.0,1,33.0,0,Max Muncy,8.419229536392166,1,20.0,21.493839718784276,3.4592301370792597,5.506160281215724,23.54076986292074,1,1
2024,24064,2023,10,2,0,7.129153532234867,615.0,0.0,0.0,HIT,UNKNOWN,2001.0,1,23.0,0,Ezequiel Tovar,7.5951489926995714,1,3.0,16.373792891991368,13.478543638852559,-6.373792891991368,-3.4785436388525586,0,0
2024,14344,2023,30,2,1,14.769496656342008,720.0,0.0,0.0,HIT,UNKNOWN,1994.0,1,30.0,0,Matt Olson,7.1534309756175976,1,,13.629380408274892,60.94831448540984,-16.37061959172511,30.94831448540984,0,1
2024,19470,2023,27,2,0,6.694094729664473,528.0,0.0,0.0,HIT,OF,1995.0,1,29.0,0,Tommy Edman,1.8472895196006343,1,7.0,0.0,10.775505132946755,27.0,16.224494867053245,1,1
2024,21524,2023,3,2,1,0.2039229178029488,95.0,0.0,0.0,HIT,C,1996.0,1,28.0,0,Joey Bart,3.59282341838594,1,,0.0,0.0,-3.0,-3.0,0,0
2024,9241,2023,28,2,0,4.20093891969061,341.0,0.0,0.0,HIT,OF,1988.0,1,36.0,0,Starling Marte,4.323047671230624,1,1.0,0.0,0.0,28.0,28.0,1,1
2024,9777,2023,36,2,0,8.348523280032568,612.0,0.0,0.0,HIT,CI,1991.0,1,33.0,0,Nolan Arenado,6.074060397213206,1,12.0,6.923205936384256,21.054538795738328,29.076794063615743,14.945461204261672,1,1
2024,31838,2023,22,2,0,12.226538569101386,0.0,166.33333333333331,0.0,PIT,SP,1993.0,1,31.0,1,Kodai Senga,0.7002848023099966,1,1.0,0.0,55.05374024995331,22.0,-33.05374024995331,1,0
2024,26221,2023,10,2,0,4.702361510277672,0.0,42.0,0.0,PIT,RP,1997.0,1,27.0,1,Ryan Pepiot,5.082909334588254,1,4.0,10.670073539338901,8.30571401742407,-0.670073539338901,1.6942859825759307,0,1
2024,15986,2023,26,2,1,6.139324286196203,638.0,0.0,0.0,HIT,UNKNOWN,1995.0,1,29.0,0,Willy Adames,9.57954029450125,1,,28.702898906773303,7.328693203677645,2.702898906773303,-18.671306796322355,1,0
2024,18568,2023,10,2,1,9.34724228619626,617.0,0.0,0.0,HIT,CI,1997.0,1,27.0,0,Luis Arraez,6.703400263578915,1,,10.83332080370239,27.25962168175493,0.8333208037023905,17.25962168175493,1,1
2024,22664,2023,3,2,1,4.47849359318198,380.0,0.0,0.0,HIT,C,2000.0,1,24.0,0,Gabriel Moreno,3.2801049005009846,1,,0.0,0.0,-3.0,-3.0,0,0
2024,19600,2023,7,2,0,6.67593563276895,626.0,0.0,0.0,HIT,OF,1996.0,1,28.0,0,Bryan De La Cruz,5.031776970332603,1,1.0,0.4474554854555802,10.662681905716155,6.55254451454442,-3.6626819057161555,1,0
2024,12970,2023,25,2,0,8.23829869865323,0.0,97.33333333333331,0.0,PIT,SP,1992.0,1,32.0,1,Joe Musgrove,3.178386172011593,1,10.0,0.0,30.274639409059922,25.0,-5.2746394090599225,1,0
2024,22201,2023,7,2,0,3.660727662143298,0.0,136.33333333333331,0.0,PIT,SP,1999.0,1,25.0,1,MacKenzie Gore,2.823101334656656,1,1.0,0.0,1.833999426368353,7.0,5.166000573631647,1,1
2024,26323,2023,6,2,1,9.03940522465777,665.0,0.0,0.0,HIT,OF,1997.0,1,27.0,0,Spencer Steer,6.895155733085215,1,,12.024705542342879,25.347017164923454,6.024705542342879,19.347017164923454,1,1
2024,11477,2023,24,2,0,10.571354728041849,632.0,0.0,0.0,HIT,UNKNOWN,1991.0,1,33.0,0,Christian Yelich,5.587776901925642,1,18.0,3.9019062757801812,34.86508339478767,20.09809372421982,-10.865083394787668,1,0
2024,11493,2023,39,2,0,8.467741620000472,601.0,0.0,0.0,HIT,CI,1992.0,1,32.0,0,Manny Machado,8.897184906392189,1,20.0,24.463396389242583,21.795247319826338,14.536603610757417,17.204752680173662,1,1
2024,13543,2023,24,2,0,16.44070956735203,0.0,180.0,0.0,PIT,UNKNOWN,1992.0,1,32.0,1,Blake Snell,5.8527593536886755,1,16.0,15.453183852488012,81.23656062145896,8.546816147511988,-57.23656062145896,1,0
2024,20202,2023,8,2,0,6.323973842998489,472.0,0.0,0.0,HIT,OF,1997.0,1,27.0,0,Brandon Marsh,5.600891541163445,1,1.0,3.983388076956032,8.475928609986338,4.016611923043968,-0.47592860998633846,1,0
2024,5361,2023,33,2,1,15.148650340227956,730.0,0.0,0.0,HIT,UNKNOWN,1989.0,1,35.0,0,Freddie Freeman,8.13296706251444,1,,19.71527901591896,63.30401215465518,-13.28472098408104,30.304012154655183,0,1
2024,18684,2023,30,2,1,6.340057930092101,0.0,184.66666666666663,0.0,PIT,UNKNOWN,1995.0,1,29.0,1,Sandy Alcantara,0.0,0,,0.0,18.48079025444884,-30.0,-11.519209745551159,0,0
2024,16149,2023,29,2,0,8.9749940723348,0.0,193.66666666666663,0.0,PIT,UNKNOWN,1993.0,1,31.0,1,Aaron Nola,7.399872943400896,1,18.0,25.065465183873396,34.85175852587573,3.934534816126604,-5.851758525875731,1,0
2024,16162,2023,34,2,1,7.821991650570318,0.0,67.0,0.0,PIT,SP,1993.0,1,31.0,1,Brandon Woodruff,0.0,0,,0.0,27.688106336749517,-34.0,-6.311893663250483,0,0
2024,19238,2023,7,2,0,7.593184429738005,592.0,0.0,0.0,HIT,OF,1993.0,1,31.0,0,Lourdes Gurriel,6.809263337698101,1,1.0,11.491052503433759,16.361586980282386,-4.4910525034337585,-9.361586980282386,0,0
2024,13613,2023,20,2,0,9.403117119673356,650.0,0.0,0.0,HIT,MI,1993.0,1,31.0,0,Ketel Marte,9.796241595493562,1,13.0,30.04927313802984,27.606774355157576,-10.04927313802984,-7.606774355157576,0,0
2024,19251,2023,32,2,1,9.816516921048455,658.0,0.0,0.0,HIT,CI,1994.0,1,30.0,0,Pete Alonso,7.5474834051375,1,,16.07764460622934,30.17524458228256,-15.922355393770658,-1.8247554177174408,0,0
2024,13621,2023,1,2,1,7.293301817096172,576.0,0.0,0.0,HIT,CI,1993.0,1,31.0,0,Jeimer Candelario,4.100492036295456,1,,0.0,14.498403786577548,-1.0,13.498403786577548,0,1
2024,27475,2023,17,2,0,5.908451132238069,465.0,0.0,0.0,HIT,OF,2002.0,1,22.0,0,Jordan Walker,1.0206933279148716,1,11.0,0.0,5.894268658209956,17.0,11.105731341790044,1,1
2024,16252,2023,45,2,0,10.74098777875528,691.0,0.0,0.0,HIT,UNKNOWN,1993.0,1,31.0,0,Trea Turner,8.285166704985462,1,26.0,20.660901749567017,35.91902062176398,24.339098250432983,9.080979378236023,1,1
2024,12161,2023,22,2,0,8.919884065593115,665.0,0.0,0.0,HIT,MI,1992.0,1,32.0,0,Xander Bogaerts,4.604181288991951,1,7.0,0.0,24.604427213143357,22.0,-2.6044272131433566,1,0
2024,14212,2023,23,2,1,12.46522475148478,0.0,56.333333333333336,33.0,PIT,UNKNOWN,1994.0,1,30.0,1,Josh Hader,10.035591834689644,1,,41.44129670780645,56.53670746725395,18.44129670780645,33.53670746725395,1,1
2024,18314,2023,23,2,0,7.544871630521282,638.0,0.0,0.0,HIT,UNKNOWN,1994.0,1,30.0,0,Dansby Swanson,6.296184120810056,1,4.0,8.303269905691751,16.061417541486193,14.696730094308249,6.938582458513807,1,1
2024,14221,2023,6,2,1,8.101409121782858,580.0,0.0,0.0,HIT,UTIL,1992.0,1,32.0,0,Jorge Soler,5.651205027851009,1,,4.29598787054568,19.519208212476798,-1.7040121294543198,13.519208212476798,0,1
2024,19352,2023,19,2,0,6.1593901414718175,438.0,0.0,0.0,HIT,C,1994.0,1,30.0,0,Sean Murphy,1.1781639884027613,1,2.0,0.0,7.453363200338942,19.0,11.546636799661059,1,1
2024,17312,2023,13,2,1,13.440530806520362,0.0,173.33333333333331,0.0,PIT,SP,1995.0,1,29.0,1,Justin Steele,5.839343783987821,1,,15.369832357780107,62.59632471032237,2.3698323577801066,49.59632471032237,1,1
2024,30116,2023,17,2,0,8.23339502076462,583.0,0.0,0.0,HIT,OF,1994.0,1,30.0,0,Seiya Suzuki,7.754463076494645,1,16.0,17.363617946643625,20.339242113817228,-0.36361794664362534,-3.339242113817228,0,0
2024,13743,2023,30,2,0,7.502511118211235,0.0,77.66666666666667,0.0,PIT,SP,1994.0,1,30.0,1,Max Fried,7.262146640919472,1,19.0,24.20976591590356,25.703160449545777,5.79023408409644,4.296839550454223,1,1
2024,11737,2023,23,2,0,10.136868548055652,671.0,0.0,0.0,HIT,OF,1992.0,1,32.0,0,Nick Castellanos,6.9746179489380715,1,9.0,12.518407607318604,32.165602616906895,10.481592392681396,-9.165602616906895,1,0
2024,16376,2023,18,2,0,5.0073101004928855,470.0,0.0,0.0,HIT,OF,1993.0,1,31.0,0,Michael Conforto,4.6728759024180455,1,3.0,0.0,0.2954418015466289,18.0,17.70455819845337,1,1
2024,8700,2023,30,2,0,11.500377808649688,0.0,162.33333333333331,0.0,PIT,SP,1983.0,1,41.0,1,Justin Verlander,-1.332339006138298,1,4.0,0.0,50.54207312499913,30.0,-20.542073124999128,1,0
2024,15873,2022,19,1,1,4.975428160956014,0.0,117.66666666666669,1.0,PIT,SP,1992.0,1,32.0,1,Sean Manaea,8.28100150214486,1,,30.539953710175183,10.002288519770463,11.539953710175183,-8.997711480229537,1,0
2024,9218,2022,36,1,0,9.160227349757106,687.0,0.0,0.0,HIT,CI,1987.0,1,37.0,0,Paul Goldschmidt,6.004771170678836,1,18.0,6.492709078809409,26.09769007299783,29.50729092119059,9.902309927002172,1,1
2024,14854,2022,13,1,1,4.195772801635617,381.0,0.0,0.0,HIT,OF,1990.0,1,34.0,0,Mike Yastrzemski,3.9191475691741298,1,,0.0,0.0,-13.0,-13.0,0,0
2024,12304,2022,20,1,0,12.390582597606516,0.0,200.0,0.0,PIT,SP,1989.0,1,35.0,1,Chris Bassitt,1.3148878819481267,1,9.0,0.0,56.07295264858424,20.0,-36.07295264858424,1,0
2024,3096,2022,29,1,0,8.059344695824516,0.0,44.66666666666668,29.0,PIT,UNKNOWN,1987.0,1,37.0,1,Kenley Jansen,6.9838956725363515,1,6.0,22.48098103119029,29.162790717402377,6.519018968809711,-0.16279071740237683,1,0
2024,16939,2022,1,1,1,10.018235553653836,682.0,1.0,0.0,HIT,OF,1995.0,1,29.0,0,Lane Thomas,6.33386532301985,1,,8.537384788369973,31.428530869261632,7.537384788369973,30.428530869261632,1,1
2024,10310,2022,29,1,1,13.121686119949707,0.0,192.0,0.0,PIT,UNKNOWN,1990.0,1,34.0,1,Zack Wheeler,14.615252214228654,1,,69.89491786597654,60.61532935955138,40.89491786597654,31.61532935955138,1,1
2024,17479,2022,15,1,1,0.5900816285728077,0.0,144.33333333333331,0.0,PIT,UNKNOWN,1995.0,1,29.0,1,Jack Flaherty,9.487760747327906,1,,38.03759928777454,0.0,23.03759928777454,-15.0,1,0
2024,16478,2022,30,1,1,8.732815465651807,720.0,0.0,0.0,HIT,UTIL,1993.0,1,31.0,0,Kyle Schwarber,9.249323939000336,1,,26.651250902123575,23.442162190806695,-3.348749097876425,-6.557837809193305,0,0
2024,13419,2022,1,1,1,10.052101541902928,661.0,0.0,0.0,HIT,CI,1991.0,1,33.0,0,Christian Walker,6.600842368832133,1,,10.196124321416914,31.638941668300774,9.196124321416914,30.638941668300774,1,1
2024,5235,2022,20,1,0,9.12929866085557,626.0,0.0,0.0,HIT,UTIL,1984.0,1,40.0,0,Justin Turner,4.3587077280358075,1,1.0,0.0,25.90552883744966,20.0,-5.905528837449658,1,0
2024,12916,2022,28,1,0,11.72466440509162,687.0,0.0,0.0,HIT,MI,1993.0,1,31.0,0,Francisco Lindor,10.671589686550451,1,21.0,35.48784737723297,42.030644573830585,-7.487847377232967,-14.030644573830585,0,0
2024,12927,2022,10,1,1,8.309723934953974,682.0,0.0,0.0,HIT,UNKNOWN,1993.0,1,31.0,0,Brandon Nimmo,6.864756821751023,1,,11.835835836941062,20.813476844729077,1.8358358369410617,10.813476844729077,1,1
2024,22182,2022,13,1,1,2.0823303131778688,0.0,112.0,0.0,PIT,UNKNOWN,1999.0,1,25.0,1,Hunter Greene,9.263775221459996,1,,36.64596786321888,0.0,23.64596786321888,-13.0,1,0
2024,21711,2022,8,1,1,0.6531773487254978,40.0,0.0,0.0,HIT,UNKNOWN,1998.0,1,26.0,0,Oneil Cruz,7.384812478892991,1,,15.066963349276438,0.0,7.066963349276438,-8.0,1,0
2024,16137,2022,26,1,0,-1.6922901138238533,0.0,64.33333333333331,0.0,PIT,UNKNOWN,1992.0,1,32.0,1,Carlos Rodon,6.568391374626763,1,10.0,19.899435479224937,0.0,6.1005645207750625,26.0,1,1
2024,26378,2022,6,1,1,-0.9841376717679272,0.0,34.333333333333336,0.0,PIT,SP,1998.0,1,26.0,1,Nick Lodolo,2.4221384616809924,1,,0.0,0.0,-6.0,-6.0,0,0
2024,13074,2022,26,1,0,4.4561248238960065,0.0,136.33333333333331,0.0,PIT,SP,1986.0,1,38.0,1,Yu Darvish,4.420119098704009,1,15.0,6.552130129508406,6.775835203516841,19.447869870491594,19.22416479648316,1,1
2024,10231,2022,1,1,1,0.0,0.0,0.0,0.0,HIT,MI,1990.0,0,34.0,0,Jose Iglesias,3.846962019068087,1,,0.0,0.0,-1.0,-1.0,0,0
2024,19291,2022,15,1,1,14.84077201195741,0.0,210.0,0.0,PIT,SP,1995.0,1,29.0,1,Zac Gallen,5.844710101823357,1,,15.403173514558647,71.29608178566596,0.40317351455864703,56.29608178566596,1,1
2024,13774,2022,5,1,0,14.273946457546522,0.0,177.66666666666663,0.0,PIT,SP,1994.0,1,30.0,1,Zach Eflin,5.59832611321934,1,15.0,13.872379505793464,67.77437094875874,-8.872379505793464,-62.774370948758744,0,0
2024,11739,2022,18,1,1,7.23675965507849,540.0,0.0,0.0,HIT,C,1991.0,1,33.0,0,J.T. Realmuto,4.301326264701143,1,,0.0,14.147104973088474,-18.0,-3.8528950269115256,0,0
2024,18401,2022,40,1,1,20.69180659021709,735.0,0.0,0.0,HIT,OF,1997.0,1,27.0,0,Ronald Acuna Jr.,2.7281151765715324,1,,0.0,97.74387338593934,-40.0,57.74387338593934,0,1
2024,17919,2022,7,1,1,8.228772033749062,691.0,0.0,0.0,HIT,UNKNOWN,1994.0,1,30.0,0,Ian Happ,7.433852617331767,1,,15.371651777028717,20.3105193024604,8.371651777028717,13.3105193024604,1,1
2025,24064,2024,3,2,1,7.5951489926995714,695.0,0.0,0.0,HIT,UNKNOWN,2001.0,1,24.0,0,Ezequiel Tovar,3.1063762769514542,1,,0.0,16.373792891991368,-3.0,13.373792891991368,0,1
2025,9218,2024,18,2,0,6.004771170678836,654.0,0.0,0.0,HIT,CI,1987.0,1,38.0,0,Paul Goldschmidt,4.976085858607782,1,2.0,0.10144428297097352,6.492709078809409,17.898555717029026,11.507290921190592,1,1
2025,17929,2024,7,2,0,6.324460997869627,499.0,0.0,0.0,HIT,OF,1994.0,1,31.0,0,Cedric Mullins,4.840205311972216,1,3.0,0.0,8.478955323541484,7.0,-1.4789553235414843,1,0
2025,19470,2024,7,2,0,1.8472895196006345,153.0,0.0,0.0,HIT,OF,1995.0,1,30.0,0,Tommy Edman,3.3106750585624622,1,6.0,0.0,0.0,7.0,7.0,1,1
2025,21523,2024,2,2,0,5.913484345862907,637.0,0.0,0.0,HIT,MI,1996.0,1,29.0,0,Jonathan India,3.111333022892791,1,1.0,0.0,5.925540224618925,2.0,-3.925540224618925,1,0
2025,3096,2024,6,2,1,6.9838956725363515,0.0,54.66666666666668,27.0,PIT,UNKNOWN,1987.0,1,38.0,1,Kenley Jansen,9.131901570658682,1,,35.826631364510405,22.48098103119029,29.826631364510405,16.48098103119029,1,1
2025,21029,2024,11,2,0,6.326429130876836,0.0,54.333333333333336,23.0,PIT,RP,1998.0,1,27.0,1,Jhoan Duran,10.924026254344861,1,4.0,46.96117685300029,18.396113955864674,-35.96117685300029,-7.396113955864674,0,0
2025,14374,2024,22,2,1,7.889574932035608,0.0,134.0,0.0,PIT,UNKNOWN,1993.0,1,32.0,1,Tyler Glasnow,4.433611566125279,1,,6.635959392964054,28.108004086379783,-15.364040607035946,6.108004086379783,0,1
2025,33829,2024,4,2,1,11.021401323609751,0.0,173.33333333333331,0.0,PIT,UNKNOWN,1993.0,1,32.0,1,Shota Imanaga,6.451454910471881,1,,19.172904344841157,47.566172224161996,15.172904344841157,43.566172224161996,1,1
2025,9777,2024,12,2,0,6.074060397213206,635.0,0.0,0.0,HIT,CI,1991.0,1,34.0,0,Nolan Arenado,3.487298390299823,1,8.0,0.0,6.923205936384256,12.0,5.076794063615744,1,1
2025,33333,2024,16,2,1,6.653560820648505,557.0,0.0,0.0,HIT,UNKNOWN,2001.0,1,24.0,0,Wyatt Langford,6.2988159506954124,1,,8.319621574659443,10.523666263769263,-7.680378425340557,-5.476333736230737,0,0
2025,12856,2024,13,2,1,5.146817178063286,614.0,0.0,0.0,HIT,UNKNOWN,1989.0,1,36.0,0,George Springer,10.31310265536145,1,,33.26055248411347,1.1622050994991295,20.260552484113468,-11.837794900500871,1,0
2025,17995,2024,26,2,0,6.598532818001484,0.0,204.66666666666663,0.0,PIT,UNKNOWN,1996.0,1,29.0,1,Logan Webb,9.34941907792737,1,22.0,37.17807671944211,20.08670552544419,-11.17807671944211,5.9132944745558085,0,1
2025,20043,2024,26,2,0,4.168042806712311,425.0,0.0,0.0,HIT,UNKNOWN,1997.0,1,28.0,0,Luis Robert,5.16185030385031,1,18.0,1.2556065377101735,0.0,24.74439346228983,26.0,1,1
2025,17998,2024,4,2,0,5.113078326151187,0.0,45.333333333333336,23.0,PIT,RP,1993.0,1,32.0,1,Pete Fairbanks,7.949218210501285,1,1.0,28.478570265844915,10.857514743601767,-24.478570265844915,-6.857514743601767,0,0
2025,18525,2024,17,2,1,9.774205553294756,0.0,189.33333333333331,0.0,PIT,UNKNOWN,1995.0,1,30.0,1,Dylan Cease,2.365094156223481,1,,0.0,39.81729282752273,-17.0,22.817292827522728,0,1
2025,15454,2024,1,2,1,4.169101834401489,0.0,145.66666666666663,0.0,PIT,UNKNOWN,1993.0,1,32.0,1,Nick Pivetta,11.98000516530438,1,,53.522017918355374,4.992549385369663,52.522017918355374,3.9925493853696628,1,1
2025,19556,2024,31,2,0,9.86016033929488,635.0,0.0,0.0,HIT,UTIL,1997.0,1,28.0,0,Yordan Alvarez,1.9084572925157304,1,31.0,0.0,30.446402962143985,31.0,0.5535970378560151,1,1
2025,31349,2024,1,2,1,0.5147385607693598,155.0,0.0,0.0,HIT,UNKNOWN,2001.0,1,24.0,0,Victor Scott II,4.012212210667519,1,,0.0,0.0,-1.0,-1.0,0,0
2025,17548,2024,1,2,0,6.3212784668068265,663.0,0.0,0.0,HIT,OF,1993.0,1,32.0,0,Taylor Ward,7.254076312106871,1,6.0,14.254694086249113,8.459182125164238,-13.254694086249113,-7.459182125164238,0,0
2025,23697,2024,36,2,0,7.795254108452787,613.0,0.0,0.0,HIT,UNKNOWN,2000.0,1,25.0,0,Julio Rodriguez,10.11703082649724,1,34.0,32.042350024556114,17.61705433139682,3.9576499754438856,18.38294566860318,1,1
2025,19611,2024,37,2,0,10.760524308015222,697.0,0.0,0.0,HIT,CI,1999.0,1,26.0,0,Vladimir Guerrero Jr.,8.386747926692403,1,35.0,21.292030121475744,36.04040189378832,15.707969878524256,0.9595981062116792,1,1
2025,19612,2024,21,2,0,1.873021036458572,336.0,0.0,0.0,HIT,MI,1998.0,1,27.0,0,Bo Bichette,8.211344665034744,1,17.0,20.20224233297236,0.0,0.7977576670276392,21.0,1,1
2025,26289,2024,29,2,1,11.197236460659614,719.0,0.0,0.0,HIT,UNKNOWN,2001.0,1,24.0,0,Gunnar Henderson,7.912236434689689,1,,18.343870408811124,38.75371273273819,-10.656129591188876,9.753712732738187,0,1
2025,17085,2024,24,2,0,6.284592808294841,0.0,185.33333333333331,0.0,PIT,SP,1996.0,1,29.0,1,Pablo Lopez,4.490170877284425,1,22.0,6.987364754785094,18.136183136820208,17.012635245214906,5.8638168631797924,1,1
2025,16578,2024,7,2,1,5.483346701313469,621.0,0.0,0.0,HIT,UNKNOWN,1991.0,1,34.0,0,Yandy Diaz,8.05116362392187,1,,19.207030836305485,3.253077078976384,12.207030836305485,-3.746922921023616,1,0
2025,13510,2024,30,2,0,13.017305652898552,682.0,0.0,0.0,HIT,UNKNOWN,1992.0,1,33.0,0,Jose Ramirez,10.931641761162236,1,35.0,37.10356177506453,50.0618786196672,-7.103561775064527,-20.061878619667198,0,0
2025,11477,2024,18,2,0,5.587776901925642,315.0,0.0,0.0,HIT,UNKNOWN,1991.0,1,34.0,0,Christian Yelich,8.677797720931643,1,17.0,23.100334645637933,3.9019062757801812,-5.100334645637933,14.098093724219819,0,1
2025,13543,2024,16,2,1,5.8527593536886755,0.0,104.0,0.0,PIT,UNKNOWN,1992.0,1,33.0,1,Blake Snell,3.926918835697244,1,,3.4878563022607736,15.453183852488012,-12.512143697739226,-0.5468161475119881,0,0
2025,12533,2024,23,2,0,6.780840967580868,718.0,0.0,0.0,HIT,UNKNOWN,1990.0,1,35.0,0,Marcus Semien,4.589834754693307,1,10.0,0.0,11.314463131141824,23.0,11.685536868858176,1,1
2025,18679,2024,17,2,0,6.213235114107515,0.0,173.66666666666663,0.0,PIT,SP,1996.0,1,29.0,1,Freddy Peralta,12.843205120289262,1,8.0,58.88511528090732,17.69283480335031,-41.88511528090732,-0.6928348033503084,0,0
2025,16122,2024,1,2,0,0.7733574283489149,0.0,13.666666666666664,8.0,PIT,RP,1993.0,1,32.0,1,Jordan Romano,-1.5637964295514912,1,1.0,0.0,0.0,1.0,1.0,1,1
2025,16137,2024,10,2,0,6.568391374626763,0.0,175.0,0.0,PIT,UNKNOWN,1992.0,1,33.0,1,Carlos Rodon,12.521818937026492,1,8.0,56.888329505070026,19.899435479224937,-46.888329505070026,-9.899435479224937,0,0
2025,16149,2024,18,2,0,7.399872943400896,0.0,199.33333333333331,0.0,PIT,UNKNOWN,1993.0,1,32.0,1,Aaron Nola,-1.624416541649855,1,18.0,0.0,25.065465183873396,18.0,-7.065465183873396,1,0
2025,12564,2024,2,2,1,1.0703102195947256,106.0,0.0,0.0,HIT,UNKNOWN,1992.0,1,33.0,0,Trevor Story,9.183260278632165,1,,26.240794621820285,0.0,24.240794621820285,-2.0,1,0
2025,25880,2024,4,2,0,5.681664058296434,0.0,170.0,0.0,PIT,SP,1998.0,1,27.0,1,Hunter Brown,12.946798979413828,1,10.0,59.52874825312783,14.390161638267383,-55.52874825312783,-10.390161638267383,0,0
2025,14107,2024,27,2,0,5.751493608102676,0.0,181.0,0.0,PIT,SP,1991.0,1,34.0,1,Kevin Gausman,8.142031780730077,1,5.0,29.676529028454414,14.824015546891143,-2.6765290284544143,12.175984453108857,0,1
2025,5417,2024,19,2,0,8.899308549749707,682.0,0.0,0.0,HIT,UNKNOWN,1990.0,1,35.0,0,Jose Altuve,7.2435163760959576,1,20.0,14.189084762891536,24.476590674093885,4.810915237108464,-5.476590674093885,1,0
2025,13611,2024,35,2,1,7.744569241002913,516.0,0.0,0.0,HIT,UNKNOWN,1992.0,1,33.0,0,Mookie Betts,7.071353280013295,1,,13.119428258396152,17.302147133624228,-21.88057174160385,-17.697852866375772,0,0
2025,13624,2024,30,2,1,7.173275190167715,533.0,0.0,0.0,HIT,UNKNOWN,1994.0,1,31.0,0,Corey Seager,5.201436924713358,1,,1.5015598660403109,13.752673341854242,-28.49844013395969,-16.24732665814576,0,0
2025,13125,2024,13,2,1,4.6922444919577515,0.0,95.0,0.0,PIT,UNKNOWN,1990.0,1,35.0,1,Gerrit Cole,0.0,0,,0.0,8.242856560174308,-13.0,-4.7571434398256915,0,0
2025,15689,2024,28,2,0,6.2820513929418,1.0,175.33333333333331,0.0,PIT,UNKNOWN,1992.0,1,33.0,1,Luis Castillo,6.620866933950052,1,13.0,20.225468320375978,18.120393217116977,7.7745316796240225,9.879606782883023,1,1
2025,27465,2024,17,2,0,2.486632950133429,381.0,0.0,0.0,HIT,UNKNOWN,1999.0,1,26.0,0,Spencer Torkelson,6.399010162985387,1,1.0,8.94213239914708,0.0,8.05786760085292,17.0,1,1
2025,13649,2024,8,2,0,6.515932500817073,0.0,63.0,30.0,PIT,RP,1993.0,1,32.0,1,Clay Holmes,4.983963660225869,1,10.0,10.055319933127087,19.573506305866587,-2.0553199331270875,-11.573506305866587,0,0
2025,14161,2024,1,2,0,5.731975850270479,388.0,0.0,0.0,HIT,OF,1993.0,1,32.0,0,Byron Buxton,9.211836449051075,1,8.0,26.418339561808352,4.797820362759608,-25.418339561808352,-3.797820362759608,0,0
2025,19287,2024,21,2,0,6.079781337010454,637.0,0.0,0.0,HIT,OF,1993.0,1,32.0,0,Adolis Garcia,5.1265904638217155,1,16.0,1.0365356793658067,6.958750374217872,19.963464320634195,14.041249625782129,1,1
2025,19290,2024,20,2,0,5.561281626604594,648.0,0.0,0.0,HIT,OF,1995.0,1,30.0,0,Randy Arozarena,8.006839061393038,1,11.0,18.931640478576828,3.737290023921264,1.0683595214231723,16.262709976078735,1,1
2025,25436,2024,25,2,0,8.732488123254887,0.0,191.0,0.0,PIT,UNKNOWN,1998.0,1,27.0,1,George Kirby,4.242306322617895,1,17.0,5.447371927253658,33.34505893859828,19.55262807274634,-8.345058938598278,1,0
2025,7005,2024,1,2,0,1.7745518302656484,0.0,56.66666666666668,4.0,PIT,RP,1988.0,1,37.0,1,Ryan Pressly,0.34509217077319687,1,5.0,0.0,0.0,1.0,1.0,1,1
2025,14710,2024,17,2,0,6.74649779727066,0.0,53.66666666666668,20.0,PIT,RP,1994.0,1,31.0,1,Edwin Diaz,11.796765957944597,1,16.0,52.38354507202097,21.006018119804175,-35.38354507202097,-4.006018119804175,0,0
2025,16252,2024,26,2,0,8.285166704985462,539.0,0.0,0.0,HIT,UNKNOWN,1993.0,1,32.0,0,Trea Turner,9.377212983290418,1,31.0,27.445830874203676,20.660901749567017,-1.4458308742036756,5.339098250432983,0,1
2025,19326,2024,13,2,1,7.874731289173901,692.0,0.0,0.0,HIT,UNKNOWN,1995.0,1,30.0,0,Bryan Reynolds,5.043056441803544,1,,0.5175353126699371,18.110849373723873,-12.482464687330063,5.110849373723873,0,1
2025,12161,2024,7,2,0,4.604181288991951,463.0,0.0,0.0,HIT,MI,1992.0,1,33.0,0,Xander Bogaerts,5.479170694884511,1,2.0,3.227131376667425,0.0,3.772868623332575,7.0,1,1
2025,18314,2024,4,2,0,6.296184120810056,593.0,0.0,0.0,HIT,UNKNOWN,1994.0,1,31.0,0,Dansby Swanson,7.085188093550499,1,5.0,13.205384532564487,8.303269905691751,-9.205384532564487,-4.303269905691751,0,0
2025,21390,2024,16,2,0,6.397690967109118,0.0,135.0,0.0,PIT,SP,1996.0,1,29.0,1,Joe Ryan,9.748935583802014,1,14.0,39.66028945193675,18.83886671985741,-23.660289451936748,-2.8388667198574105,0,0
2025,17295,2024,23,2,0,10.031376568550238,0.0,176.33333333333331,0.0,PIT,UNKNOWN,1993.0,1,32.0,1,Framber Valdez,6.538501306453856,1,23.0,19.713727237630533,41.41510708327722,3.2862727623694674,-18.41510708327722,1,0
2025,26517,2024,1,2,1,1.4933905249722863,242.0,0.0,0.0,HIT,UNKNOWN,2001.0,1,24.0,0,Noelvi Marte,4.444057171964927,1,,0.0,0.0,-1.0,-1.0,0,0
2025,10155,2024,20,2,0,1.7597525264935523,126.0,0.0,0.0,HIT,UNKNOWN,1991.0,1,34.0,0,Mike Trout,5.25654294820858,1,16.0,1.8439358909245187,0.0,18.15606410907548,20.0,1,1
2025,24492,2024,18,2,0,5.064689224481652,0.0,116.66666666666669,0.0,PIT,SP,1999.0,1,26.0,1,Grayson Rodriguez,0.0,0,5.0,0.0,10.55687123448031,18.0,7.44312876551969,1,1
2025,13743,2024,19,2,0,7.262146640919472,0.0,174.33333333333331,0.0,PIT,SP,1994.0,1,31.0,1,Max Fried,12.625795839385678,1,17.0,57.534342340900906,24.20976591590356,-38.534342340900906,-5.20976591590356,0,0
2025,30134,2024,17,2,1,7.889838982238475,0.0,173.66666666666663,0.0,PIT,UNKNOWN,1999.0,1,26.0,1,Tanner Bibee,4.239050467872305,1,,5.4271431657736695,28.109644641315402,-11.57285683422633,11.109644641315402,0,1
2025,18360,2024,28,2,0,5.039339987415567,469.0,0.0,0.0,HIT,UNKNOWN,1997.0,1,28.0,0,Austin Riley,4.463409326813052,1,20.0,0.0,0.4944448263798257,28.0,27.505555173620174,1,1
2025,17338,2024,1,2,0,6.1306585695248375,635.0,1.3333333333333337,0.0,HIT,OF,1997.0,1,28.0,0,Willi Castro,3.3563727485028227,1,4.0,0.0,7.27485274416831,1.0,-6.27485274416831,1,0
2025,13774,2024,15,2,0,5.59832611321934,0.0,165.33333333333331,0.0,PIT,SP,1994.0,1,31.0,1,Zach Eflin,-1.350914986863387,1,7.0,0.0,13.872379505793464,15.0,1.1276204942065355,1,1
2025,20437,2024,27,2,0,3.4165009230331194,325.0,0.0,0.0,HIT,CI,1999.0,1,26.0,0,Royce Lewis,3.7595191200941205,1,1.0,0.0,0.0,27.0,27.0,1,1
2025,11737,2024,9,2,0,6.9746179489380715,659.0,0.0,0.0,HIT,OF,1992.0,1,33.0,0,Nick Castellanos,5.4167782887941724,1,9.0,2.839484752482622,12.518407607318604,6.1605152475173774,-3.518407607318604,1,0
2025,23003,2024,5,2,1,7.290578642368166,619.0,0.0,0.0,HIT,UNKNOWN,1998.0,1,27.0,0,Yainer Diaz,5.104220476521823,1,,0.8975500142304593,14.481484588288442,-4.102449985769541,9.481484588288442,0,1
2025,12768,2024,11,2,0,7.709509764976835,0.0,166.33333333333331,0.0,PIT,SP,1989.0,1,36.0,1,Sonny Gray,5.481727737042091,1,7.0,13.147948926131308,26.9892516849651,-2.147948926131308,-15.989251684965101,0,0
2025,19950,2024,15,2,0,6.123929849577001,633.0,0.0,0.0,HIT,MI,1998.0,1,27.0,0,Andres Gimenez,2.4279018861300434,1,14.0,0.0,7.233046926180028,15.0,7.766953073819972,1,1
2025,19953,2024,9,2,0,4.054844341307851,387.0,0.0,0.0,HIT,OF,1998.0,1,27.0,0,Joshua Lowe,3.782311435639394,1,15.0,0.0,0.0,9.0,9.0,1,1
2025,14344,2023,30,1,0,7.1534309756175976,685.0,0.0,0.0,HIT,UNKNOWN,1994.0,1,31.0,0,Matt Olson,8.277418202926823,1,27.0,20.61275998274412,13.629380408274892,9.38724001725588,16.37061959172511,1,1
2025,21524,2023,3,1,0,3.59282341838594,282.0,0.0,0.0,HIT,C,1996.0,1,29.0,0,Joey Bart,1.7011593248146333,1,3.0,0.0,0.0,3.0,3.0,1,1
2025,15986,2023,26,1,0,9.57954029450125,688.0,0.0,0.0,HIT,UNKNOWN,1995.0,1,30.0,0,Willy Adames,6.943245510323485,1,17.0,12.323489336274836,28.702898906773303,13.676510663725164,-2.702898906773303,1,0
2025,15998,2023,8,1,1,6.686462015382638,569.0,0.0,0.0,HIT,UNKNOWN,1995.0,1,30.0,0,Cody Bellinger,8.674277723819257,1,,23.07846475660398,10.728082760415774,15.078464756603982,2.7280827604157736,1,1
2025,18568,2023,10,1,0,6.703400263578915,672.0,0.0,0.0,HIT,CI,1997.0,1,28.0,0,Luis Arraez,6.0802739670168755,1,11.0,6.961811105017146,10.83332080370239,3.038188894982854,-0.8333208037023905,1,0
2025,22664,2023,3,1,0,3.280104900500985,351.0,0.0,0.0,HIT,C,2000.0,1,25.0,0,Gabriel Moreno,3.636039956841015,1,1.0,0.0,0.0,3.0,3.0,1,1
2025,16556,2023,28,1,1,4.244735880211619,435.0,0.0,0.0,HIT,UNKNOWN,1997.0,1,28.0,0,Ozzie Albies,5.707127300324658,1,,4.6434352844146884,0.0,-23.35656471558531,-28.0,0,0
2025,26323,2023,6,1,0,6.895155733085215,656.0,0.0,0.0,HIT,OF,1997.0,1,28.0,0,Spencer Steer,5.437170576141687,1,10.0,2.966182885236549,12.024705542342879,3.033817114763451,-6.024705542342879,1,0
2025,17130,2023,17,1,1,12.021030519746038,0.0,69.33333333333331,34.0,PIT,UNKNOWN,1990.0,1,35.0,1,Raisel Iglesias,8.478875342989323,1,,31.769352145407428,53.77691015848259,14.769352145407428,36.77691015848259,1,1
2025,5361,2023,33,1,0,8.13296706251444,638.0,0.0,0.0,HIT,UNKNOWN,1989.0,1,36.0,0,Freddie Freeman,8.1618932390242,1,28.0,19.8949985583637,19.71527901591896,13.1050014416363,13.28472098408104,1,1
2025,18684,2023,30,1,0,0.0,0.0,0.0,0.0,PIT,UNKNOWN,1995.0,0,30.0,1,Sandy Alcantara,0.050181393444797995,1,10.0,0.0,0.0,30.0,30.0,1,1
2025,19197,2023,21,1,1,5.912578562591637,544.0,0.0,0.0,HIT,UNKNOWN,1995.0,1,30.0,0,Will Smith,5.777904322633438,1,,5.083175879257679,5.919912555334264,-15.916824120742321,-15.080087444665736,0,0
2025,25878,2023,27,1,1,8.691232644439072,684.0,0.0,0.0,HIT,UNKNOWN,2000.0,1,25.0,0,Corbin Carroll,9.591279894008785,1,,28.77583752869131,23.183806386354185,1.7758375286913086,-3.816193613645815,1,0
2025,16162,2023,34,1,0,0.0,0.0,0.0,0.0,PIT,SP,1993.0,0,32.0,1,Brandon Woodruff,5.338793574519698,1,1.0,12.259893006276865,0.0,21.740106993723135,34.0,1,1
2025,19251,2023,32,1,0,7.5474834051375,695.0,0.0,0.0,HIT,CI,1994.0,1,31.0,0,Pete Alonso,9.450322553115118,1,27.0,27.900063684156756,16.07764460622934,4.0999363158432445,15.922355393770658,1,1
2025,13621,2023,1,1,0,4.100492036295456,463.0,0.0,0.0,HIT,CI,1993.0,1,32.0,0,Jeimer Candelario,-0.19324268485445228,1,2.0,0.0,0.0,1.0,1.0,1,1
2025,11609,2023,13,1,1,4.029445595748649,358.0,0.0,0.0,HIT,UNKNOWN,1992.0,1,33.0,0,Willson Contreras,6.078411417773434,1,,6.950239008798372,0.0,-6.049760991201628,-13.0,0,0
2025,14212,2023,23,1,0,10.035591834689644,0.0,71.0,34.0,PIT,UNKNOWN,1994.0,1,31.0,1,Josh Hader,10.281652498445741,1,18.0,42.97008188579133,41.44129670780645,-19.97008188579133,-18.44129670780645,0,0
2025,14221,2023,6,1,0,5.651205027851009,574.0,0.0,0.0,HIT,UTIL,1992.0,1,33.0,0,Jorge Soler,2.0740171232877893,1,1.0,0.0,4.29598787054568,6.0,1.7040121294543198,1,1
2025,17312,2023,13,1,0,5.839343783987821,0.0,134.66666666666663,0.0,PIT,SP,1995.0,1,30.0,1,Justin Steele,0.9375809340189241,1,11.0,0.0,15.369832357780107,13.0,-2.3698323577801066,1,0
2025,13301,2023,20,1,1,3.657940889143771,293.0,0.0,0.0,HIT,UNKNOWN,1990.0,1,35.0,0,Max Muncy,4.633869823195466,1,,0.0,0.0,-20.0,-20.0,0,0
2026,28163,2025,11,2,1,9.6600624591485,653.0,0.0,0.0,HIT,CI,2003.0,1,23.0,0,Junior Caminero,9.960178975506697,1,,31.067822925126986,29.20318647786592,20.067822925126986,18.20318647786592,1,1
2026,14344,2025,27,2,0,8.277418202926823,724.0,0.0,0.0,HIT,UNKNOWN,1994.0,1,32.0,0,Matt Olson,8.736874705282723,1,25.0,23.46738241612391,20.61275998274412,3.532617583876089,6.3872400172558805,1,1
2026,22543,2025,9,2,0,-0.3459136833352092,0.0,142.66666666666663,0.0,PIT,UNKNOWN,2001.0,1,25.0,1,Taj Bradley,6.128737812136661,1,1.0,17.167849538087435,0.0,-8.167849538087435,9.0,0,1
2026,20503,2025,16,2,0,6.447624311138829,659.0,0.0,0.0,HIT,UNKNOWN,1997.0,1,29.0,0,William Contreras,6.541979184054041,1,11.0,9.83040489660494,9.244174131469693,6.169595103395061,6.755825868530307,1,1
2026,17432,2025,10,2,0,8.479490260634055,0.0,68.0,33.0,PIT,UNKNOWN,1993.0,1,33.0,1,Jeff Hoffman,3.861417339337953,1,9.0,3.0808927704173654,31.77317265440955,6.919107229582634,-21.77317265440955,1,0
2026,21029,2025,4,2,1,10.92402625434486,0.0,70.0,32.0,PIT,RP,1998.0,1,28.0,1,Jhoan Duran,10.46913695822139,1,,44.13493066264265,46.961176853000275,40.13493066264265,42.961176853000275,1,1
2026,10310,2025,29,2,0,11.39461461759348,0.0,149.66666666666663,0.0,PIT,UNKNOWN,1990.0,1,36.0,1,Zack Wheeler,9.690216762949055,1,14.0,39.29546696621942,49.88496200290858,-10.295466966219422,-20.88496200290858,0,0
2026,17479,2025,10,2,0,2.258996140166007,0.0,161.0,0.0,PIT,UNKNOWN,1995.0,1,31.0,1,Jack Flaherty,0.4014537686027124,1,2.0,0.0,0.0,10.0,10.0,1,1
2026,17995,2025,22,2,0,9.34941907792737,0.0,207.0,0.0,PIT,UNKNOWN,1996.0,1,30.0,1,Logan Webb,4.234327543702909,1,27.0,5.39779944070725,37.17807671944211,16.60220055929275,-15.17807671944211,1,0
2026,20043,2025,18,2,0,5.16185030385031,431.0,0.0,0.0,HIT,UNKNOWN,1997.0,1,29.0,0,Luis Robert,2.286531109102602,1,18.0,0.0,1.2556065377101735,18.0,16.74439346228983,1,1
2026,16478,2025,20,2,1,10.89573263853221,724.0,0.0,0.0,HIT,UTIL,1993.0,1,33.0,0,Kyle Schwarber,8.729367049119112,1,,23.42073703490316,36.88045689680719,3.4207370349031585,16.88045689680719,1,1
2026,19556,2025,31,2,1,1.9084572925157304,199.0,0.0,0.0,HIT,UTIL,1997.0,1,29.0,0,Yordan Alvarez,11.166803612511153,1,,38.56463217649231,0.0,7.56463217649231,-31.0,1,0
2026,15986,2025,17,2,0,6.943245510323485,686.0,0.0,0.0,HIT,UNKNOWN,1995.0,1,31.0,0,Willy Adames,5.04703803360373,1,15.0,0.5422731087727081,12.323489336274836,16.457726891227292,4.676510663725164,1,1
2026,31347,2025,1,2,1,7.51829301544641,554.0,0.0,0.0,HIT,MI,2001.0,1,25.0,0,Zachary Neto,7.767958894976496,1,,17.447468030378584,15.89628349625698,16.447468030378584,14.89628349625698,1,1
2026,16505,2025,9,2,0,5.301737039910891,535.0,0.0,0.0,HIT,UNKNOWN,1993.0,1,33.0,0,Matt Chapman,2.709189047819101,1,13.0,0.0,2.124728669714504,9.0,6.875271330285496,1,1
2026,27769,2025,17,2,1,9.27857646682498,647.0,0.0,0.0,HIT,OF,2002.0,1,24.0,0,Pete Crow-Armstrong,13.033782295030626,1,,50.16424868520293,26.832998078914233,33.16424868520293,9.832998078914233,1,1
2026,12927,2025,9,2,0,7.725787634627093,652.0,0.0,0.0,HIT,UNKNOWN,1993.0,1,33.0,0,Brandon Nimmo,5.688404594042738,1,8.0,4.527110328533336,17.18545622900015,4.472889671466664,-8.185456229000149,1,0
2026,18568,2025,11,2,1,6.0802739670168755,675.0,0.0,0.0,HIT,CI,1997.0,1,29.0,0,Luis Arraez,7.289447120617871,1,,14.474454396408067,6.961811105017146,3.474454396408067,-4.038188894982854,1,0
2026,23697,2025,34,2,0,10.11703082649724,710.0,0.0,0.0,HIT,UNKNOWN,2000.0,1,26.0,0,Julio Rodriguez,6.73322313862292,1,43.0,11.018611571581333,32.042350024556114,22.98138842841867,1.9576499754438856,1,1
2026,19611,2025,35,2,1,8.386747926692403,680.0,0.0,0.0,HIT,CI,1999.0,1,27.0,0,Vladimir Guerrero Jr.,5.268027573302265,1,,1.9152903461630175,21.292030121475744,-33.08470965383698,-13.707969878524256,0,0
2026,20123,2025,36,2,1,11.896322420003568,715.0,0.0,0.0,HIT,OF,1998.0,1,28.0,0,Juan Soto,6.319742618601736,1,,8.449639836137884,43.097162987923056,-27.550360163862116,7.097162987923056,0,1
2026,19612,2025,17,2,1,8.211344665034744,628.0,0.0,0.0,HIT,MI,1998.0,1,28.0,0,Bo Bichette,6.400448017594645,1,,8.951065849870883,20.20224233297236,-8.048934150129117,3.202242332972361,0,1
2026,22182,2025,20,2,0,7.956282750326793,0.0,107.66666666666669,0.0,PIT,UNKNOWN,1999.0,1,27.0,1,Hunter Greene,-0.6916244899581407,1,1.0,0.0,28.522462546755065,20.0,-8.522462546755065,1,0
2026,25768,2025,22,2,0,7.507754168310878,635.0,0.0,0.0,HIT,UNKNOWN,2000.0,1,26.0,0,C.J. Abrams,10.598052183284494,1,22.0,35.030955798941335,15.830805198962702,-13.030955798941335,6.169194801037298,0,1
2026,13510,2025,35,2,0,10.931641761162236,673.0,0.0,0.0,HIT,UNKNOWN,1992.0,1,34.0,0,Jose Ramirez,6.282370589031606,1,43.0,8.217445855979154,37.10356177506453,26.782554144020846,-2.1035617750645272,1,0
2026,24262,2025,1,2,1,6.32035564809247,587.0,0.0,0.0,HIT,OF,2000.0,1,26.0,0,Ceddanne Rafaela,7.927256604715986,1,,18.437191352339816,8.453448613960374,17.437191352339816,7.453448613960374,1,1
2026,21711,2025,31,2,0,5.604322084324469,544.0,0.0,0.0,HIT,UNKNOWN,1998.0,1,28.0,0,Oneil Cruz,7.170217999208756,1,20.0,13.733678886775643,4.004702184855091,17.266321113224357,26.99529781514491,1,1
2026,11477,2025,17,2,0,8.677797720931643,644.0,0.0,0.0,HIT,UNKNOWN,1991.0,1,35.0,0,Christian Yelich,4.840294991298098,1,18.0,0.0,23.100334645637933,17.0,-6.100334645637933,1,0
2026,25816,2025,2,2,1,7.310595452873882,523.0,0.0,0.0,HIT,C,1997.0,1,29.0,0,Shea Langeliers,5.666794391372017,1,,4.392845237023238,14.605849867746535,2.392845237023238,12.605849867746535,1,1
2026,18138,2025,13,2,0,3.106136859821099,0.0,56.0,21.0,PIT,UNKNOWN,1994.0,1,32.0,1,Ryan Helsley,1.571167141520971,1,4.0,0.0,0.0,13.0,13.0,1,1
2026,23772,2025,1,2,1,5.178125015426479,417.0,0.0,0.0,HIT,OF,1999.0,1,27.0,0,Wilyer Abreu,7.323152264757955,1,,14.683865864282026,1.3567220002706155,13.683865864282026,0.3567220002706155,1,1
2026,11486,2025,5,2,1,6.368959965631017,0.0,182.33333333333331,0.0,PIT,SP,1991.0,1,35.0,1,Robbie Ray,5.605582095839401,1,,13.917461228779718,18.660359808033746,8.917461228779718,13.660359808033746,1,1
2026,5361,2025,28,2,0,8.1618932390242,627.0,0.0,0.0,HIT,UNKNOWN,1989.0,1,37.0,0,Freddie Freeman,7.705460934074111,1,26.0,17.05916558973918,19.8949985583637,10.94083441026082,8.1050014416363,1,1
2026,12533,2025,10,2,0,4.589834754693307,534.0,0.0,0.0,HIT,UNKNOWN,1990.0,1,36.0,0,Marcus Semien,3.784048603407442,1,5.0,0.0,0.0,10.0,10.0,1,1
2026,18679,2025,8,2,1,12.843205120289262,0.0,176.66666666666663,0.0,PIT,SP,1996.0,1,30.0,1,Freddy Peralta,0.2372952561744306,1,,0.0,58.88511528090732,-8.0,50.88511528090732,0,1
2026,22266,2025,10,2,1,6.068208430853246,619.0,0.0,0.0,HIT,MI,1999.0,1,27.0,0,Xavier Edwards,6.40271668702505,1,,8.965161187768487,6.886847425045602,-1.0348388122315129,-3.1131525749543982,0,0
2026,18684,2025,10,2,0,0.0501813934447979,0.0,174.66666666666663,0.0,PIT,UNKNOWN,1995.0,1,31.0,1,Sandy Alcantara,7.992366688110387,1,9.0,28.7466535588608,0.0,-18.7466535588608,10.0,0,1
2026,20220,2025,1,2,1,6.9427774918208005,573.0,0.0,0.0,HIT,OF,1999.0,1,27.0,0,Jo Adell,5.986827742330753,1,,6.381225809269122,12.320581517775915,5.381225809269122,11.320581517775915,1,1
2026,12552,2025,1,2,1,8.736740474546767,657.0,0.0,0.0,HIT,CI,1991.0,1,35.0,0,Eugenio Suarez,4.011304238980347,1,,0.0,23.46654843495672,-1.0,22.46654843495672,0,1
2026,16137,2025,8,2,0,12.521818937026492,0.0,195.33333333333331,0.0,PIT,UNKNOWN,1992.0,1,34.0,1,Carlos Rodon,3.9892984692231552,1,3.0,3.875423569969483,56.888329505070026,4.124576430030517,-48.888329505070026,1,0
2026,16149,2025,18,2,0,-1.624416541649855,0.0,94.33333333333331,0.0,PIT,UNKNOWN,1993.0,1,33.0,1,Aaron Nola,0.7531416792748575,1,1.0,0.0,0.0,18.0,18.0,1,1
2026,25880,2025,10,2,1,12.946798979413828,0.0,185.33333333333331,0.0,PIT,SP,1998.0,1,28.0,1,Hunter Brown,3.6108364579501355,1,,1.5240232915484935,59.52874825312783,-8.475976708451507,49.52874825312783,0,1
2026,14107,2025,5,2,1,8.142031780730077,0.0,193.0,0.0,PIT,SP,1991.0,1,35.0,1,Kevin Gausman,3.9208887203663076,1,,3.4503909439269735,29.676529028454414,-1.5496090560730265,24.676529028454414,0,1
2026,16162,2025,1,2,1,5.338793574519698,0.0,64.66666666666667,0.0,PIT,SP,1993.0,1,33.0,1,Brandon Woodruff,3.5549152851212567,1,,1.1765827098183608,12.259893006276865,0.17658270981836077,11.259893006276865,1,1
2026,5417,2025,20,2,0,7.243516376095958,654.0,0.0,0.0,HIT,UNKNOWN,1990.0,1,36.0,0,Jose Altuve,4.815784500727309,1,14.0,0.0,14.189084762891541,20.0,5.810915237108459,1,1
2026,25385,2025,1,2,1,9.106484541128436,0.0,150.0,0.0,PIT,RP,1995.0,1,31.0,1,Drew Rasmussen,13.259724824160921,1,,61.472969592512484,35.668714298771036,60.472969592512484,34.668714298771036,1,1
2026,19251,2025,27,2,1,9.450322553115118,709.0,0.0,0.0,HIT,CI,1994.0,1,32.0,0,Pete Alonso,9.312234829250674,1,,27.04211889004335,27.900063684156756,0.04211889004335134,0.9000636841567555,1,1
2026,17722,2025,8,2,0,8.741353357337452,0.0,47.0,30.0,PIT,UNKNOWN,1993.0,1,33.0,1,Trevor Megill,10.070483302183204,1,1.0,41.65807885220955,33.40013900811409,-33.65807885220955,-25.40013900811409,0,0
2026,15689,2025,13,2,0,6.620866933950052,0.0,180.66666666666663,0.0,PIT,UNKNOWN,1992.0,1,34.0,1,Luis Castillo,-2.899336420021258,1,14.0,0.0,20.225468320375978,13.0,-7.2254683203759775,1,0
2026,27465,2025,1,2,0,6.399010162985387,649.0,0.0,0.0,HIT,UNKNOWN,1999.0,1,27.0,0,Spencer Torkelson,4.802284020319134,1,1.0,0.0,8.94213239914708,1.0,-7.942132399147081,1,0
2026,14161,2025,8,2,1,9.211836449051075,542.0,0.0,0.0,HIT,OF,1993.0,1,33.0,0,Byron Buxton,6.121571038967048,1,,7.218391537370117,26.418339561808352,-0.7816084626298831,18.418339561808352,0,1
2026,27479,2025,8,2,0,4.599250015614334,537.0,0.0,0.0,HIT,UNKNOWN,2002.0,1,24.0,0,Masyn Winn,3.988450290055287,1,8.0,0.0,0.0,8.0,8.0,1,1
2026,19290,2025,11,2,1,8.006839061393038,709.0,0.0,0.0,HIT,OF,1995.0,1,31.0,0,Randy Arozarena,9.026448090029037,1,,25.266513946460236,18.931640478576828,14.266513946460236,7.931640478576828,1,1
2026,25436,2025,17,2,0,4.242306322617895,0.0,126.0,0.0,PIT,UNKNOWN,1998.0,1,28.0,1,George Kirby,2.862719035502815,1,23.0,0.0,5.447371927253658,17.0,11.55262807274634,1,1
2026,27498,2025,25,2,0,1.0235962081512893,0.0,125.33333333333331,0.0,PIT,UNKNOWN,1998.0,1,28.0,1,Spencer Strider,0.5999617200624517,1,4.0,0.0,0.0,25.0,25.0,1,1
2026,14710,2025,16,2,1,11.796765957944595,0.0,66.33333333333331,28.0,PIT,RP,1994.0,1,32.0,1,Edwin Diaz,-1.270845304382423,1,,0.0,52.383545072020965,-16.0,36.383545072020965,0,1
2026,16252,2025,31,2,0,9.377212983290418,639.0,0.0,0.0,HIT,UNKNOWN,1993.0,1,33.0,0,Trea Turner,6.788624183457357,1,32.0,11.362820576364468,27.445830874203676,19.63717942363553,3.5541691257963244,1,1
2026,12161,2025,2,2,1,5.479170694884511,552.0,0.0,0.0,HIT,MI,1992.0,1,34.0,0,Xander Bogaerts,4.706361415754651,1,,0.0,3.227131376667425,-2.0,1.2271313766674248,0,1
2026,14212,2025,18,2,0,10.28165249844574,0.0,52.66666666666668,28.0,PIT,UNKNOWN,1994.0,1,32.0,1,Josh Hader,10.793676095198819,1,15.0,46.15130587155821,42.97008188579132,-28.151305871558208,-24.970081885791323,0,0
2026,18314,2025,5,2,0,7.085188093550499,645.0,0.0,0.0,HIT,UNKNOWN,1994.0,1,32.0,0,Dansby Swanson,6.3961196968537335,1,3.0,8.924173812381994,13.205384532564487,-3.9241738123819943,-8.205384532564487,0,0
2026,21390,2025,14,2,1,9.748935583802014,0.0,171.0,0.0,PIT,SP,1996.0,1,30.0,1,Joe Ryan,5.59607352243861,1,,13.858384065217646,39.66028945193675,-0.14161593478235446,25.660289451936748,0,1
2026,17295,2025,23,2,0,6.538501306453856,0.0,192.0,0.0,PIT,UNKNOWN,1993.0,1,33.0,1,Framber Valdez,2.3974050773432474,1,22.0,0.0,19.713727237630533,23.0,3.2862727623694674,1,1
2026,29695,2025,5,2,0,4.583015553336502,577.0,0.0,0.0,HIT,UNKNOWN,1999.0,1,27.0,0,Matt McLain,3.8372213017882704,1,1.0,0.0,0.0,5.0,5.0,1,1
2026,30122,2025,13,2,0,7.505877904340128,0.0,167.66666666666663,0.0,PIT,UNKNOWN,1999.0,1,27.0,1,Gavin Williams,10.108460570473607,1,19.0,41.8940332058086,25.72407843234208,-28.894033205808597,-12.724078432342079,0,0
2026,10155,2025,16,2,0,5.25654294820858,556.0,0.0,0.0,HIT,UNKNOWN,1991.0,1,35.0,0,Mike Trout,6.236621689015973,1,4.0,7.933206029972915,1.8439358909245187,8.066793970027085,14.156064109075482,1,1
2026,13743,2025,17,2,1,12.625795839385678,0.0,195.33333333333331,0.0,PIT,SP,1994.0,1,32.0,1,Max Fried,6.346790919822196,1,,18.52262260077258,57.534342340900906,1.5226226007725785,40.534342340900906,1,1
2026,18360,2025,20,2,0,4.463409326813052,447.0,0.0,0.0,HIT,UNKNOWN,1997.0,1,29.0,0,Austin Riley,5.022320267967273,1,26.0,0.38870059880265995,0.0,19.61129940119734,20.0,1,1
2026,18882,2025,1,2,1,7.025049146664029,553.0,0.0,0.0,HIT,MI,1994.0,1,32.0,0,Brandon Lowe,7.970960232196081,1,,18.70872381468402,12.831738744504719,17.70872381468402,11.831738744504719,1,1
2026,15816,2025,21,2,0,4.677395444242647,0.0,62.0,18.0,PIT,UNKNOWN,1994.0,1,32.0,1,Devin Williams,3.0388548947559944,1,13.0,0.0,8.150598806710128,21.0,12.849401193289872,1,1
2026,27615,2025,7,2,1,6.118177659379176,546.0,1.0,0.0,HIT,OF,1998.0,1,28.0,0,Alec Burleson,8.910186061451835,1,,24.5441731084811,7.197308328302793,17.5441731084811,0.19730832830279343,1,1
2026,12768,2025,7,2,1,5.481727737042091,0.0,180.66666666666663,0.0,PIT,SP,1989.0,1,37.0,1,Sonny Gray,11.460982913376656,1,,50.29731099576511,13.147948926131308,43.29731099576511,6.147948926131308,1,1
2026,18401,2025,26,2,1,6.05961927087813,412.0,0.0,0.0,HIT,OF,1997.0,1,29.0,0,Ronald Acuna Jr.,5.9165140553444475,1,,5.944363936130859,6.833482615486633,-20.05563606386914,-19.166517384513366,0,0
2026,21479,2025,1,2,1,7.858644857962356,649.0,0.0,0.0,HIT,MI,1997.0,1,29.0,0,Nico Hoerner,6.607581428160449,1,,10.23799437840783,18.01090370493034,9.23799437840783,17.01090370493034,1,1
2026,21483,2025,1,2,1,0.0,0.0,0.0,0.0,,SP,1997.0,0,29.0,0,Shane McClanahan,6.942470774812868,1,,12.318675872198906,0.0,11.318675872198906,-1.0,1,0
2026,10233,2025,2,2,1,12.841495605294783,0.0,61.333333333333336,32.0,PIT,RP,1988.0,1,38.0,1,Aroldis Chapman,10.448822480964093,1,,44.008715967228156,58.87449399286717,42.008715967228156,56.87449399286717,1,1
2026,17919,2025,7,2,0,6.302764335345586,663.0,0.0,0.0,HIT,UNKNOWN,1994.0,1,32.0,0,Ian Happ,5.855635814181253,1,10.0,5.566124881861156,8.344153053352645,1.433875118138844,-1.3441530533526453,1,0
2026,24064,2024,3,1,0,3.1063762769514542,390.0,0.0,0.0,HIT,UNKNOWN,2001.0,1,25.0,0,Ezequiel Tovar,3.0579911636546653,1,1.0,0.0,0.0,3.0,3.0,1,1
2026,24586,2024,2,1,1,2.1841722289194507,0.0,32.0,0.0,PIT,SP,1996.0,1,30.0,1,Kyle Bradish,2.372945953984851,1,,0.0,0.0,-2.0,-2.0,0,0
2026,3096,2024,6,1,0,9.131901570658682,0.0,59.0,29.0,PIT,UNKNOWN,1987.0,1,39.0,1,Kenley Jansen,5.561850339281567,1,1.0,13.645753999301013,35.826631364510405,-7.645753999301013,-29.826631364510405,0,0
2026,27676,2024,9,1,1,7.914782006015247,682.0,0.0,0.0,HIT,CI,1997.0,1,29.0,0,Vinnie Pasquantino,3.849297824094899,1,,0.0,18.359686149745134,-9.0,9.359686149745134,0,1
2026,21534,2024,1,1,1,11.401677435094411,705.0,0.0,0.0,HIT,C,1996.0,1,30.0,0,Cal Raleigh,3.3562232852225766,1,,0.0,40.023913043172655,-1.0,39.023913043172655,0,1
2026,33825,2024,27,1,1,12.75342294684068,0.0,173.66666666666663,0.0,PIT,SP,1998.0,1,28.0,1,Yoshinobu Yamamoto,13.780654692675279,1,,64.70952861660652,58.327294888487685,37.70952861660652,31.327294888487685,1,1
2026,14374,2024,22,1,0,4.433611566125279,0.0,90.33333333333331,0.0,PIT,UNKNOWN,1993.0,1,33.0,1,Tyler Glasnow,4.820664310449649,1,23.0,9.04073425453234,6.635959392964054,12.95926574546766,15.364040607035946,1,1
2026,33829,2024,4,1,0,6.451454910471881,0.0,144.66666666666663,0.0,PIT,UNKNOWN,1993.0,1,33.0,1,Shota Imanaga,6.5014061187101815,1,14.0,19.48325328729888,19.172904344841157,-15.48325328729888,-15.172904344841157,0,0
2026,24617,2024,1,1,1,7.421953560820168,696.0,0.0,0.0,HIT,OF,1996.0,1,30.0,0,Jarren Duran,5.424572591686073,1,,2.887911081794948,15.297722442086467,1.887911081794948,14.297722442086467,1,1
2026,33333,2024,16,1,0,6.2988159506954124,573.0,0.0,0.0,HIT,UNKNOWN,2001.0,1,25.0,0,Wyatt Langford,4.765676883714184,1,26.0,0.0,8.319621574659443,16.0,7.680378425340557,1,1
2026,12856,2024,13,1,0,10.31310265536145,586.0,0.0,0.0,HIT,UNKNOWN,1989.0,1,37.0,0,George Springer,5.1921555030705875,1,18.0,1.4438940058353658,33.26055248411347,11.556105994164634,-20.260552484113468,1,0
2026,20036,2024,2,1,1,4.4006400871403635,438.0,0.0,0.0,HIT,CI,1999.0,1,27.0,0,Isaac Paredes,6.042551990969272,1,,6.727442892782136,0.0,4.727442892782136,-2.0,1,0
2026,18525,2024,17,1,0,2.365094156223481,0.0,168.0,0.0,PIT,UNKNOWN,1995.0,1,31.0,1,Dylan Cease,13.750192311763263,1,23.0,64.52026457206756,0.0,-47.52026457206756,17.0,0,1
2026,31838,2024,1,1,1,4.3021686499289755,0.0,113.33333333333331,0.0,PIT,SP,1993.0,1,33.0,1,Kodai Senga,-2.803458924930949,1,,0.0,5.819299066341494,-1.0,4.819299066341494,0,1
2026,15454,2024,1,1,0,11.98000516530438,0.0,181.66666666666663,0.0,PIT,UNKNOWN,1993.0,1,33.0,1,Nick Pivetta,0.6856785352670907,1,18.0,0.0,53.522017918355374,1.0,-52.522017918355374,1,0
2026,26221,2024,4,1,1,6.0445627872319,0.0,167.66666666666663,0.0,PIT,RP,1997.0,1,29.0,1,Ryan Pepiot,0.0,0,,0.0,16.644866593692615,-4.0,12.644866593692615,0,1
2026,19569,2024,10,1,1,9.72902456521182,0.0,62.66666666666668,27.0,PIT,RP,1994.0,1,32.0,1,David Bednar,11.66337276132367,1,,51.55476757168781,39.53658146206705,41.55476757168781,29.536581462067048,1,1
2026,12916,2024,21,1,1,10.210311223819163,732.0,0.0,0.0,HIT,MI,1993.0,1,33.0,0,Francisco Lindor,3.7796107232939344,1,,0.0,32.62190502796638,-21.0,11.621905027966378,0,1
2026,31349,2024,1,1,0,4.012212210667519,463.0,0.0,0.0,HIT,UNKNOWN,2001.0,1,25.0,0,Victor Scott II,1.152193699335208,1,3.0,0.0,0.0,1.0,1.0,1,1
2026,28806,2024,14,1,1,7.844032228974775,589.0,0.0,0.0,HIT,OF,2004.0,1,22.0,0,Jackson Chourio,7.989914688061391,1,,18.826488640403493,17.920114830891738,4.826488640403493,3.9201148308917375,1,1
2026,7304,2024,4,1,1,5.938792420104065,641.0,0.0,0.0,HIT,C,1990.0,1,36.0,0,Salvador Perez,4.5239891090996736,1,,0.0,6.082780346597848,-4.0,2.082780346597848,0,1
2026,29837,2024,1,1,1,-2.024973342999347,0.0,90.33333333333331,0.0,PIT,SP,1998.0,1,28.0,1,Bryce Miller,3.4137329779220082,1,,0.2994111402339429,0.0,-0.7005888597660571,-1.0,0,0
2026,25764,2024,39,1,1,10.550265263372228,687.0,0.0,0.0,HIT,MI,2000.0,1,26.0,0,Bobby Witt,9.373634978127404,1,,27.423600578729094,34.734053670221414,-11.576399421270906,-4.265946329778586,0,0
2026,26289,2024,29,1,0,7.912236434689689,651.0,0.0,0.0,HIT,UNKNOWN,2001.0,1,25.0,0,Gunnar Henderson,5.890893400645311,1,36.0,5.785181738714965,18.343870408811124,23.214818261285036,10.656129591188876,1,1
2026,22201,2024,1,1,1,1.86507798988574,0.0,159.66666666666663,0.0,PIT,SP,1999.0,1,27.0,1,MacKenzie Gore,2.580189165678867,1,,0.0,0.0,-1.0,-1.0,0,0
2026,22715,2024,4,1,1,7.90562286847473,666.0,0.0,0.0,HIT,CI,2000.0,1,26.0,0,Maikel Garcia,3.0325702538154196,1,,0.0,18.30278004577336,-4.0,14.30278004577336,0,1
2026,16578,2024,7,1,0,8.05116362392187,651.0,0.0,0.0,HIT,UNKNOWN,1991.0,1,35.0,0,Yandy Diaz,8.83451725484531,1,13.0,24.07403965354363,19.207030836305485,-17.07403965354363,-12.207030836305485,0,0
2026,11493,2024,20,1,1,8.72223141014899,678.0,0.0,0.0,HIT,CI,1992.0,1,34.0,0,Manny Machado,6.243032569883748,1,,7.973037100485658,23.376403012038825,-12.026962899514341,3.376403012038825,0,1
2026,13543,2024,16,1,0,3.926918835697244,0.0,61.333333333333336,0.0,PIT,UNKNOWN,1992.0,1,34.0,1,Blake Snell,3.2255774252157683,1,7.0,0.0,3.4878563022607736,16.0,12.512143697739226,1,1
2026,22250,2024,12,1,1,6.846582186905627,0.0,131.0,0.0,PIT,SP,1997.0,1,29.0,1,Logan Gilbert,8.866254994192962,1,,34.176158093066356,21.627846611550694,22.176158093066356,9.627846611550694,1,1
2026,22267,2024,23,1,1,16.533272659853495,0.0,195.33333333333331,0.0,PIT,SP,1996.0,1,30.0,1,Tarik Skubal,10.063770154200666,1,,41.61636978349186,81.81165898006923,18.616369783491862,58.811658980069225,1,1
2026,19709,2024,34,1,1,9.220759920601637,691.0,0.0,0.0,HIT,OF,1999.0,1,27.0,0,Fernando Tatis Jr.,9.683158528548706,1,,29.346683321407493,26.47378146314448,-4.653316678592507,-7.52621853685552,0,0
2026,22275,2024,4,1,1,3.585124666574544,376.0,0.0,0.0,HIT,CI,1996.0,1,30.0,0,Jake Burger,6.404959516392045,1,,8.979095980273193,0.0,4.979095980273193,-4.0,1,0
2026,13066,2024,6,1,1,6.251485799446295,546.0,0.0,0.0,HIT,OF,1992.0,1,34.0,0,Teoscar Hernandez,4.69206638697604,1,,0.0,8.02555736871567,-6.0,2.0255573687156705,0,1
2026,17678,2024,12,1,1,5.397547840811746,495.0,0.0,0.0,HIT,CI,1994.0,1,32.0,0,Alex Bregman,7.71342129386085,1,,17.10862363747271,2.720005176215672,5.108623637472711,-9.279994823784328,1,0
2026,12564,2024,2,1,0,9.183260278632163,654.0,0.0,0.0,HIT,UNKNOWN,1992.0,1,34.0,0,Trevor Story,1.7006927755347785,1,15.0,0.0,26.240794621820275,2.0,-24.240794621820275,1,0
2026,15640,2024,39,1,1,14.094494670259865,679.0,0.0,0.0,HIT,OF,1992.0,1,34.0,0,Aaron Judge,4.2696141255413815,1,,0.0,56.75449896170783,-39.0,17.75449896170783,0,1
2026,20778,2024,5,1,1,13.055085011566716,0.0,202.0,0.0,PIT,SP,1996.0,1,30.0,1,Cristopher Sanchez,13.121857174807477,1,,60.616392130524964,60.20153389229129,55.616392130524964,55.20153389229129,1,1
2026,13611,2024,35,1,0,7.071353280013295,663.0,0.0,0.0,HIT,UNKNOWN,1992.0,1,34.0,0,Mookie Betts,5.077402208107766,1,22.0,0.7309269927983544,13.119428258396152,34.26907300720165,21.88057174160385,1,1
2026,19755,2024,32,1,1,15.600132999222565,727.0,47.0,0.0,HIT,UTIL,1994.0,1,32.0,0,Shohei Ohtani,18.73196385910677,1,,85.56728866586894,66.10909276628976,53.567288665868944,34.10909276628976,1,1
2026,13613,2024,13,1,1,7.518519322902124,556.0,0.0,0.0,HIT,MI,1993.0,1,33.0,0,Ketel Marte,6.359613396404136,1,,8.697358643396964,15.89768955392862,-4.302641356603036,2.89768955392862,0,1
2026,13624,2024,30,1,0,5.201436924713358,445.0,0.0,0.0,HIT,UNKNOWN,1994.0,1,32.0,0,Corey Seager,3.573014805768261,1,19.0,0.0,1.5015598660403109,30.0,28.49844013395969,1,1
2026,13125,2024,13,1,0,0.0,0.0,0.0,0.0,PIT,UNKNOWN,1990.0,0,36.0,1,Gerrit Cole,6.505461495975862,1,16.0,19.50844951557962,0.0,-6.5084495155796205,13.0,0,1
2026,21846,2024,11,1,1,1.6821367965329403,0.0,61.66666666666668,0.0,PIT,RP,1997.0,1,29.0,1,Cole Ragans,-0.0646971820450506,1,,0.0,0.0,-11.0,-11.0,0,0
2026,10603,2024,9,1,1,8.420509663034561,0.0,125.66666666666669,0.0,PIT,SP,1989.0,1,37.0,1,Chris Sale,14.723775149754747,1,,70.56917539568943,31.406723738835726,61.56917539568943,22.406723738835726,1,1
2026,25976,2024,3,1,1,8.335470037969536,655.0,0.0,0.0,HIT,OF,2000.0,1,26.0,0,Riley Greene,6.5121507349156165,1,,9.645079496644625,20.973438457772918,6.645079496644625,17.973438457772918,1,1
2026,19326,2024,13,1,0,5.043056441803544,654.0,0.0,0.0,HIT,UNKNOWN,1995.0,1,31.0,0,Bryan Reynolds,7.653667110837407,1,4.0,16.737368403359447,0.5175353126699371,-3.737368403359447,12.482464687330063,0,1
2026,19853,2024,3,1,1,3.0761101026619326,0.0,73.33333333333331,0.0,PIT,RP,1995.0,1,31.0,1,Michael King,8.769688391627666,1,,33.57618575926611,0.0,30.57618575926611,-3.0,1,0
2026,20373,2024,3,1,1,11.1876981821492,0.0,62.333333333333336,38.0,PIT,RP,1999.0,1,27.0,1,Andres Munoz,7.943031845988001,1,,28.44013412481713,48.599381549861285,25.44013412481713,45.599381549861285,1,1
2026,26517,2024,1,1,0,4.444057171964927,360.0,0.0,0.0,HIT,UNKNOWN,2001.0,1,25.0,0,Noelvi Marte,1.310651269942932,1,9.0,0.0,0.0,1.0,1.0,1,1
2026,18839,2024,9,1,1,9.28323674975291,604.0,0.0,0.0,HIT,CI,1997.0,1,29.0,0,Josh Naylor,6.3949102453093305,1,,8.916659439436925,26.861952611331883,-0.08334056056307482,17.861952611331883,0,1
2026,30116,2024,16,1,1,7.308307083229656,651.0,0.0,0.0,HIT,OF,1994.0,1,32.0,0,Seiya Suzuki,8.051687819345643,1,,19.210287684360758,14.591632131597898,3.2102876843607575,-1.4083678684021024,1,0
2026,18345,2024,33,1,1,7.985384894316908,597.0,0.0,0.0,HIT,OF,1997.0,1,29.0,0,Kyle Tucker,5.120047472465454,1,,0.9958838008719284,18.798344842731073,-32.00411619912807,-14.201655157268927,0,0
2026,9132,2024,5,1,1,12.691124010023648,0.0,130.0,0.0,PIT,SP,1990.0,1,36.0,1,Nathan Eovaldi,4.938465843845435,1,,9.772640100230143,57.94022899280068,4.772640100230143,52.94022899280068,1,1
2026,30134,2024,17,1,0,4.239050467872305,0.0,182.33333333333331,0.0,PIT,UNKNOWN,1999.0,1,27.0,1,Tanner Bibee,3.6512805119590994,1,6.0,1.7753038878156489,5.4271431657736695,15.22469611218435,11.57285683422633,1,1
2026,17350,2024,30,1,1,8.363798432288357,729.0,0.0,0.0,HIT,CI,1996.0,1,30.0,0,Rafael Devers,8.671953453470215,1,,23.064023967877315,21.149443954505436,-6.935976032122685,-8.850556045494564,0,0
2026,23003,2024,5,1,0,5.104220476521823,567.0,0.0,0.0,HIT,UNKNOWN,1998.0,1,28.0,0,Yainer Diaz,3.2306468448437515,1,2.0,0.0,0.8975500142304593,5.0,4.102449985769541,1,1
2026,20454,2024,15,1,1,8.04166854838717,531.0,0.0,0.0,HIT,OF,1998.0,1,28.0,0,Jazz Chisholm Jr.,7.735612305819974,1,,17.24649732134289,19.148037535549033,2.24649732134289,4.148037535549033,1,1
