decision_season,fg_id,buy_season,keeper_salary,years_control_left,kept,rp_prior,PA_prior,IP_prior,SV_prior,role,pos_group,birth_year,played_prior,age,is_pit
2023,9218,2022,36,2,1,15.46975799819599,651.0,0.0,0.0,HIT,CI,1987.0,1,36.0,0
2023,10243,2022,25,2,0,7.889144059912484,538.0,1.0,0.0,HIT,OF,1991.0,1,32.0,0
2023,14344,2022,39,2,0,10.109064435329072,699.0,0.0,0.0,HIT,UNKNOWN,1994.0,1,29.0,0
2023,12304,2022,20,2,1,10.898793020980774,0.0,181.2,0.0,PIT,SP,1989.0,1,34.0,1
2023,21524,2022,5,2,0,2.8602153148875704,291.0,0.0,0.0,HIT,C,1996.0,1,27.0,0
2023,3096,2022,29,2,1,13.371161017109339,0.0,64.0,41.0,PIT,UNKNOWN,1987.0,1,36.0,1
2023,9241,2022,42,2,0,10.229110739914965,505.0,0.0,0.0,HIT,OF,1988.0,1,35.0,0
2023,13853,2022,7,2,0,4.142657045290138,371.0,0.0,0.0,HIT,CI,1990.0,1,33.0,0
2023,9777,2022,29,2,0,11.928612910251752,620.0,0.0,0.0,HIT,CI,1991.0,1,32.0,0
2023,13361,2022,19,2,0,1.3324775222602943,0.0,48.0,0.0,PIT,SP,1991.0,1,32.0,1
2023,10324,2022,22,2,0,5.937959039428012,507.0,0.0,0.0,HIT,UTIL,1990.0,1,33.0,0
2023,2136,2022,1,2,0,5.076496385156225,490.0,0.0,0.0,HIT,UTIL,1987.0,1,36.0,0
2023,15986,2022,26,2,0,10.35549342053439,617.0,0.0,0.0,HIT,UNKNOWN,1995.0,1,28.0,0
2023,5235,2022,20,2,1,7.957366805499951,532.0,0.0,0.0,HIT,UTIL,1984.0,1,39.0,0
2023,12916,2022,28,2,1,12.990322740840448,706.0,0.0,0.0,HIT,MI,1993.0,1,30.0,0
2023,9847,2022,14,2,0,7.18834349019148,580.0,0.0,0.0,HIT,OF,1986.0,1,37.0,0
2023,15998,2022,22,2,0,7.200583638623188,550.0,0.0,0.0,HIT,UNKNOWN,1995.0,1,28.0,0
2023,18564,2022,20,2,0,4.392894468168064,524.0,0.0,0.0,HIT,OF,1996.0,1,27.0,0
2023,12970,2022,31,2,0,12.017914259205183,0.0,181.0,0.0,PIT,SP,1992.0,1,31.0,1
2023,7859,2022,16,2,0,7.834594928967689,577.0,0.0,0.0,HIT,OF,1986.0,1,37.0,0
2023,11445,2022,9,2,0,7.199727077195342,542.0,0.0,0.0,HIT,OF,1989.0,1,34.0,0
2023,26294,2022,7,2,0,5.86175788711232,466.0,0.0,0.0,HIT,MI,1997.0,1,26.0,0
2023,2233,2022,17,2,0,6.235922506360554,0.0,191.2,0.0,HIT,SP,1981.0,1,42.0,0
2023,22201,2022,2,2,0,0.5447645470605662,0.0,70.0,0.0,PIT,SP,1999.0,1,24.0,1
2023,6655,2022,25,2,0,7.676989931038569,0.0,60.0,22.0,PIT,SP,1988.0,1,35.0,1
2023,11477,2022,27,2,0,9.492107131394995,671.0,0.0,0.0,HIT,UNKNOWN,1991.0,1,32.0,0
2023,13543,2022,21,2,0,7.633612024934968,0.0,128.0,0.0,PIT,UNKNOWN,1992.0,1,31.0,1
2023,5361,2022,39,2,0,15.14541387765407,708.0,0.0,0.0,HIT,UNKNOWN,1989.0,1,34.0,0
2023,13050,2022,12,2,0,-1.97822047353934,0.0,19.0,0.0,PIT,SP,1990.0,1,33.0,1
2023,12546,2022,23,2,0,10.040226142255744,632.0,0.0,0.0,HIT,CI,1990.0,1,33.0,0
2023,16137,2022,26,2,1,15.33259389363139,0.0,178.0,0.0,PIT,UNKNOWN,1992.0,1,31.0,1
2023,13074,2022,26,2,1,15.802086794515553,0.0,194.2,0.0,PIT,SP,1986.0,1,37.0,1
2023,16149,2022,32,2,0,14.649705545739442,0.0,205.0,0.0,PIT,UNKNOWN,1993.0,1,30.0,1
2023,15653,2022,6,2,0,0.4902337743969668,152.0,0.0,0.0,HIT,CI,1995.0,1,28.0,0
2023,13613,2022,32,2,0,5.943713120707032,558.0,0.0,0.0,HIT,MI,1993.0,1,30.0,0
2023,10047,2022,9,2,0,3.5687628059968888,286.0,3.2,0.0,HIT,OF,1990.0,1,33.0,0
2023,16219,2022,4,2,0,4.309133280507395,365.0,0.0,0.0,HIT,CI,1993.0,1,30.0,0
2023,27506,2022,9,2,0,6.906572911850799,582.0,0.0,0.0,HIT,MI,1995.0,1,28.0,0
2023,17277,2022,15,2,0,5.2530498955634375,0.0,155.1,0.0,PIT,SP,1995.0,1,28.0,1
2023,14221,2022,18,2,0,2.934067751001872,306.0,0.0,0.0,HIT,UTIL,1992.0,1,31.0,0
2023,2967,2022,15,2,0,7.794434151708742,622.0,0.0,0.0,HIT,OF,1988.0,1,35.0,0
2023,30115,2022,16,2,0,5.246742836189552,0.0,47.2,1.0,PIT,SP,1991.0,1,32.0,1
2023,30116,2022,25,2,0,6.51639515489136,446.0,0.0,0.0,HIT,OF,1994.0,1,29.0,0
2023,15279,2022,1,2,0,4.5325340865831345,469.0,0.0,0.0,HIT,CI,1990.0,1,33.0,0
2023,18363,2022,9,2,0,4.400448242802172,407.0,0.0,0.0,HIT,OF,1997.0,1,26.0,0
2023,13774,2022,5,2,1,2.8618459249801287,0.0,75.2,1.0,PIT,SP,1994.0,1,29.0,1
2023,13301,2022,27,2,0,5.540950809293096,565.0,0.0,0.0,HIT,UNKNOWN,1990.0,1,33.0,0
2024,24064,2023,10,2,0,7.221146285383568,615.0,0.0,0.0,HIT,UNKNOWN,2001.0,1,23.0,0
2024,14344,2023,30,2,1,14.994567208335521,720.0,0.0,0.0,HIT,UNKNOWN,1994.0,1,30.0,0
2024,19470,2023,27,2,0,6.7807419584113084,528.0,0.0,0.0,HIT,OF,1995.0,1,29.0,0
2024,21524,2023,3,2,1,0.1993351615975162,95.0,0.0,0.0,HIT,C,1996.0,1,28.0,0
2024,9241,2023,28,2,0,4.255927543341761,341.0,0.0,0.0,HIT,OF,1988.0,1,36.0,0
2024,9777,2023,36,2,0,8.467307173095952,612.0,0.0,0.0,HIT,CI,1991.0,1,33.0,0
2024,31838,2023,22,2,0,11.975773310819154,0.0,166.1,0.0,PIT,SP,1993.0,1,31.0,1
2024,26221,2023,10,2,0,4.668781814384778,0.0,42.0,0.0,PIT,RP,1997.0,1,27.0,1
2024,15986,2023,26,2,1,6.184057360880704,638.0,0.0,0.0,HIT,UNKNOWN,1995.0,1,29.0,0
2024,18568,2023,10,2,1,9.557951113778566,617.0,0.0,0.0,HIT,CI,1997.0,1,27.0,0
2024,22664,2023,3,2,1,4.552594170219153,380.0,0.0,0.0,HIT,C,2000.0,1,24.0,0
2024,19600,2023,7,2,0,6.7655246709891586,626.0,0.0,0.0,HIT,OF,1996.0,1,28.0,0
2024,12970,2023,25,2,0,8.048377193503631,0.0,97.1,0.0,PIT,SP,1992.0,1,32.0,1
2024,22201,2023,7,2,0,3.4788838970650287,0.0,136.1,0.0,PIT,SP,1999.0,1,25.0,1
2024,26323,2023,6,2,1,9.175412670614877,665.0,0.0,0.0,HIT,OF,1997.0,1,27.0,0
2024,11477,2023,24,2,0,10.735468615308719,632.0,0.0,0.0,HIT,UNKNOWN,1991.0,1,33.0,0
2024,11493,2023,39,2,0,8.582025866815728,601.0,0.0,0.0,HIT,CI,1992.0,1,32.0,0
2024,13543,2023,24,2,0,16.193660369670024,0.0,180.0,0.0,PIT,UNKNOWN,1992.0,1,32.0,1
2024,20202,2023,8,2,0,6.4225294150776895,472.0,0.0,0.0,HIT,OF,1997.0,1,27.0,0
2024,5361,2023,33,2,1,15.432441454741648,730.0,0.0,0.0,HIT,UNKNOWN,1989.0,1,35.0,0
2024,18684,2023,30,2,1,6.1277466414307895,0.0,184.2,0.0,PIT,UNKNOWN,1995.0,1,29.0,1
2024,16149,2023,29,2,0,8.684225299936823,0.0,193.2,0.0,PIT,UNKNOWN,1993.0,1,31.0,1
2024,16162,2023,34,2,1,7.740908638684665,0.0,67.0,0.0,PIT,SP,1993.0,1,31.0,1
2024,19238,2023,7,2,0,7.69900854224198,592.0,0.0,0.0,HIT,OF,1993.0,1,31.0,0
2024,13613,2023,20,2,0,9.54737223166433,650.0,0.0,0.0,HIT,MI,1993.0,1,31.0,0
2024,19251,2023,32,2,1,9.910574573412585,658.0,0.0,0.0,HIT,CI,1994.0,1,30.0,0
2024,13621,2023,1,2,1,7.387735285058223,576.0,0.0,0.0,HIT,CI,1993.0,1,31.0,0
2024,27475,2023,17,2,0,6.002757754402885,465.0,0.0,0.0,HIT,OF,2002.0,1,22.0,0
2024,16252,2023,45,2,0,10.898555146734314,691.0,0.0,0.0,HIT,UNKNOWN,1993.0,1,31.0,0
2024,12161,2023,22,2,0,9.071515770610734,665.0,0.0,0.0,HIT,MI,1992.0,1,32.0,0
2024,14212,2023,23,2,1,12.374497720085822,0.0,56.1,33.0,PIT,UNKNOWN,1994.0,1,30.0,1
2024,18314,2023,23,2,0,7.634442166963086,638.0,0.0,0.0,HIT,UNKNOWN,1994.0,1,30.0,0
2024,14221,2023,6,2,1,8.206939402704537,580.0,0.0,0.0,HIT,UTIL,1992.0,1,32.0,0
2024,19352,2023,19,2,0,6.236941326402348,438.0,0.0,0.0,HIT,C,1994.0,1,30.0,0
2024,17312,2023,13,2,1,13.153594372617281,0.0,173.1,0.0,PIT,SP,1995.0,1,29.0,1
2024,30116,2023,17,2,0,8.369050192515,583.0,0.0,0.0,HIT,OF,1994.0,1,30.0,0
2024,13743,2023,30,2,0,7.3036839095538735,0.0,77.2,0.0,PIT,SP,1994.0,1,30.0,1
2024,11737,2023,23,2,0,10.286921619805458,671.0,0.0,0.0,HIT,OF,1992.0,1,32.0,0
2024,16376,2023,18,2,0,5.060856362982679,470.0,0.0,0.0,HIT,OF,1993.0,1,31.0,0
2024,8700,2023,30,2,0,11.26057717450611,0.0,162.1,0.0,PIT,SP,1983.0,1,41.0,1
2024,15873,2022,19,1,1,4.76654249734832,0.0,117.2,1.0,PIT,SP,1992.0,1,32.0,1
2024,9218,2022,36,1,0,9.296456720564844,687.0,0.0,0.0,HIT,CI,1987.0,1,37.0,0
2024,14854,2022,13,1,1,4.238934704741911,381.0,0.0,0.0,HIT,OF,1990.0,1,34.0,0
2024,12304,2022,20,1,0,12.13372525012589,0.0,200.0,0.0,PIT,SP,1989.0,1,35.0,1
2024,3096,2022,29,1,0,7.923523245724555,0.0,44.2,29.0,PIT,UNKNOWN,1987.0,1,37.0,1
2024,16939,2022,1,1,1,10.171911401642959,682.0,1.0,0.0,HIT,OF,1995.0,1,29.0,0
2024,10310,2022,29,1,1,12.891616699647784,0.0,192.0,0.0,PIT,UNKNOWN,1990.0,1,34.0,1
2024,17479,2022,15,1,1,0.3927241605909422,0.0,144.1,0.0,PIT,UNKNOWN,1995.0,1,29.0,1
2024,16478,2022,30,1,1,8.789250780725958,720.0,0.0,0.0,HIT,UTIL,1993.0,1,31.0,0
2024,13419,2022,1,1,1,10.188167349022262,661.0,0.0,0.0,HIT,CI,1991.0,1,33.0,0
2024,5235,2022,20,1,0,9.266660064237826,626.0,0.0,0.0,HIT,UTIL,1984.0,1,40.0,0
2024,12916,2022,28,1,0,11.882975542125903,687.0,0.0,0.0,HIT,MI,1993.0,1,31.0,0
2024,12927,2022,10,1,1,8.439327953478914,682.0,0.0,0.0,HIT,UNKNOWN,1993.0,1,31.0,0
2024,22182,2022,13,1,1,1.9725918494574917,0.0,112.0,0.0,PIT,UNKNOWN,1999.0,1,25.0,1
2024,21711,2022,8,1,1,0.6618861830369971,40.0,0.0,0.0,HIT,UNKNOWN,1998.0,1,26.0,0
2024,16137,2022,26,1,0,-1.7993397194735863,0.0,64.1,0.0,PIT,UNKNOWN,1992.0,1,32.0,1
2024,26378,2022,6,1,1,-1.0716797989987061,0.0,34.1,0.0,PIT,SP,1998.0,1,26.0,1
2024,13074,2022,26,1,0,4.26744526745252,0.0,136.1,0.0,PIT,SP,1986.0,1,38.0,1
2024,10231,2022,1,1,1,0.0,0.0,0.0,0.0,HIT,MI,1990.0,0,34.0,0
2024,19291,2022,15,1,1,14.560666160175465,0.0,210.0,0.0,PIT,SP,1995.0,1,29.0,1
2024,13774,2022,5,1,0,13.948665362231091,0.0,177.2,0.0,PIT,SP,1994.0,1,30.0,1
2024,11739,2022,18,1,1,7.332613951629132,540.0,0.0,0.0,HIT,C,1991.0,1,33.0,0
2024,18401,2022,40,1,1,21.067353785066704,735.0,0.0,0.0,HIT,OF,1997.0,1,27.0,0
2024,17919,2022,7,1,1,8.33053084522062,691.0,0.0,0.0,HIT,UNKNOWN,1994.0,1,30.0,0
2025,24064,2024,3,2,1,7.708135902112447,695.0,0.0,0.0,HIT,UNKNOWN,2001.0,1,24.0,0
2025,9218,2024,18,2,0,6.077183850124192,654.0,0.0,0.0,HIT,CI,1987.0,1,38.0,0
2025,17929,2024,7,2,0,6.397838121968644,499.0,0.0,0.0,HIT,OF,1994.0,1,31.0,0
2025,19470,2024,7,2,0,1.8684949931684316,153.0,0.0,0.0,HIT,OF,1995.0,1,30.0,0
2025,21523,2024,2,2,0,5.986453283910475,637.0,0.0,0.0,HIT,MI,1996.0,1,29.0,0
2025,3096,2024,6,2,1,6.859791375691767,0.0,54.2,27.0,PIT,UNKNOWN,1987.0,1,38.0,1
2025,21029,2024,11,2,0,6.213717405058615,0.0,54.1,23.0,PIT,RP,1998.0,1,27.0,1
2025,14374,2024,22,2,1,7.751603567377016,0.0,134.0,0.0,PIT,UNKNOWN,1993.0,1,32.0,1
2025,33829,2024,4,2,1,10.795166217639634,0.0,173.1,0.0,PIT,UNKNOWN,1993.0,1,32.0,1
2025,9777,2024,12,2,0,6.165906119614862,635.0,0.0,0.0,HIT,CI,1991.0,1,34.0,0
2025,33333,2024,16,2,1,6.739454097489879,557.0,0.0,0.0,HIT,UNKNOWN,2001.0,1,24.0,0
2025,12856,2024,13,2,1,5.188932874314748,614.0,0.0,0.0,HIT,UNKNOWN,1989.0,1,36.0,0
2025,17995,2024,26,2,0,6.356877387857415,0.0,204.2,0.0,PIT,UNKNOWN,1996.0,1,29.0,1
2025,20043,2024,26,2,0,4.209678491164451,425.0,0.0,0.0,HIT,UNKNOWN,1997.0,1,28.0,0
2025,17998,2024,4,2,0,5.036209988272269,0.0,45.1,23.0,PIT,RP,1993.0,1,32.0,1
2025,18525,2024,17,2,1,9.538861835465019,0.0,189.1,0.0,PIT,UNKNOWN,1995.0,1,30.0,1
2025,15454,2024,1,2,1,3.9918986771592757,0.0,145.2,0.0,PIT,UNKNOWN,1993.0,1,32.0,1
2025,19556,2024,31,2,0,10.035269437565765,635.0,0.0,0.0,HIT,UTIL,1997.0,1,28.0,0
2025,31349,2024,1,2,1,0.5054560412959166,155.0,0.0,0.0,HIT,UNKNOWN,2001.0,1,24.0,0
2025,17548,2024,1,2,0,6.3968761352905,663.0,0.0,0.0,HIT,OF,1993.0,1,32.0,0
2025,23697,2024,36,2,0,7.915601136302213,613.0,0.0,0.0,HIT,UNKNOWN,2000.0,1,25.0,0
2025,19611,2024,37,2,0,10.961844431106899,697.0,0.0,0.0,HIT,CI,1999.0,1,26.0,0
2025,19612,2024,21,2,0,1.8835940482112337,336.0,0.0,0.0,HIT,MI,1998.0,1,27.0,0
2025,26289,2024,29,2,1,11.37266235737284,719.0,0.0,0.0,HIT,UNKNOWN,2001.0,1,24.0,0
2025,17085,2024,24,2,0,6.043058853595909,0.0,185.1,0.0,PIT,SP,1996.0,1,29.0,1
2025,16578,2024,7,2,1,5.574882086223411,621.0,0.0,0.0,HIT,UNKNOWN,1991.0,1,34.0,0
2025,13510,2024,30,2,0,13.213920317057536,682.0,0.0,0.0,HIT,UNKNOWN,1992.0,1,33.0,0
2025,11477,2024,18,2,0,5.688178484903943,315.0,0.0,0.0,HIT,UNKNOWN,1991.0,1,34.0,0
2025,13543,2024,16,2,1,5.760134868668938,0.0,104.0,0.0,PIT,UNKNOWN,1992.0,1,33.0,1
2025,12533,2024,23,2,0,6.854285063664914,718.0,0.0,0.0,HIT,UNKNOWN,1990.0,1,35.0,0
2025,18679,2024,17,2,0,5.9802564807905405,0.0,173.2,0.0,PIT,SP,1996.0,1,29.0,1
2025,16122,2024,1,2,0,0.6884974921207896,0.0,13.2,8.0,PIT,RP,1993.0,1,32.0,1
2025,16137,2024,10,2,0,6.349093150393097,0.0,175.0,0.0,PIT,UNKNOWN,1992.0,1,33.0,1
2025,16149,2024,18,2,0,7.17069314461357,0.0,199.1,0.0,PIT,UNKNOWN,1993.0,1,32.0,1
2025,12564,2024,2,2,1,1.0857329269023923,106.0,0.0,0.0,HIT,UNKNOWN,1992.0,1,33.0,0
2025,25880,2024,4,2,0,5.516787023887666,0.0,170.0,0.0,PIT,SP,1998.0,1,27.0,1
2025,14107,2024,27,2,0,5.562627319514974,0.0,181.0,0.0,PIT,SP,1991.0,1,34.0,1
2025,5417,2024,19,2,0,9.0538069274185,682.0,0.0,0.0,HIT,UNKNOWN,1990.0,1,35.0,0
2025,13611,2024,35,2,1,7.870092003060637,516.0,0.0,0.0,HIT,UNKNOWN,1992.0,1,33.0,0
2025,13624,2024,30,2,1,7.284947000759204,533.0,0.0,0.0,HIT,UNKNOWN,1994.0,1,31.0,0
2025,13125,2024,13,2,1,4.584012765414052,0.0,95.0,0.0,PIT,UNKNOWN,1990.0,1,35.0,1
2025,15689,2024,28,2,0,6.088012345518382,1.0,175.1,0.0,PIT,UNKNOWN,1992.0,1,33.0,1
2025,27465,2024,17,2,0,2.500441709503235,381.0,0.0,0.0,HIT,UNKNOWN,1999.0,1,26.0,0
2025,13649,2024,8,2,0,6.4649699533492235,0.0,63.0,30.0,PIT,RP,1993.0,1,32.0,1
2025,14161,2024,1,2,0,5.819529104161286,388.0,0.0,0.0,HIT,OF,1993.0,1,32.0,0
2025,19287,2024,21,2,0,6.134655444354114,637.0,0.0,0.0,HIT,OF,1993.0,1,32.0,0
2025,19290,2024,20,2,0,5.606723936051065,648.0,0.0,0.0,HIT,OF,1995.0,1,30.0,0
2025,25436,2024,25,2,0,8.541666979809934,0.0,191.0,0.0,PIT,UNKNOWN,1998.0,1,27.0,1
2025,7005,2024,1,2,0,1.668630564958915,0.0,56.2,4.0,PIT,RP,1988.0,1,37.0,1
2025,14710,2024,17,2,0,6.595657121089411,0.0,53.2,20.0,PIT,RP,1994.0,1,31.0,1
2025,16252,2024,26,2,0,8.425445352524054,539.0,0.0,0.0,HIT,UNKNOWN,1993.0,1,32.0,0
2025,19326,2024,13,2,1,7.995556929603298,692.0,0.0,0.0,HIT,UNKNOWN,1995.0,1,30.0,0
2025,12161,2024,7,2,0,4.67099697483493,463.0,0.0,0.0,HIT,MI,1992.0,1,33.0,0
2025,18314,2024,4,2,0,6.368984165541918,593.0,0.0,0.0,HIT,UNKNOWN,1994.0,1,31.0,0
2025,21390,2024,16,2,0,6.2850311723407035,0.0,135.0,0.0,PIT,SP,1996.0,1,29.0,1
2025,17295,2024,23,2,0,9.805465831061248,0.0,176.1,0.0,PIT,UNKNOWN,1993.0,1,32.0,1
2025,26517,2024,1,2,1,1.4988423905441048,242.0,0.0,0.0,HIT,UNKNOWN,2001.0,1,24.0,0
2025,10155,2024,20,2,0,1.7784220867924239,126.0,0.0,0.0,HIT,UNKNOWN,1991.0,1,34.0,0
2025,24492,2024,18,2,0,4.831874787836344,0.0,116.2,0.0,PIT,SP,1999.0,1,26.0,1
2025,13743,2024,19,2,0,7.073294664212528,0.0,174.1,0.0,PIT,SP,1994.0,1,31.0,1
2025,30134,2024,17,2,1,7.654168995842267,0.0,173.2,0.0,PIT,UNKNOWN,1999.0,1,26.0,1
2025,18360,2024,28,2,0,5.107091750523481,469.0,0.0,0.0,HIT,UNKNOWN,1997.0,1,28.0,0
2025,17338,2024,1,2,0,6.167749742764884,635.0,1.1,0.0,HIT,OF,1997.0,1,28.0,0
2025,13774,2024,15,2,0,5.428092307646965,0.0,165.1,0.0,PIT,SP,1994.0,1,31.0,1
2025,20437,2024,27,2,0,3.451692383491091,325.0,0.0,0.0,HIT,CI,1999.0,1,26.0,0
2025,11737,2024,9,2,0,7.0640193689646535,659.0,0.0,0.0,HIT,OF,1992.0,1,33.0,0
2025,23003,2024,5,2,1,7.418344649815768,619.0,0.0,0.0,HIT,UNKNOWN,1998.0,1,27.0,0
2025,12768,2024,11,2,0,7.488045589358666,0.0,166.1,0.0,PIT,SP,1989.0,1,36.0,1
2025,19950,2024,15,2,0,6.2031310602658545,633.0,0.0,0.0,HIT,MI,1998.0,1,27.0,0
2025,19953,2024,9,2,0,4.1044713715211945,387.0,0.0,0.0,HIT,OF,1998.0,1,27.0,0
2025,14344,2023,30,1,0,7.2392279942307125,685.0,0.0,0.0,HIT,UNKNOWN,1994.0,1,31.0,0
2025,21524,2023,3,1,0,3.642975030719332,282.0,0.0,0.0,HIT,C,1996.0,1,29.0,0
2025,15986,2023,26,1,0,9.702693436032774,688.0,0.0,0.0,HIT,UNKNOWN,1995.0,1,30.0,0
2025,15998,2023,8,1,1,6.781837085833468,569.0,0.0,0.0,HIT,UNKNOWN,1995.0,1,30.0,0
2025,18568,2023,10,1,0,6.841256777079014,672.0,0.0,0.0,HIT,CI,1997.0,1,28.0,0
2025,22664,2023,3,1,0,3.326513338750353,351.0,0.0,0.0,HIT,C,2000.0,1,25.0,0
2025,16556,2023,28,1,1,4.296793294696283,435.0,0.0,0.0,HIT,UNKNOWN,1997.0,1,28.0,0
2025,26323,2023,6,1,0,6.960462515471848,656.0,0.0,0.0,HIT,OF,1997.0,1,28.0,0
2025,17130,2023,17,1,1,11.914566117899303,0.0,69.1,34.0,PIT,UNKNOWN,1990.0,1,35.0,1
2025,5361,2023,33,1,0,8.261428549837653,638.0,0.0,0.0,HIT,UNKNOWN,1989.0,1,36.0,0
2025,18684,2023,30,1,0,0.0,0.0,0.0,0.0,PIT,UNKNOWN,1995.0,0,30.0,1
2025,19197,2023,21,1,1,5.984215895915123,544.0,0.0,0.0,HIT,UNKNOWN,1995.0,1,30.0,0
2025,25878,2023,27,1,1,8.7887582484366,684.0,0.0,0.0,HIT,UNKNOWN,2000.0,1,25.0,0
2025,16162,2023,34,1,0,0.0,0.0,0.0,0.0,PIT,SP,1993.0,0,32.0,1
2025,19251,2023,32,1,0,7.6349003901231995,695.0,0.0,0.0,HIT,CI,1994.0,1,31.0,0
2025,13621,2023,1,1,0,4.137192315763672,463.0,0.0,0.0,HIT,CI,1993.0,1,32.0,0
2025,11609,2023,13,1,1,4.087878904494205,358.0,0.0,0.0,HIT,UNKNOWN,1992.0,1,33.0,0
2025,14212,2023,23,1,0,9.925709519936886,0.0,71.0,34.0,PIT,UNKNOWN,1994.0,1,31.0,1
2025,14221,2023,6,1,0,5.715138822829407,574.0,0.0,0.0,HIT,UTIL,1992.0,1,33.0,0
2025,17312,2023,13,1,0,5.687412277739129,0.0,134.2,0.0,PIT,SP,1995.0,1,30.0,1
2025,13301,2023,20,1,1,3.6965687875749165,293.0,0.0,0.0,HIT,UNKNOWN,1990.0,1,35.0,0
2026,28163,2025,11,2,1,9.796087444088638,653.0,0.0,0.0,HIT,CI,2003.0,1,23.0,0
2026,14344,2025,27,2,0,8.401088713692506,724.0,0.0,0.0,HIT,UNKNOWN,1994.0,1,32.0,0
2026,22543,2025,9,2,0,-0.5243211612536616,0.0,142.2,0.0,PIT,UNKNOWN,2001.0,1,25.0,1
2026,20503,2025,16,2,0,6.534654992575763,659.0,0.0,0.0,HIT,UNKNOWN,1997.0,1,29.0,0
2026,17432,2025,10,2,0,8.356014983784947,0.0,68.0,33.0,PIT,UNKNOWN,1993.0,1,33.0,1
2026,21029,2025,4,2,1,10.827866587722708,0.0,70.0,32.0,PIT,RP,1998.0,1,28.0,1
2026,10310,2025,29,2,0,11.169278722990143,0.0,149.2,0.0,PIT,UNKNOWN,1990.0,1,36.0,1
2026,17479,2025,10,2,0,2.106404985964078,0.0,161.0,0.0,PIT,UNKNOWN,1995.0,1,31.0,1
2026,17995,2025,22,2,0,9.118409929792106,0.0,207.0,0.0,PIT,UNKNOWN,1996.0,1,30.0,1
2026,20043,2025,18,2,0,5.2144107936520605,431.0,0.0,0.0,HIT,UNKNOWN,1997.0,1,29.0,0
2026,16478,2025,20,2,1,11.027335084765069,724.0,0.0,0.0,HIT,UTIL,1993.0,1,33.0,0
2026,19556,2025,31,2,1,1.9369188582635273,199.0,0.0,0.0,HIT,UTIL,1997.0,1,29.0,0
2026,15986,2025,17,2,0,7.008889806505805,686.0,0.0,0.0,HIT,UNKNOWN,1995.0,1,31.0,0
2026,31347,2025,1,2,1,7.6232736968132455,554.0,0.0,0.0,HIT,MI,2001.0,1,25.0,0
2026,16505,2025,9,2,0,5.356366176521135,535.0,0.0,0.0,HIT,UNKNOWN,1993.0,1,33.0,0
2026,27769,2025,17,2,1,9.398218432864466,647.0,0.0,0.0,HIT,OF,2002.0,1,24.0,0
2026,12927,2025,9,2,0,7.833432355675571,652.0,0.0,0.0,HIT,UNKNOWN,1993.0,1,33.0,0
2026,18568,2025,11,2,1,6.189579775642564,675.0,0.0,0.0,HIT,CI,1997.0,1,29.0,0
2026,23697,2025,34,2,0,10.26308926130006,710.0,0.0,0.0,HIT,UNKNOWN,2000.0,1,26.0,0
2026,19611,2025,35,2,1,8.52777290005282,680.0,0.0,0.0,HIT,CI,1999.0,1,27.0,0
2026,20123,2025,36,2,1,12.065214240100797,715.0,0.0,0.0,HIT,OF,1998.0,1,28.0,0
2026,19612,2025,17,2,1,8.360867521736562,628.0,0.0,0.0,HIT,MI,1998.0,1,28.0,0
2026,22182,2025,20,2,0,7.7792847093107875,0.0,107.2,0.0,PIT,UNKNOWN,1999.0,1,27.0,1
2026,25768,2025,22,2,0,7.610734253011008,635.0,0.0,0.0,HIT,UNKNOWN,2000.0,1,26.0,0
2026,13510,2025,35,2,0,11.104239144681253,673.0,0.0,0.0,HIT,UNKNOWN,1992.0,1,34.0,0
2026,24262,2025,1,2,1,6.399953396140205,587.0,0.0,0.0,HIT,OF,2000.0,1,26.0,0
2026,21711,2025,31,2,0,5.644258883383748,544.0,0.0,0.0,HIT,UNKNOWN,1998.0,1,28.0,0
2026,11477,2025,17,2,0,8.797930282209025,644.0,0.0,0.0,HIT,UNKNOWN,1991.0,1,35.0,0
2026,25816,2025,2,2,1,7.423315432966089,523.0,0.0,0.0,HIT,C,1997.0,1,29.0,0
2026,18138,2025,13,2,0,3.0498877351640132,0.0,56.0,21.0,PIT,UNKNOWN,1994.0,1,32.0,1
2026,23772,2025,1,2,1,5.24072553651066,417.0,0.0,0.0,HIT,OF,1999.0,1,27.0,0
2026,11486,2025,5,2,1,6.15940366952949,0.0,182.1,0.0,PIT,SP,1991.0,1,35.0,1
2026,5361,2025,28,2,0,8.298788982182286,627.0,0.0,0.0,HIT,UNKNOWN,1989.0,1,37.0,0
2026,12533,2025,10,2,0,4.632973685981076,534.0,0.0,0.0,HIT,UNKNOWN,1990.0,1,36.0,0
2026,18679,2025,8,2,1,12.541845615293038,0.0,176.2,0.0,PIT,SP,1996.0,1,30.0,1
2026,22266,2025,10,2,1,6.171836540805151,619.0,0.0,0.0,HIT,MI,1999.0,1,27.0,0
2026,18684,2025,10,2,0,-0.18601813556357016,0.0,174.2,0.0,PIT,UNKNOWN,1995.0,1,31.0,1
2026,20220,2025,1,2,1,7.020659119968002,573.0,0.0,0.0,HIT,OF,1999.0,1,27.0,0
2026,12552,2025,1,2,1,8.829802961066953,657.0,0.0,0.0,HIT,CI,1991.0,1,35.0,0
2026,16137,2025,8,2,0,12.240255795835832,0.0,195.1,0.0,PIT,UNKNOWN,1992.0,1,34.0,1
2026,16149,2025,18,2,0,-1.751358532127389,0.0,94.1,0.0,PIT,UNKNOWN,1993.0,1,33.0,1
2026,25880,2025,10,2,1,12.729730730226017,0.0,185.1,0.0,PIT,SP,1998.0,1,28.0,1
2026,14107,2025,5,2,1,7.9761808726840515,0.0,193.0,0.0,PIT,SP,1991.0,1,35.0,1
2026,16162,2025,1,2,1,5.173282031883019,0.0,64.2,0.0,PIT,SP,1993.0,1,33.0,1
2026,5417,2025,20,2,0,7.348061829806125,654.0,0.0,0.0,HIT,UNKNOWN,1990.0,1,36.0,0
2026,25385,2025,1,2,1,8.96507857518519,0.0,150.0,0.0,PIT,RP,1995.0,1,31.0,1
2026,19251,2025,27,2,1,9.58806905228634,709.0,0.0,0.0,HIT,CI,1994.0,1,32.0,0
2026,17722,2025,8,2,0,8.660514933118424,0.0,47.0,30.0,PIT,UNKNOWN,1993.0,1,33.0,1
2026,15689,2025,13,2,0,6.389275739824716,0.0,180.2,0.0,PIT,UNKNOWN,1992.0,1,34.0,1
2026,27465,2025,1,2,0,6.471528689109246,649.0,0.0,0.0,HIT,UNKNOWN,1999.0,1,27.0,0
2026,14161,2025,8,2,1,9.34276257105221,542.0,0.0,0.0,HIT,OF,1993.0,1,33.0,0
2026,27479,2025,8,2,0,4.6562778869242525,537.0,0.0,0.0,HIT,UNKNOWN,2002.0,1,24.0,0
2026,19290,2025,11,2,1,8.101464209248086,709.0,0.0,0.0,HIT,OF,1995.0,1,31.0,0
2026,25436,2025,17,2,0,4.089851057280723,0.0,126.0,0.0,PIT,UNKNOWN,1998.0,1,28.0,1
2026,27498,2025,25,2,0,0.8676558397870677,0.0,125.1,0.0,PIT,UNKNOWN,1998.0,1,28.0,1
2026,14710,2025,16,2,1,11.673733330344435,0.0,66.1,28.0,PIT,RP,1994.0,1,32.0,1
2026,16252,2025,31,2,0,9.54305077009035,639.0,0.0,0.0,HIT,UNKNOWN,1993.0,1,33.0,0
2026,12161,2025,2,2,1,5.55761380152476,552.0,0.0,0.0,HIT,MI,1992.0,1,34.0,0
2026,14212,2025,18,2,0,10.130271888733407,0.0,52.2,28.0,PIT,UNKNOWN,1994.0,1,32.0,1
2026,18314,2025,5,2,0,7.170554952333396,645.0,0.0,0.0,HIT,UNKNOWN,1994.0,1,32.0,0
2026,21390,2025,14,2,1,9.551231544561247,0.0,171.0,0.0,PIT,SP,1996.0,1,30.0,1
2026,17295,2025,23,2,0,6.338648055980339,0.0,192.0,0.0,PIT,UNKNOWN,1993.0,1,33.0,1
2026,29695,2025,5,2,0,4.618472893342203,577.0,0.0,0.0,HIT,UNKNOWN,1999.0,1,27.0,0
2026,30122,2025,13,2,0,7.260280544676296,0.0,167.2,0.0,PIT,UNKNOWN,1999.0,1,27.0,1
2026,10155,2025,16,2,0,5.310737527842139,556.0,0.0,0.0,HIT,UNKNOWN,1991.0,1,35.0,0
2026,13743,2025,17,2,1,12.338763774758345,0.0,195.1,0.0,PIT,SP,1994.0,1,32.0,1
2026,18360,2025,20,2,0,4.5244788686123085,447.0,0.0,0.0,HIT,UNKNOWN,1997.0,1,29.0,0
2026,18882,2025,1,2,1,7.118519562857812,553.0,0.0,0.0,HIT,MI,1994.0,1,32.0,0
2026,15816,2025,21,2,0,4.603553927310581,0.0,62.0,18.0,PIT,UNKNOWN,1994.0,1,32.0,1
2026,27615,2025,7,2,1,6.220837502150736,546.0,1.0,0.0,HIT,OF,1998.0,1,28.0,0
2026,12768,2025,7,2,1,5.201115367094469,0.0,180.2,0.0,PIT,SP,1989.0,1,37.0,1
2026,18401,2025,26,2,1,6.160673182732283,412.0,0.0,0.0,HIT,OF,1997.0,1,29.0,0
2026,21479,2025,1,2,1,7.997546270366951,649.0,0.0,0.0,HIT,MI,1997.0,1,29.0,0
2026,21483,2025,1,2,1,0.0,0.0,0.0,0.0,,SP,1997.0,0,29.0,0
2026,10233,2025,2,2,1,12.73488206879039,0.0,61.1,32.0,PIT,RP,1988.0,1,38.0,1
2026,17919,2025,7,2,0,6.37402166468294,663.0,0.0,0.0,HIT,UNKNOWN,1994.0,1,32.0,0
2026,24064,2024,3,1,0,3.1464470672477485,390.0,0.0,0.0,HIT,UNKNOWN,2001.0,1,25.0,0
2026,24586,2024,2,1,1,2.1593937224899906,0.0,32.0,0.0,PIT,SP,1996.0,1,30.0,1
2026,3096,2024,6,1,0,9.06388526779765,0.0,59.0,29.0,PIT,UNKNOWN,1987.0,1,39.0,1
2026,21534,2024,1,1,1,11.547950449713504,705.0,0.0,0.0,HIT,C,1996.0,1,30.0,0
2026,33825,2024,27,1,1,12.507420200271504,0.0,173.2,0.0,PIT,SP,1998.0,1,28.0,1
2026,14374,2024,22,1,0,4.3246250748434205,0.0,90.1,0.0,PIT,UNKNOWN,1993.0,1,33.0,1
2026,33829,2024,4,1,0,6.256714334259906,0.0,144.2,0.0,PIT,UNKNOWN,1993.0,1,33.0,1
2026,24617,2024,1,1,1,7.52004634042071,696.0,0.0,0.0,HIT,OF,1996.0,1,30.0,0
2026,33333,2024,16,1,0,6.374690717704919,573.0,0.0,0.0,HIT,UNKNOWN,2001.0,1,25.0,0
2026,12856,2024,13,1,0,10.491621825885343,586.0,0.0,0.0,HIT,UNKNOWN,1989.0,1,37.0,0
2026,20036,2024,2,1,1,4.457364783292953,438.0,0.0,0.0,HIT,CI,1999.0,1,27.0,0
2026,18525,2024,17,1,0,2.2027133830907597,0.0,168.0,0.0,PIT,UNKNOWN,1995.0,1,31.0,1
2026,31838,2024,1,1,1,4.159739378726933,0.0,113.1,0.0,PIT,SP,1993.0,1,33.0,1
2026,15454,2024,1,1,0,11.725769336889028,0.0,181.2,0.0,PIT,UNKNOWN,1993.0,1,33.0,1
2026,26221,2024,4,1,1,5.809474364328112,0.0,167.2,0.0,PIT,RP,1997.0,1,29.0,1
2026,19569,2024,10,1,1,9.57356279344059,0.0,62.2,27.0,PIT,RP,1994.0,1,32.0,1
2026,12916,2024,21,1,1,10.359515561400979,732.0,0.0,0.0,HIT,MI,1993.0,1,33.0,0
2026,31349,2024,1,1,0,4.044526353256391,463.0,0.0,0.0,HIT,UNKNOWN,2001.0,1,25.0,0
2026,28806,2024,14,1,1,7.958217965614241,589.0,0.0,0.0,HIT,OF,2004.0,1,22.0,0
2026,7304,2024,4,1,1,6.000148243481442,641.0,0.0,0.0,HIT,C,1990.0,1,36.0,0
2026,29837,2024,1,1,1,-2.133239787051162,0.0,90.1,0.0,PIT,SP,1998.0,1,28.0,1
2026,25764,2024,39,1,1,10.72720508903631,687.0,0.0,0.0,HIT,MI,2000.0,1,26.0,0
2026,26288,2024,14,1,1,1.8828917628247974,365.0,0.0,0.0,HIT,C,1998.0,1,28.0,0
2026,26289,2024,29,1,0,8.033770153207827,651.0,0.0,0.0,HIT,UNKNOWN,2001.0,1,25.0,0
2026,22201,2024,1,1,1,1.681047374639529,0.0,159.2,0.0,PIT,SP,1999.0,1,27.0,1
2026,22715,2024,4,1,1,8.035647240551294,666.0,0.0,0.0,HIT,CI,2000.0,1,26.0,0
2026,16578,2024,7,1,0,8.193451101322491,651.0,0.0,0.0,HIT,UNKNOWN,1991.0,1,35.0,0
2026,11493,2024,20,1,1,8.85416566924995,678.0,0.0,0.0,HIT,CI,1992.0,1,34.0,0
2026,13543,2024,16,1,0,3.818202063450367,0.0,61.1,0.0,PIT,UNKNOWN,1992.0,1,34.0,1
2026,22250,2024,12,1,1,6.728052214931076,0.0,131.0,0.0,PIT,SP,1997.0,1,29.0,1
2026,22267,2024,23,1,1,16.298293207348124,0.0,195.1,0.0,PIT,SP,1996.0,1,30.0,1
2026,19709,2024,34,1,1,9.356377077953232,691.0,0.0,0.0,HIT,OF,1999.0,1,27.0,0
2026,13066,2024,6,1,1,6.326959330855178,546.0,0.0,0.0,HIT,OF,1992.0,1,34.0,0
2026,17678,2024,12,1,1,5.479010659143114,495.0,0.0,0.0,HIT,CI,1994.0,1,32.0,0
2026,12564,2024,2,1,0,9.312839054920257,654.0,0.0,0.0,HIT,UNKNOWN,1992.0,1,34.0,0
2026,15640,2024,39,1,1,14.347349932429887,679.0,0.0,0.0,HIT,OF,1992.0,1,34.0,0
2026,20778,2024,5,1,1,12.855470923913783,0.0,202.0,0.0,PIT,SP,1996.0,1,30.0,1
2026,13611,2024,35,1,0,7.165895566589688,663.0,0.0,0.0,HIT,UNKNOWN,1992.0,1,34.0,0
2026,19755,2024,32,1,1,15.771063330253295,727.0,47.0,0.0,HIT,UTIL,1994.0,1,32.0,0
2026,13613,2024,13,1,1,7.637511666250651,556.0,0.0,0.0,HIT,MI,1993.0,1,33.0,0
2026,13624,2024,30,1,0,5.28020685879802,445.0,0.0,0.0,HIT,UNKNOWN,1994.0,1,32.0,0
2026,13125,2024,13,1,0,0.0,0.0,0.0,0.0,PIT,UNKNOWN,1990.0,0,36.0,1
2026,21846,2024,11,1,1,1.5474118966127546,0.0,61.2,0.0,PIT,RP,1997.0,1,29.0,1
2026,10603,2024,9,1,1,8.232717576398004,0.0,125.2,0.0,PIT,SP,1989.0,1,37.0,1
2026,25976,2024,3,1,1,8.446465442367757,655.0,0.0,0.0,HIT,OF,2000.0,1,26.0,0
2026,19326,2024,13,1,0,5.099229465684697,654.0,0.0,0.0,HIT,UNKNOWN,1995.0,1,31.0,0
2026,19853,2024,3,1,1,2.96468290365675,0.0,73.1,0.0,PIT,RP,1995.0,1,31.0,1
2026,20373,2024,3,1,1,11.099027683734967,0.0,62.1,38.0,PIT,RP,1999.0,1,27.0,1
2026,26517,2024,1,1,0,4.505992054190935,360.0,0.0,0.0,HIT,UNKNOWN,2001.0,1,25.0,0
2026,18839,2024,9,1,1,9.436297376447165,604.0,0.0,0.0,HIT,CI,1997.0,1,29.0,0
2026,30116,2024,16,1,1,7.395002062306485,651.0,0.0,0.0,HIT,OF,1994.0,1,32.0,0
2026,18345,2024,33,1,1,8.100149381268698,597.0,0.0,0.0,HIT,OF,1997.0,1,29.0,0
2026,9132,2024,5,1,1,12.543705650398287,0.0,130.0,0.0,PIT,SP,1990.0,1,36.0,1
2026,30134,2024,17,1,0,4.0241032296679355,0.0,182.1,0.0,PIT,UNKNOWN,1999.0,1,27.0,1
2026,17350,2024,30,1,1,8.469348468404581,729.0,0.0,0.0,HIT,CI,1996.0,1,30.0,0
2026,23003,2024,5,1,0,5.170579732900006,567.0,0.0,0.0,HIT,UNKNOWN,1998.0,1,28.0,0
2026,20454,2024,15,1,1,8.142938956961114,531.0,0.0,0.0,HIT,OF,1998.0,1,28.0,0
