team,name,role,salary,contract,keeper_cost,roto_points,production_value,keep_value,market_price,market_price_lo,market_price_hi,comp_price,revealed_price,gap_prod_minus_market,surplus_redraft,surplus_market,surplus_multiyear,surplus_multiyear_market,keep_2027,keep_2027_market
Pookie 2.0,Tarik Skubal,PIT,38,3,38.0,12.669074523708634,52.75398848144098,86.93379881711898,34.0,17.67929348807071,34.0,23.0,37.68484446787621,18.753988481440977,14.753988481440977,-4.0,29.878219913350563,-4.0,True,False
Pookie 2.0,Shohei Ohtani,HIT,16,F,21.0,11.846488275509754,47.38942941407849,78.70536000553301,45.0,45.0,45.0,20.0,34.18839535440774,2.389429414078492,0.0,0.0,0.0,0.0,False,False
McBlocks,Paul Skenes,PIT,15,1,15.0,11.131849336488651,42.72885697123713,71.55673237531501,23.97520023524494,6.953684154077911,31.678014598044957,14.0,42.602910724201436,18.753656735992188,27.72885697123713,8.975200235244941,58.28364858738483,17.916135349324296,True,True
Producers,Pete Crow-Armstrong,HIT,17,1,17.0,10.326514613868625,37.4768050460406,63.5008628510748,45.0,45.0,45.0,15.0,43.101192124375665,-7.523194953959397,20.476805046040603,28.0,28.58861432168569,45.009885287149174,True,True
The Fighting Phils,Yoshinobu Yamamoto,PIT,32,1,32.0,10.064816381303888,35.77012002730629,60.88306088991376,34.0,32.955310135252994,34.0,17.0,30.021833222337808,1.770120027306291,3.770120027306291,2.0,3.770120027306291,2.0,True,True
Orange and Black Attack,Bobby Witt Jr.,HIT,39,F,44.0,10.037872465320461,35.594403220569454,60.61353734207961,44.29995520002203,30.839935465345196,44.29995520002203,19.0,37.899599077636516,-8.70555197945258,0.0,0.0,0.0,0.0,False,False
NPB No Stars,Cade Smith,PIT,10,1,10.0,9.782425214296,33.92848445555652,58.05826477431546,14.573969946245478,3.704843308781115,21.385331015623365,7.0,30.725058596113698,19.354514509311045,23.92848445555652,4.573969946245478,29.019403719733592,4.924832886309934,True,True
Spehr's Army,Elly De La Cruz,HIT,15,F,20.0,9.767223684650787,33.82934651850182,57.90620186686713,26.864119556115043,9.455689419436876,32.408871467307044,13.0,40.61404920031806,6.9652269623867795,0.0,0.0,0.0,0.0,False,False
Spehr's Army,Junior Caminero,HIT,11,1,11.0,9.599703142148918,32.736848501162484,56.23047176965421,32.4036902905154,19.181621474056495,32.4036902905154,23.0,41.82809934524085,0.33315821064708473,21.736848501162484,21.4036902905154,41.18298139977081,33.02615508145222,True,True
Spehr's Army,Mason Miller,PIT,15,1,15.0,9.585443351475316,32.64385218676473,56.08782920143638,18.067167599658323,4.8744396989492085,25.223435265884497,7.0,27.89008179059269,14.57668458710641,17.643852186764732,3.0671675996583225,17.643852186764732,3.0671675996583225,True,True
Orange and Black Attack,Fernando Tatis Jr.,HIT,34,F,39.0,9.404331672997236,31.462718537725273,54.276145177197485,40.52630601018393,24.486278415003028,40.565739772002445,17.0,33.12326331969181,-9.063587472458657,0.0,0.0,0.0,0.0,False,False
The Fighting Phils,Corbin Carroll,HIT,36,2,36.0,9.134067728349596,29.700171573178746,51.572659267506836,28.824865594600954,12.393952290934187,28.824865594600954,15.0,33.88041793441559,0.8753059785777921,-6.299828426821254,-7.175134405399046,-6.299828426821254,-7.175134405399046,False,False
The Fighting Phils,Jhoan Duran,PIT,4,1,4.0,9.129572702638898,29.67085691956382,51.52769493203689,10.790092428536962,3.0129194906043706,13.60482215179035,8.0,25.86284444539798,18.88076449102686,25.67085691956382,6.790092428536962,33.7038066120645,7.603551804392854,True,True
The Fighting Phils,Juan Soto,HIT,36,1,36.0,9.09307952733816,29.432863888577618,51.162648882871714,22.98195130942744,9.808059831194596,27.914891394962652,9.0,29.780131436831997,6.450912579150177,-6.567136111422382,-13.01804869057256,-6.567136111422382,-13.01804869057256,False,False
Spehr's Army,James Wood,HIT,10,F,15.0,9.01152188963865,28.900979522905864,50.34681706839959,28.14109500338198,10.106803252595714,33.19519167063427,8.0,37.25347552752389,0.759884519523883,0.0,0.0,0.0,0.0,False,False
Orange and Black Attack,Julio Rodríguez,HIT,43,2,43.0,8.883431751823805,28.06562990241451,49.06551451357953,28.66549468496911,13.18624874027236,28.66549468496911,14.0,32.76585042944611,-0.5998647825546009,-14.93437009758549,-14.334505315030889,-14.93437009758549,-14.334505315030889,False,False
McBlocks,Jackson Chourio,HIT,14,F,19.0,8.859210349639449,27.90766817743208,48.823224630614455,27.18892053435137,13.618007248093113,28.568878671503306,14.0,40.49416631568105,0.7187476430807074,0.0,0.0,0.0,0.0,False,False
New York Polar Bears,CJ Abrams,HIT,22,2,22.0,8.748939190700955,27.188526389142613,47.720167673371606,34.89428564347859,22.378772900526087,34.89428564347859,19.0,32.167767742493055,-7.705759254335977,5.188526389142613,12.89428564347859,5.2926624814239895,18.860935090503226,True,True
Orange and Black Attack,Bryan Woo,PIT,13,2,13.0,8.601055854583365,26.224093913619843,46.24087114348043,19.835689481099195,5.25404710171379,28.952408702073168,14.0,27.43056626330251,6.388404432520648,13.224093913619843,6.835689481099195,21.913416249982095,12.014722261954775,True,True
Pookie 2.0,Logan Webb,PIT,27,2,27.0,8.388374224133996,24.83707441069624,44.1133887228433,14.232887510011386,4.0176232865097585,18.625424352341078,17.0,18.648752688258696,10.604186900684853,-2.162925589303761,-12.767112489988614,-2.162925589303761,-12.767112489988614,False,False
Pookie 2.0,Pete Alonso,HIT,27,1,27.0,8.295556085143216,24.231753825494444,43.1849166277126,24.967798695352137,10.926708884250562,28.85074329682427,12.0,18.397551252162955,-0.7360448698576931,-2.768246174505556,-2.032201304647863,-2.768246174505556,-2.032201304647863,False,False
McBlocks,Sal Stewart,HIT,14,2,14.0,8.271410870603356,24.074288964056713,42.94338885981121,25.89746611663989,11.202756206339318,25.89746611663989,8.0,35.92124022833174,-1.8231771525831775,10.074288964056713,11.89746611663989,16.53209412920193,22.23955140407024,True,True
Spehr's Army,Cristopher Sánchez,PIT,5,F,10.0,8.199210836353183,23.603430924247853,42.221162387726636,23.472663729738095,8.52836694970571,29.202131034173487,17.0,17.807551165345085,0.13076719450975816,0.0,0.0,0.0,0.0,False,False
Producers,Zach Neto,HIT,1,1,1.0,8.175222287271694,23.446987768566924,41.98120176508317,8.399051665188134,2.0894429845656566,11.959195215256402,20.0,31.575479983328314,15.04793610337879,22.446987768566924,7.399051665188134,46.03556731062248,10.001635706449356,True,True
Orange and Black Attack,Louis Varland,PIT,10,2,10.0,8.16429732283839,23.375739778292807,41.871917903901405,12.161574887515954,2.7730070958157587,19.996887430761475,7.0,19.611299116178557,11.214164890776853,13.375739778292807,2.161574887515954,13.375739778292807,3.218150033464868,True,True
Pookie 2.0,Ronald Acuña Jr.,HIT,26,1,26.0,8.135518688302048,23.188057714331386,41.58404142422309,13.237113096825192,4.4858631859430655,19.19858505865968,9.0,23.562892341581637,9.950944617506194,-2.8119422856686143,-12.762886903174808,-2.8119422856686143,-12.762886903174808,False,False
Spehr's Army,Gunnar Henderson,HIT,36,2,36.0,8.079142977983363,22.8203992120998,41.02010775303334,20.87743325072634,7.602600562929578,23.548936127260156,12.0,31.148219390028487,1.94296596137346,-13.179600787900199,-15.122566749273659,-13.179600787900199,-15.122566749273659,False,False
Pookie 2.0,Aaron Judge,HIT,39,F,44.0,8.011605231797505,22.37994664012467,40.34451876381844,11.39933223872007,4.087661207868644,21.020903564193578,8.0,13.216820195236059,10.980614401404598,0.0,0.0,0.0,0.0,False,False
NPB No Stars,Nick Kurtz,HIT,10,1,10.0,7.98900163384593,22.232535549054717,40.11841199012333,15.573803904080611,4.374493630139153,23.386169759995713,8.0,34.6653783893564,6.658731644974106,12.232535549054717,5.573803904080611,31.565977179541825,9.268381926115298,True,True
New York Polar Bears,Michael Harris II,HIT,18,2,18.0,7.971048747884332,22.11545443156522,39.93882690229837,25.931427341924728,10.137740646330643,25.931427341924728,11.0,30.667528955985105,-3.815972910359509,4.115454431565219,7.931427341924728,6.524709852243957,13.04279075208542,True,True
Producers,Garrett Crochet,PIT,15,1,15.0,7.918963948744591,21.775779434434344,39.417815781976934,10.35897522509675,2.320486966581602,18.32230780510276,9.0,22.43832577290633,11.416804209337595,6.7757794344343445,-4.641024774903251,15.978741037755869,-4.641024774903251,True,False
All-Stars,Oneil Cruz,HIT,20,2,20.0,7.853688804079111,21.350082591148514,38.76485989440481,17.71646810408904,6.24886082929421,20.03257198305722,15.0,24.26861371597912,3.633614487059475,1.3500825911485137,-2.2835318959109614,1.3500825911485137,-2.14298698534006,True,False
New York Polar Bears,Wyatt Langford,HIT,26,2,26.0,7.830296316919219,21.197526698831407,38.53086175783561,14.19895004491936,4.438106084865131,18.17072989216453,13.0,30.04160889465251,6.998576653912046,-4.802473301168593,-11.80104995508064,-1.2526524489657547,-11.80104995508064,False,False
Spehr's Army,Vladimir Guerrero Jr.,HIT,35,1,35.0,7.769131607523282,20.798636373213867,37.91902309678956,16.054564701425896,5.887547289694008,21.824359744918155,18.0,25.851598324248933,4.744071671787971,-14.201363626786133,-18.945435298574104,-14.201363626786133,-18.945435298574104,False,False
The Fighting Phils,Yordan Alvarez,HIT,31,1,31.0,7.693955580843792,20.308370171396398,37.167027379641624,33.42659493508199,17.248574347647143,33.42659493508199,7.0,21.599280023077643,-13.118224763685589,-10.691629828603602,2.4265949350819866,-10.691629828603602,2.4265949350819866,False,True
Lisbon Long Balls,José Ramírez,HIT,43,2,43.0,7.686803139437322,20.261724978281553,37.09548056422203,15.987426473274555,5.395019840211559,21.564619313365807,9.0,11.772439134269328,4.274298505006998,-22.738275021718447,-27.012573526725447,-22.738275021718447,-27.012573526725447,False,False
The Fighting Phils,Jazz Chisholm Jr.,HIT,15,F,20.0,7.606371871136752,19.73718631670528,36.290915971513826,16.982650960115016,6.826339342258046,23.188913074538643,11.0,23.168805856360464,2.7545353565902637,0.0,0.0,0.0,0.0,False,False
McBlocks,Jackson Merrill,HIT,10,F,15.0,7.605502804905299,19.731518634875822,36.28222258729499,15.769164361550102,4.3669917352787415,23.522008035873373,9.0,32.959975442596715,3.9623542733257207,0.0,0.0,0.0,0.0,False,False
The Fighting Phils,Konnor Griffin,HIT,20,2,20.0,7.5860665351249486,19.604763516474335,36.087799015343386,6.1739034451124235,1.3513342907849222,11.506554337512515,18.0,20.052281881599182,13.430860071361913,-0.39523648352566454,-13.826096554887577,10.736214736880827,-13.826096554887577,True,False
Lisbon Long Balls,David Bednar,PIT,10,1,10.0,7.530586504702368,19.24294625911965,35.53282494837265,11.064914274447936,3.4225945090359344,16.8381141778056,8.0,10.916193546000788,8.178031984671712,9.242946259119648,1.0649142744479363,9.242946259119648,1.0649142744479363,True,True
McBlocks,Ceddanne Rafaela,HIT,1,1,1.0,7.521061123111375,19.180825755286843,35.43754129908953,7.713202668007843,1.8597819669636477,11.443966881607954,12.0,26.707446310708335,11.467623087279001,18.180825755286843,6.713202668007843,30.26395309466873,7.93966886217407,True,True
Lisbon Long Balls,Riley Greene,HIT,3,F,8.0,7.518523328047166,19.16427533087528,35.4121554001058,8.4300794475636,2.419651063705315,13.589726702720244,9.0,26.696160844224043,10.734195883311681,0.0,0.0,0.0,0.0,False,False
Lisbon Long Balls,Rafael Devers,HIT,30,F,35.0,7.482068948112307,18.926535306831813,35.047497426106005,23.623036074145848,11.081699980224743,30.25603301392271,9.0,18.69802234103643,-4.696500767314035,0.0,0.0,0.0,0.0,False,False
McBlocks,Hunter Goodman,HIT,10,1,10.0,7.420862553133457,18.52737312550031,34.4352417786721,15.231852971711993,4.175176577797231,23.945664140044123,8.0,24.302860683348417,3.2955201537883188,8.527373125500311,5.231852971711993,9.251657336206883,5.231852971711993,True,True
McBlocks,Kyle Schwarber,HIT,20,1,20.0,7.416564270483823,18.499341546790276,34.392245490009536,19.402974831300003,7.525817065750933,24.669881787303694,13.0,12.529705259536199,-0.903633284509727,-1.5006584532097236,-0.5970251686999966,-1.5006584532097236,-0.5970251686999966,False,False
NPB No Stars,Hunter Brown,PIT,10,1,10.0,7.349805669879629,18.063970232256615,33.72445039688527,12.873259074151607,3.7654225197890643,17.4530527889371,15.0,17.94829630819026,5.1907111581050085,8.063970232256615,2.8732590741516066,14.185414577604202,2.8732590741516066,True,True
McBlocks,Brice Turang,HIT,9,F,14.0,7.342450027245762,18.01599984681169,33.65087093276804,16.910882719364032,7.479864320756641,23.522107504674036,10.0,23.954163522835202,1.1051171274476594,0.0,0.0,0.0,0.0,False,False
Lisbon Long Balls,Jacob Misiorowski,PIT,10,1,10.0,7.323962545587728,17.895432322642087,33.46593821363186,34.0,18.59155716592373,34.0,9.0,25.669400465334185,-16.104567677357913,7.895432322642087,24.0,7.895432322642087,37.15370252619443,True,True
McBlocks,Kyle Tucker,HIT,33,F,38.0,7.254878181173128,17.44489336171879,32.774878198141046,12.112612624524449,4.264707364288326,20.58898855041196,9.0,19.646721541158904,5.332280737194342,0.0,0.0,0.0,0.0,False,False
Spehr's Army,Dylan Cease,PIT,23,2,23.0,7.239471740086012,17.34441907903945,32.620765534493664,27.80448869643673,9.077376483350696,30.902028647064604,17.0,11.580625453030187,-10.46006961739728,-5.655580920960549,4.8044886964367315,-5.655580920960549,4.8044886964367315,False,True
Spehr's Army,Josh Naylor,HIT,9,F,14.0,7.137960230526959,16.682404013459347,31.605332506154923,10.043514618551717,3.15099708453011,16.733237219999825,9.0,19.126792397928202,6.638889394907631,0.0,0.0,0.0,0.0,False,False
The Fighting Phils,Jac Caglianone,HIT,13,2,13.0,7.109161982365997,16.49459403774639,31.317259828800786,15.79466791510331,4.85147573871219,18.357104042318362,5.0,30.752768959870536,0.6999261226430793,3.4945940377463884,2.794667915103309,7.980046997863996,8.22540891452293,True,True
New York Polar Bears,Andy Pages,HIT,10,1,10.0,7.103070842293322,16.454870202368653,31.25632935070132,16.294029343689267,4.5848518480084515,24.71649378677699,9.0,24.8486613475491,0.1608408586793857,6.454870202368653,6.294029343689267,7.875606574715706,6.294029343689267,True,True
Orange and Black Attack,Matt Olson,HIT,25,2,25.0,7.061962930344119,16.186781813740357,30.845121481755406,22.10551254684143,8.607684576505141,23.65323512596084,9.0,12.911815071146727,-5.918730733101075,-8.813218186259643,-2.8944874531585683,-8.813218186259643,-2.8944874531585683,False,False
New York Polar Bears,Logan Gilbert,PIT,12,F,17.0,7.057006287561666,16.15445668912211,30.795539529789146,15.376520975738398,4.958990184539143,22.7800846355656,16.0,14.687223077412202,0.7779357133837124,0.0,0.0,0.0,0.0,False,False
Lisbon Long Balls,Trea Turner,HIT,32,2,32.0,6.983684587087576,15.676283617333025,30.062092882421148,15.680105811488321,5.279547731775915,20.06462553468915,10.0,10.604707757729868,-0.0038221941552958327,-16.323716382666973,-16.31989418851168,-16.323716382666973,-16.31989418851168,False,False
Pookie 2.0,Andrés Muñoz,PIT,13,2,13.0,6.978461627135256,15.642221684943516,30.009846924654248,8.283168899574473,2.267187328774842,12.412303311393455,8.0,18.255952034927592,7.359052785369043,2.6422216849435163,-4.716831100425527,2.6422216849435163,-4.716831100425527,True,False
NPB No Stars,Chandler Simpson,HIT,3,2,3.0,6.97633462546746,15.62835028105334,29.988570246234296,9.195669139306924,2.166221217107811,12.606055890161098,15.0,24.285070793092792,6.432681141746416,12.62835028105334,6.195669139306924,21.343571825083558,11.072222809505316,True,True
New York Polar Bears,Randy Arozarena,HIT,11,1,11.0,6.940143541303568,15.392327360497363,29.626546054583162,16.458456559214035,5.857372122143103,20.90250708668648,11.0,14.32909629763119,-1.0661291987166717,4.392327360497363,5.458456559214035,4.392327360497363,5.458456559214035,True,True
Producers,Cody Bellinger,HIT,23,2,23.0,6.938131866810843,15.37920807159099,29.606423009117155,12.843573358130026,3.8731458963974092,17.543749167104338,9.0,14.320150466903916,2.535634713460963,-7.620791928409011,-10.156426641869974,-7.620791928409011,-10.156426641869974,False,False
Orange and Black Attack,Josh Hader,PIT,15,2,15.0,6.923646593316917,15.284741253752482,29.46152490648678,17.582704822247525,5.5316484561635955,19.50265109117024,8.0,8.21715762914521,-2.2979635684950424,0.2847412537524825,2.582704822247525,0.2847412537524825,2.582704822247525,True,True
Lisbon Long Balls,Ben Rice,HIT,10,1,10.0,6.912981228182737,15.215186260142298,29.354837851357935,16.925188923147896,4.809138485351868,25.42188280945204,9.0,22.04433407827954,-1.7100026630055982,5.215186260142298,6.925188923147896,5.215186260142298,6.925188923147896,True,True
Spehr's Army,Seiya Suzuki,HIT,16,F,21.0,6.912265933067582,15.210521408396664,29.347682659911243,14.321424356670134,5.6123319906647815,20.633301590381084,8.0,12.246118904663778,0.8890970517265302,0.0,0.0,0.0,0.0,False,False
Spehr's Army,William Contreras,HIT,11,2,11.0,6.8732228293347,14.955898824312852,28.957129340081426,10.439969214290493,2.7298825890645846,14.856240408096628,5.0,17.949516458499772,4.51592961002236,3.955898824312852,-0.5600307857095075,6.447717455632521,-0.5600307857095075,True,False
McBlocks,Chris Sale,PIT,9,F,14.0,6.834821315627672,14.70546041860336,28.572993929961903,17.575414614185767,5.5358857673173105,27.747688459766152,13.0,0.0,-2.869954195582407,0.0,0.0,0.0,0.0,False,False
Orange and Black Attack,Luis García Jr.,HIT,8,2,8.0,6.811657061526723,14.554392965618305,28.341278838805152,20.58180889071205,10.209315732785411,26.98370621908189,10.0,23.552756685157878,-6.027415925093745,6.554392965618305,12.58180889071205,7.0955812511802225,16.495271116358065,True,True
Pookie 2.0,Bryce Harper,HIT,16,F,21.0,6.775239832784529,14.316895225916348,27.976992493089075,10.626367702866114,3.808367136431263,19.411545019116144,11.0,7.718755962359709,3.6905275230502337,0.0,0.0,0.0,0.0,False,False
The Fighting Phils,Bo Bichette,HIT,17,1,17.0,6.759226734709287,14.21246458333729,27.81681135951851,13.829877671345221,4.625325377099065,19.099133127756016,10.0,19.401587541802844,0.3825869119920693,-2.7875354166627098,-3.170122328654779,-2.7875354166627098,-3.170122328654779,False,False
Spehr's Army,Shea Langeliers,HIT,2,1,2.0,6.660647378915804,13.56957178257067,26.83070905230351,4.974661038713054,1.049522408400129,9.412573288895553,5.0,17.004202490906724,8.594910743857614,11.56957178257067,2.9746610387130543,19.241981123304754,2.9746610387130543,True,True
Lisbon Long Balls,Aroldis Chapman,PIT,2,1,2.0,6.634867049318972,13.401443393357871,26.572825012672983,4.157085356594578,1.0,8.376317684237033,8.0,0.0,9.244358036763293,11.401443393357871,2.1570853565945782,11.401443393357871,2.1570853565945782,True,True
The Fighting Phils,Luis Arraez,HIT,11,1,11.0,6.592314801183697,13.123935655937544,26.147169258223904,11.849374146770119,3.6608566847607067,16.959835188280593,12.0,16.700330430212475,1.274561509167425,2.1239356559375437,0.8493741467701188,2.1239356559375437,0.8493741467701188,True,True
Pookie 2.0,Nico Hoerner,HIT,1,1,1.0,6.575306830985758,13.013016878797075,25.977036287499615,4.953219156742661,1.0128299665992995,9.155100549708562,8.0,16.624696711658256,8.059797722054412,12.013016878797075,3.9532191567426613,14.493544824777237,3.9532191567426613,True,True
Producers,Francisco Lindor,HIT,21,F,26.0,6.553581914089613,12.87133617336577,25.759719076376612,6.912882680111842,1.9936182668399258,14.4217197080199,7.0,8.692059502802605,5.958453493253927,0.0,0.0,0.0,0.0,False,False
New York Polar Bears,Geraldo Perdomo,HIT,10,1,10.0,6.546245385183586,12.823490439557345,25.686330809401742,10.005534749440004,2.285773808104876,18.985376070812613,8.0,20.41347541552733,2.8179556901173406,2.823490439557345,0.005534749440004205,2.823490439557345,0.005534749440004205,True,True
Pookie 2.0,Freddie Freeman,HIT,26,2,26.0,6.536565557166103,12.760362701553701,25.589502212129496,12.389958631618224,3.7312119785927393,17.803827965486423,17.0,0.7803610594563716,0.3704040699354767,-13.239637298446299,-13.610041368381776,-13.239637298446299,-13.610041368381776,False,False
New York Polar Bears,Max Fried,PIT,17,1,17.0,6.534636199103406,12.747780245535143,25.570202588777775,16.815991779902884,5.5544599393511795,21.99938438661931,15.0,6.487244986531695,-4.068211534367741,-4.252219754464857,-0.18400822009711604,-4.252219754464857,-0.18400822009711604,False,False
NPB No Stars,Spencer Torkelson,HIT,1,2,1.0,6.499585530668315,12.51919463328805,25.21958612618211,4.046196271035672,1.0,7.06890656819247,9.0,20.205981031240594,8.472998362252378,11.51919463328805,3.0461962710356723,24.497418541530415,6.526963208625531,True,True
Producers,Alec Burleson,HIT,7,1,7.0,6.494249250777578,12.484393676261941,25.166206614114447,14.653901867088372,4.76354494279019,18.906002930581693,9.0,18.223243964664917,-2.1695081908264306,5.484393676261941,7.653901867088372,5.484393676261941,7.653901867088372,True,True
McBlocks,Trevor Megill,PIT,1,2,1.0,6.431983303479197,12.078321543523485,24.543352124980935,4.776998472407655,1.0,7.863293370319912,6.0,4.071745077631311,7.30132307111583,11.078321543523485,3.776998472407655,11.078321543523485,6.044214616966758,True,True
New York Polar Bears,Yandy Díaz,HIT,13,2,13.0,6.416047373326087,11.97439415744463,24.383942912320634,12.661361661269899,3.567056556929335,17.79552311717243,12.0,4.162435547352695,-0.6869675038252687,-1.02560584255537,-0.3386383387301013,-1.02560584255537,-0.3386383387301013,False,False
New York Polar Bears,Lawrence Butler,HIT,9,2,9.0,6.392254900718469,11.819229729469276,24.14594366852488,7.880548798299566,1.8092188666181408,12.44228600059872,8.0,21.687693151859563,3.93868093116971,2.819229729469276,-1.1194512017004339,9.747074696695002,-0.32810157982710686,True,False
All-Stars,Miguel Vargas,HIT,10,2,10.0,6.38299190865695,11.758820419000822,24.053284736337154,16.380027252551166,4.571346263015743,24.920322913818037,8.0,19.687494163625296,-4.621206833550344,1.7588204190008216,6.380027252551166,1.7588204190008216,7.590962023868428,True,True
All-Stars,Gavin Williams,PIT,19,2,19.0,6.381283405466674,11.747678284907186,24.03619435342428,27.72077781615169,9.45266570680178,28.38597976542845,17.0,15.600325936178875,-15.973099531244502,-7.252321715092814,8.720777816151688,-7.252321715092814,8.864659000087054,False,True
McBlocks,Jeremy Peña,HIT,10,1,10.0,6.37540684076889,11.709353819231437,23.977410301121044,8.856579117563491,1.9604579266837865,17.786641416549465,8.0,15.735749975328444,2.8527747016679452,1.7093538192314366,-1.1434208824365086,1.7093538192314366,-1.1434208824365086,True,False
Pookie 2.0,Jake McCarthy,HIT,10,2,10.0,6.3646191597396085,11.6390011331658,23.86949970394937,12.179705926082448,3.0126959435893883,21.16602949168388,8.0,15.68777761758524,-0.5407047929166477,1.6390011331658005,2.1797059260824483,1.6390011331658005,2.296256988993993,True,True
All-Stars,Otto Lopez,HIT,10,2,10.0,6.349011979629276,11.537217715609081,23.71337902135777,16.823342833227024,4.753055581156225,25.560472711063934,8.0,17.577380010191163,-5.286125117617942,1.5372177156090814,6.823342833227024,1.5372177156090814,7.46014419406125,True,True
Spehr's Army,Daylen Lile,HIT,8,2,8.0,6.32906254644804,11.40711596288045,23.513822208176112,15.320401658547375,4.556410775704405,17.73413080845599,11.0,25.324693160502527,-3.913285695666925,3.40711596288045,7.320401658547375,4.0518333518346115,11.209182737073082,True,True
McBlocks,Manny Machado,HIT,20,F,25.0,6.3223682736918745,11.363458751624952,23.446858514237896,9.290219381895971,2.9372585529234922,17.272329486588124,9.0,5.704855441427909,2.073239369728981,0.0,0.0,0.0,0.0,False,False
Lisbon Long Balls,Cam Schlittler,PIT,20,2,20.0,6.309186482056333,11.277492690318478,23.314999312679856,34.0,24.56962143363639,34.0,14.0,19.19772770538839,-22.72250730968152,-8.722507309681522,14.0,-8.722507309681522,21.428123528427115,False,True
McBlocks,Spencer Jones,HIT,10,2,10.0,6.293351401520598,11.174223002724752,23.15659891205301,3.6805119912447917,1.0,10.40577092290406,5.0,14.303632780741028,7.493711011479959,1.1742230027247516,-6.319488008755208,10.037846835978192,-6.319488008755208,True,False
New York Polar Bears,Cal Raleigh,HIT,16,3,16.0,6.29322550169798,11.173401937412168,23.1553395195102,2.822313497861362,1.0,7.087550323325398,5.0,13.41128620587911,8.351088439550805,-4.826598062587832,-13.177686502138638,-4.826598062587832,-13.177686502138638,False,False
Spehr's Army,Ketel Marte,HIT,13,F,18.0,6.281603846305189,11.097610423815063,23.039086566706406,8.58718571848068,2.6887701541995987,15.281753247478692,10.0,7.4825846276515025,2.5104247053343833,0.0,0.0,0.0,0.0,False,False
Producers,Mookie Betts,HIT,22,2,22.0,6.261056671218887,10.96361045158205,22.83355046235409,7.428231713444854,1.7386286286671038,13.451177246659629,7.0,5.432205358461997,3.5353787381371955,-11.03638954841795,-14.571768286555146,-11.03638954841795,-14.571768286555146,False,False
All-Stars,Jesús Luzardo,PIT,10,1,10.0,6.201460017486805,10.57494632078369,22.237397269076844,16.491791074654003,6.607050792231563,26.266042160084016,17.0,10.88264527959888,-5.916844753870313,0.57494632078369,6.491791074654003,0.57494632078369,6.491791074654003,True,True
Orange and Black Attack,Bryan Baker,PIT,10,2,10.0,6.200631817897348,10.569545153882423,22.22911267927176,6.822015854028148,1.3014095475862155,13.933052870346751,4.0,5.001941739288561,3.747529299854275,0.569545153882423,-3.177984145971852,0.569545153882423,-3.177984145971852,True,False
Orange and Black Attack,Carson Benge,HIT,15,2,15.0,6.200593935321271,10.569298099768117,22.228733734863248,10.411694163945914,2.653889099324137,15.408109430053415,13.0,13.891144282073967,0.15760393582220367,-4.430701900231883,-4.5883058360540865,-4.430701900231883,-4.5883058360540865,False,False
Pookie 2.0,Drake Baldwin,HIT,10,1,10.0,6.17330297660869,10.39131802735729,21.955738672804184,13.726910976479665,3.594621260220942,22.102983933769902,9.0,22.673030134887316,-3.3355929491223755,0.3913180273572898,3.7269109764796653,0.3913180273572898,3.7269109764796653,True,True
NPB No Stars,Justin Crawford,HIT,1,2,1.0,6.1656099992917905,10.341147688002904,21.878784805328728,2.214429832721042,1.0,5.261126925081416,18.0,13.735572209640965,8.126717855281862,9.341147688002904,1.2144298327210419,23.680098192326266,3.8900087349091628,True,True
Spehr's Army,Jordan Walker,HIT,10,2,10.0,6.092786455626,9.866223383900838,21.15032128626448,29.469356586176605,16.360995379799732,29.469356586176605,9.0,24.27398345520862,-19.603133202275767,-0.13377661609916203,19.469356586176605,-0.13377661609916203,24.44416197018776,False,True
Orange and Black Attack,Carter Jensen,HIT,1,2,1.0,6.063447568150315,9.674887587589348,20.8568405224877,4.579825833746718,1.0,7.692071848309375,4.0,26.102521530435514,5.0950617538426295,8.674887587589348,3.5798258337467184,20.36962502817091,7.828281935900599,True,True
Producers,Tyler Soderstrom,HIT,10,1,10.0,6.063269840287036,9.67372852174967,20.85506268721352,9.561881878004828,2.1800076418523844,17.994360420211425,5.0,22.18371746751223,0.11184664374484221,-0.3262714782503302,-0.4381181219951724,0.25237332515423916,-0.4381181219951724,True,False
Orange and Black Attack,Drew Rasmussen,PIT,1,1,1.0,6.055138410651139,9.620698782096976,20.773722923321042,11.912924286568726,2.772884560033664,17.0400252476082,6.0,6.313945615849686,-2.29222550447175,8.620698782096976,10.912924286568726,8.620698782096976,10.912924286568726,True,True
The Fighting Phils,A.J. Ewing,HIT,10,2,10.0,6.031667504619105,9.467631475113603,20.538940352423523,4.317893664778697,1.0,11.558447778175506,8.0,13.139935644746764,5.149737810334906,-0.5323685248863974,-5.682106335221303,4.300780796462949,-5.682106335221303,True,False
Spehr's Army,Bryson Stott,HIT,10,2,10.0,6.024156610590127,9.41864860583348,20.463807888109816,11.176317694220478,4.30616661761148,18.932173162181037,7.0,14.17375517275861,-1.7576690883869972,-0.5813513941665196,1.1763176942204776,-0.5813513941665196,1.1763176942204776,False,True
Producers,Iván Herrera,HIT,1,2,1.0,6.002535374232923,9.277644060958586,20.24752780710233,5.8255755267930285,1.1291711370775335,9.190272669136744,11.0,19.954627028257054,3.4520685341655577,8.277644060958586,4.8255755267930285,12.214453992564351,8.326276313361074,True,True
All-Stars,Byron Buxton,HIT,8,1,8.0,6.000152791998018,9.26210586887237,20.22369452253623,7.489059982989253,1.9337314641413652,13.175969110735997,7.0,6.230983785192663,1.7730458858831168,1.2621058688723696,-0.5109400170107472,1.2621058688723696,-0.5109400170107472,True,False
The Fighting Phils,Jo Adell,HIT,1,1,1.0,5.995951649249313,9.234707795448216,20.18166993712388,4.835710724802445,1.0,8.846650775185108,9.0,17.966342626522145,4.398997070645771,8.234707795448216,3.8357107248024453,9.65338852107577,3.8357107248024453,True,True
The Fighting Phils,Austin Riley,HIT,26,2,26.0,5.978865816789427,9.123281233617394,20.01075809991652,10.0321587842088,2.7147744863785577,15.026846651282723,4.0,13.972348943117284,-0.9088775505914057,-16.876718766382606,-15.9678412157912,-16.876718766382606,-15.9678412157912,False,False
New York Polar Bears,Brent Rooker,HIT,10,F,15.0,5.950942407659266,8.941176587485915,19.731436552855033,3.265918192601803,1.0,10.134627415681264,5.0,7.971154160835151,5.6752583948841115,0.0,0.0,0.0,0.0,False,False
Spehr's Army,Henry Bolte,HIT,10,2,10.0,5.950861233057789,8.940647201120234,19.730624552602453,4.564836612343422,1.0,11.923767370782379,8.0,12.780593599249496,4.375810588776812,-1.0593527988797664,-5.435163387656578,3.4811683720858895,-5.435163387656578,True,False
Pookie 2.0,Wilyer Abreu,HIT,1,2,1.0,5.891940802486863,8.556393111334206,19.141235708859046,5.872208027089662,1.272346486657916,9.865357159582997,7.0,17.503810824134,2.684185084244544,7.556393111334206,4.872208027089662,9.571897022247255,8.106756544728269,True,True
Lisbon Long Balls,Munetaka Murakami,HIT,10,2,10.0,5.8746954147048385,8.443925997279228,18.968727818705073,5.686339411630402,1.0592882543756128,13.58605649405534,5.0,12.441887451383806,2.757586585648826,-1.5560740027207718,-4.313660588369598,-1.5560740027207718,-4.313660588369598,True,False
Pookie 2.0,Jacob deGrom,PIT,21,F,26.0,5.870347245737944,8.415569081139614,18.925232510626603,10.258960225951139,3.6019444477021,22.858453162348372,15.0,0.0,-1.843391144811525,0.0,0.0,0.0,0.0,False,False
Pookie 2.0,JJ Wetherholt,HIT,5,2,5.0,5.792548498601893,7.908198607475629,18.147001374586175,5.377555717787839,1.0416868355401712,9.720980717438517,13.0,12.076583616751053,2.5306428896877904,2.9081986074756294,0.37755571778783903,5.370600700810799,1.8528464721167073,True,True
Orange and Black Attack,Caleb Durbin,HIT,1,2,1.0,5.788198458194245,7.879829486592148,18.10348734623883,5.1406601679988215,1.0,8.503197169417842,14.0,19.00147989813026,2.7391693185933264,6.879829486592148,4.1406601679988215,10.76598863101208,7.359473570441464,True,True
Pookie 2.0,Ozzie Albies,HIT,5,2,5.0,5.781999814679909,7.839404559305816,18.041481497023355,7.445131407431899,1.6642419382898788,11.545174734160724,8.0,13.096894222585803,0.3942731518739171,2.839404559305816,2.445131407431899,2.839404559305816,3.580032741293091,True,True
McBlocks,Raisel Iglesias,PIT,3,2,3.0,5.7765151230476475,7.8036357237679495,17.986617402716767,3.792051308517633,1.0,7.166208018476413,6.0,0.0,4.011584415250317,4.8036357237679495,0.7920513085176331,4.8036357237679495,0.8543272522872977,True,True
NPB No Stars,Sam Antonacci,HIT,10,2,10.0,5.773554530785743,7.784327995127777,17.957002207560667,5.869295938496023,1.1024987964462232,13.847015457138863,8.0,11.992118251436114,1.9150320566317536,-2.215672004872223,-4.130704061503977,-2.215672004872223,-4.130704061503977,False,False
Lisbon Long Balls,Colson Montgomery,HIT,5,2,5.0,5.759242158048331,7.690988762783363,17.81383365401839,8.689735340483338,2.0222062834308465,12.379425196525943,5.0,22.790726180251184,-0.9987465776999755,2.6909887627833626,3.689735340483338,5.580162793400774,6.776995416551458,True,True
Producers,Vinnie Pasquantino,HIT,9,F,14.0,5.746667641462109,7.608983092109896,17.688049104931213,5.683828053085052,1.4451944597871753,11.960197299558853,9.0,12.939773554218926,1.925155039024844,0.0,0.0,0.0,0.0,False,False
NPB No Stars,George Kirby,PIT,23,2,23.0,5.732830487400226,7.518743034667046,17.549634226523033,9.952613519697854,2.4414530809752355,14.338901327784104,17.0,10.757676590640704,-2.433870485030808,-15.481256965332953,-13.047386480302146,-15.481256965332953,-13.047386480302146,False,False
Pookie 2.0,Dansby Swanson,HIT,3,2,3.0,5.722846462618346,7.453631454222224,17.449762708866448,5.878706795303106,1.2758789995052293,9.398697234780391,8.0,6.956821215174602,1.5749246589191177,4.453631454222224,2.8787067953031062,4.453631454222224,4.264391089712444,True,True
Producers,Xavier Edwards,HIT,10,1,10.0,5.721501412097751,7.444859604483531,17.436307990979493,10.50639354539893,3.001795639610099,15.905014814636738,7.0,16.745874119564522,-3.0615339409153997,-2.555140395516469,0.5063935453989306,-2.555140395516469,0.5063935453989306,False,True
All-Stars,Joe Ryan,PIT,14,1,14.0,5.719823185929736,7.4339149243038865,17.419520473116474,12.930779630369226,3.7066518012907963,18.612864354106282,15.0,6.781819960709978,-5.49686470606534,-6.5660850756961135,-1.0692203696307736,-6.5660850756961135,-1.0692203696307736,False,False
Pookie 2.0,Kevin McGonigle,HIT,13,2,13.0,5.707745329141129,7.355148258447875,17.298704077537575,9.293920113051529,2.2424478054490247,14.304490377112142,11.0,11.699467536651268,-1.9387718546036536,-5.644851741552125,-3.706079886948471,-5.644851741552125,-3.706079886948471,False,False
Spehr's Army,Tanner Scott,PIT,10,2,10.0,5.684804642618373,7.205538818505703,17.069225362373558,5.393414851695334,1.2382325103698264,10.684500062185023,6.0,2.7080802764790364,1.8121239668103692,-2.794461181494297,-4.606585148304666,-2.794461181494297,-4.606585148304666,False,False
All-Stars,Jonathan Aranda,HIT,19,2,19.0,5.659370525767662,7.039668282169128,16.814804534538126,15.378088901585713,4.6582864728271325,19.748906614474457,8.0,14.510573858860495,-8.338420619416585,-11.960331717830872,-3.6219110984142873,-11.960331717830872,-3.6219110984142873,False,False
New York Polar Bears,Willy Adames,HIT,15,2,15.0,5.634907874087477,6.8801332301669715,16.570101401024424,8.326640507778446,2.1294917758232574,12.804529991641546,5.0,8.524768917453528,-1.4465072776114747,-8.119866769833028,-6.673359492221554,-8.119866769833028,-6.673359492221554,False,False
NPB No Stars,Bryan Reynolds,HIT,4,2,4.0,5.606492590095933,6.694820784545267,16.285859564803346,7.260254685097087,1.5927586313571411,11.394465823934945,7.0,8.39840736066324,-0.5654339005518203,2.694820784545267,3.2602546850970873,2.694820784545267,4.224325631819249,True,True
The Fighting Phils,Chase Burns,PIT,9,2,9.0,5.588669481788951,6.578586021946018,16.10757265998651,22.07275689214973,6.3956708630033,23.349911768753604,9.0,19.911633029863452,-15.494170870203712,-2.421413978053982,13.07275689214973,-2.421413978053982,21.158866302661465,False,True
All-Stars,Kazuma Okamoto,HIT,11,2,11.0,5.544432228001262,6.2900893914205485,15.665061571597155,7.590301393375759,1.6941998838909886,12.550125232091828,5.0,10.973221136635512,-1.3002120019552104,-4.7099106085794515,-3.409698606624241,-4.7099106085794515,-3.409698606624241,False,False
Pookie 2.0,Zack Gelof,HIT,10,2,10.0,5.539879071774991,6.26039563520685,15.619515748907446,6.923093012739845,1.9058930572329151,12.921462360431741,7.0,15.93820731328132,-0.6626973775329956,-3.7396043647931503,-3.0769069872601547,-3.7396043647931503,-3.0769069872601547,False,False
Orange and Black Attack,Maikel Garcia,HIT,4,F,9.0,5.524692217928515,6.161353407494912,15.467599645410887,4.630968351119908,1.0962788056558328,9.709043030779355,8.0,17.82967887886741,1.530385056375004,0.0,0.0,0.0,0.0,False,False
Orange and Black Attack,Mickey Moniak,HIT,1,2,1.0,5.503972256954683,6.026226598894664,15.260335141020091,4.134718139496268,1.0,7.607867285660478,9.0,13.819524380855343,1.8915084593983957,5.026226598894664,3.134718139496268,7.462116343651421,5.560750439941927,True,True
The Fighting Phils,Eugenio Suárez,HIT,1,1,1.0,5.498858305982262,5.9928755768964,15.20917961446691,2.0397067367939927,1.0,5.725420446185644,6.0,0.08373485743199173,3.953168840102407,4.9928755768964,1.0397067367939927,4.9928755768964,1.0397067367939927,True,True
McBlocks,Logan Henderson,PIT,10,2,10.0,5.48558128851462,5.90628849305015,15.076367856341777,18.965046279442394,4.838732089534399,27.61471105759813,9.0,17.494197370866292,-13.058757786392244,-4.09371150694985,8.965046279442394,-4.09371150694985,14.030009167078914,False,True
Orange and Black Attack,Alex Bregman,HIT,12,F,17.0,5.41874130557714,5.470386437411944,14.407758684996221,9.725360636238465,2.9922970066166226,17.14540776082056,4.0,5.604478543423759,-4.25497419882652,0.0,0.0,0.0,0.0,False,False
Pookie 2.0,Zack Wheeler,PIT,14,2,14.0,5.402511954029758,5.3645454812914695,14.245414339401147,15.702201810417897,4.2498705227084805,21.10226261018442,13.0,0.0,-10.337656329126428,-8.635454518708531,1.7022018104178969,-8.635454518708531,1.7022018104178969,False,True
New York Polar Bears,TJ Rumfield,HIT,10,2,10.0,5.3790695800147805,5.211664248037319,14.010917178036108,6.7733793019253445,1.32661318526057,15.077595648217661,8.0,10.237860489148918,-1.5617150538880251,-4.788335751962681,-3.2266206980746555,-4.788335751962681,-3.2266206980746555,False,False
The Fighting Phils,Shane McClanahan,PIT,1,1,1.0,5.367640127364191,5.137126199308736,13.89658685463085,4.200024582315731,1.0,8.377797890772914,13.0,7.174683767408486,0.9371016169930053,4.137126199308736,3.2000245823157307,4.137126199308736,3.2000245823157307,True,True
McBlocks,Isaac Paredes,HIT,2,F,7.0,5.355777917771092,5.059765893114766,13.777927606411295,5.055997774252919,1.1736298609058717,9.920903657653682,4.0,15.11951732821043,0.003768118861846581,0.0,0.0,0.0,0.0,False,False
Spehr's Army,Luke Keaschall,HIT,18,2,18.0,5.331082277191961,4.898711386206611,13.530893854189891,13.915314235688388,4.071271807328252,17.80089096683761,14.0,20.886717439171633,-9.016602849481778,-13.10128861379339,-4.084685764311612,-13.10128861379339,-4.084685764311612,False,False
McBlocks,Jake Burger,HIT,4,1,4.0,5.327238101886707,4.873641303239038,13.492440061229516,5.2967065196499705,1.2652942888655212,10.888212851472332,6.0,9.115581411364847,-0.4230652164109321,0.8736413032390384,1.2967065196499705,0.8736413032390384,1.2967065196499705,True,True
Spehr's Army,Nolan McLean,PIT,20,2,20.0,5.2985541888713,4.686576972913597,13.205511093427141,26.307411105621593,8.552792456106793,27.735519320102444,9.0,14.703488972901734,-21.620834132707998,-15.313423027086403,6.307411105621593,-15.313423027086403,6.307411105621593,False,True
NPB No Stars,Tanner Bibee,PIT,6,2,6.0,5.291523259512133,4.640724229899368,13.135179779054742,6.657012867167842,1.3079543446544895,10.58472869957461,17.0,10.75420901502431,-2.0162886372684747,-1.3592757701006324,0.6570128671678424,-1.3592757701006324,2.0739403200793656,False,True
Lisbon Long Balls,Griffin Jax,PIT,10,2,10.0,5.285405535324808,4.6008270241867795,13.073983376547668,4.495374875279941,1.0,12.056891626311923,9.0,0.9319694695876836,0.10545214890683852,-5.3991729758132205,-5.504625124720059,-5.3991729758132205,-5.504625124720059,False,False
All-Stars,Braxton Ashcraft,PIT,10,2,10.0,5.263997941215509,4.461215763554943,12.85984038714402,14.360891103041173,3.209077600394818,24.379166224092526,9.0,10.631805097747097,-9.89967533948623,-5.538784236445057,4.360891103041173,-5.538784236445057,6.04688468982568,False,True
McBlocks,George Springer,HIT,18,2,18.0,5.251571162866696,4.3801735790846905,12.735533683145215,6.592628113599068,1.4648942033842522,12.778395635964976,9.0,0.0,-2.212454534514378,-13.61982642091531,-11.40737188640093,-13.61982642091531,-11.40737188640093,False,False
All-Stars,Roman Anthony,HIT,10,1,10.0,5.241858818365344,4.3168337823470715,12.638379819193068,4.7095594957117575,1.0,11.345229523819803,5.0,24.407958235354503,-0.392725713364686,-5.6831662176529285,-5.2904405042882425,-1.0278969594772702,-5.2904405042882425,False,False
Lisbon Long Balls,JJ Bleday,HIT,10,2,10.0,5.232950994081209,4.258740725675434,12.549273677160114,5.175721709377115,1.0,12.978218041772053,5.0,10.655297519016942,-0.9169809837016807,-5.741259274324566,-4.824278290622885,-5.741259274324566,-4.824278290622885,False,False
All-Stars,Brandon Lowe,HIT,1,1,1.0,5.213663549659872,4.13295618322376,12.356338824917763,5.168280237279688,1.069545663499867,9.604874929672464,8.0,4.692506503711704,-1.0353240540559279,3.13295618322376,4.168280237279688,3.13295618322376,4.168280237279688,True,True
All-Stars,Brandon Marsh,HIT,10,2,10.0,5.205238872615921,4.078014008193868,12.272065668497625,4.437594618624117,1.0060688444747519,8.769020484019268,8.0,10.532062896010627,-0.3595806104302488,-5.921985991806132,-5.562405381375883,-5.921985991806132,-5.562405381375883,False,False
All-Stars,Christian Yelich,HIT,18,2,18.0,5.196851596775484,4.023315747970326,12.188166641252707,7.3935770794968025,1.8709712721756409,12.211836295718806,9.0,0.0,-3.3702613315264767,-13.976684252029674,-10.606422920503197,-13.976684252029674,-10.606422920503197,False,False
NPB No Stars,Gleyber Torres,HIT,10,2,10.0,5.133065404125608,3.607329219017691,11.55010493721527,5.894252300236552,1.5432989434496256,12.73317827005006,8.0,8.252103700476393,-2.286923081218861,-6.392670780982309,-4.105747699763448,-6.392670780982309,-4.105747699763448,False,False
Producers,Willson Contreras,HIT,1,2,1.0,5.051122295985732,3.072930978417207,10.730417211050996,4.223104162003988,1.0,7.918245133191291,4.0,0.051678761787812263,-1.150173183586781,2.072930978417207,3.223104162003988,2.072930978417207,4.579963647294791,True,True
Producers,Kyle Stowers,HIT,10,1,10.0,5.030140193670044,2.9360945950271224,10.52053047221831,7.113378739916579,1.4434182894246204,15.553704227533245,5.0,11.712413391163262,-4.177284144889456,-7.0639054049728776,-2.8866212600834213,-7.0639054049728776,-2.8866212600834213,False,False
New York Polar Bears,Brooks Lee,HIT,10,2,10.0,4.9988155247337005,2.731808373196241,10.207185674392841,11.224308109065902,2.6939441551575847,19.649766857723105,5.0,17.450134495563287,-8.49249973586966,-7.268191626803759,1.2243081090659018,-7.268191626803759,1.2243081090659018,False,True
Producers,Devin Williams,PIT,13,2,13.0,4.8865446608675205,1.9996253564333366,9.084125404822897,5.379828002811372,1.0789573745786145,9.442372747703303,4.0,0.0,-3.3802026463780357,-11.000374643566664,-7.620171997188628,-11.000374643566664,-7.620171997188628,False,False
Lisbon Long Balls,Dominic Canzone,HIT,10,2,10.0,4.878303542125176,1.945880270892145,9.001688406321065,6.270967282248224,1.212192324618182,14.496491897076057,5.0,9.078195416000442,-4.325087011356079,-8.054119729107855,-3.7290327177517764,-8.054119729107855,-3.7290327177517764,False,False
NPB No Stars,Andrew Vaughn,HIT,1,2,1.0,4.872106799563702,1.9054677408151437,8.939701572587968,1.2456380061878258,1.0,3.7299170878353203,11.0,11.009645623293196,0.6598297346273179,0.9054677408151437,0.24563800618782583,1.4747546772749571,1.6974139905829806,True,False
Lisbon Long Balls,Bryce Eldridge,HIT,10,2,10.0,4.865654701509108,1.8633898903793114,8.87516038415353,7.021071765702002,1.4286988120690882,14.414554084051709,5.0,22.734994562317898,-5.157681875322691,-8.136610109620689,-2.9789282342979977,-8.136610109620689,-2.9789282342979977,False,False
Orange and Black Attack,Parker Messick,PIT,10,2,10.0,4.863579021682021,1.84985318579457,8.854397084880022,20.702021462106003,5.23634170461954,30.724550598525138,9.0,10.810166086636581,-18.852168276311435,-8.15014681420543,10.702021462106003,-8.15014681420543,14.116802119737276,False,True
The Fighting Phils,Hunter Greene,PIT,1,2,1.0,4.8550242649026165,1.7940626858311663,8.768822723697275,4.029237412368145,1.0,6.603960604455403,13.0,8.81311659051536,-2.235174726536979,0.7940626858311663,3.029237412368145,11.070152227203991,5.405440007449515,True,True
All-Stars,Héctor Rodríguez,HIT,10,2,10.0,4.849085374906145,1.755331760958061,8.709415223205129,2.775435418352001,1.0,8.677514125046768,4.0,7.881043318089747,-1.02010365739394,-8.244668239041939,-7.224564581647999,-6.546918031412462,-7.224564581647999,False,False
New York Polar Bears,Jose Altuve,HIT,14,2,14.0,4.830876953664256,1.636584150613967,8.527273982244047,5.2240171818789625,1.0875152332558935,10.492254746192298,2.0,0.0,-3.587433031264996,-12.363415849386033,-8.775982818121037,-12.363415849386033,-8.775982818121037,False,False
Orange and Black Attack,Josh Bell,HIT,10,2,10.0,4.80585959830527,1.4734315561883555,8.27702207461752,5.80903410900314,1.0770730304626097,14.586345378599422,5.0,0.0,-4.335602552814785,-8.526568443811644,-4.19096589099686,-8.526568443811644,-4.19096589099686,False,False
Producers,Javier Sanoja,HIT,10,2,10.0,4.804124074787568,1.462113206964921,8.259661403803062,3.7211389139074376,1.0,10.20898275110179,4.0,18.54335677316353,-2.2590257069425164,-8.53788679303508,-6.278861086092562,-8.53788679303508,-6.278861086092562,False,False
NPB No Stars,Daulton Varsho,HIT,4,2,4.0,4.802663579243658,1.4525884736860966,8.24505187411062,3.170165874706267,1.0,7.16711956833112,14.0,6.782820867657921,-1.7175774010201703,-2.5474115263139034,-0.8298341252937331,-2.5474115263139034,-0.8298341252937331,False,False
Producers,Willi Castro,HIT,4,2,4.0,4.801249956905332,1.4433694275988345,8.230911223280296,5.6086833546622,1.2702712956249118,10.16393452020929,9.0,8.735541406716193,-4.165313927063366,-2.5566305724011658,1.6086833546622001,-2.5566305724011658,2.3034838078289526,False,True
McBlocks,Corey Seager,HIT,19,2,19.0,4.753557174636908,1.1323373040664702,7.753834027412639,5.538133241101464,1.1768577900670105,10.941724129907218,4.0,2.646433064701142,-4.405795937034994,-17.86766269593353,-13.461866758898536,-17.86766269593353,-13.461866758898536,False,False
Pookie 2.0,Riley O'Brien,PIT,10,2,10.0,4.737706897222813,1.0289685088693987,7.595281610405764,5.033938845766117,1.0,11.268360613356927,4.0,0.45538382737922,-4.004970336896718,-8.971031491130601,-4.966061154233883,-8.971031491130601,-4.966061154233883,False,False
Orange and Black Attack,Royce Lewis,HIT,1,2,1.0,4.729645104496191,0.9763929116411558,7.5146384337079475,3.5988417769081367,1.0,7.155219249092458,4.0,12.335131394694955,-2.622448865266981,-0.023607088358844175,2.5988417769081367,-0.023607088358844175,4.786954963878477,False,True
Pookie 2.0,Jake Bauers,HIT,10,2,10.0,4.7151516840666385,0.8818729629394925,7.3696588362052085,8.954838099964071,1.9520734256607302,18.10002319319687,3.0,4.434652342404402,-8.072965137024578,-9.118127037060507,-1.0451619000359287,-9.118127037060507,-1.0451619000359287,False,False
The Fighting Phils,José Caballero,HIT,14,2,14.0,4.68447804300115,0.6818324691101979,7.06282635609924,8.195748476908904,1.9284816866380248,13.547673650424233,9.0,6.257254825307486,-7.513916007798706,-13.318167530889802,-5.8042515230910965,-13.318167530889802,-5.8042515230910965,False,False
Lisbon Long Balls,Chase Meidroth,HIT,10,2,10.0,4.6814440428265955,0.6620460051589447,7.032476851903999,8.713657696820714,1.8848300888311562,16.989554068378204,4.0,16.038797042572888,-8.051611691661769,-9.337953994841055,-1.2863423031792856,-9.337953994841055,-1.2863423031792856,False,False
The Fighting Phils,Gabriel Moreno,HIT,1,2,1.0,4.649100276128867,0.45111365941298764,6.708937884663538,5.522756928802614,1.219886080480071,9.088936270919094,5.0,13.935958833283303,-5.071643269389626,-0.5488863405870124,4.522756928802614,-0.5488863405870124,7.179047788103015,False,True
NPB No Stars,Dillon Dingler,HIT,10,2,10.0,4.6484964268889435,0.4471756104577016,6.7028975010162135,9.001246615693525,1.970093506697904,17.80533961844511,5.0,10.015259826760294,-8.554071005235823,-9.552824389542298,-0.9987533843064753,-9.552824389542298,-0.9987533843064753,False,False
NPB No Stars,Xander Bogaerts,HIT,2,1,2.0,4.622516583908134,0.27774607946746666,6.443017702672546,2.6810687745639026,1.0,6.483183334044451,7.0,0.0,-2.4033226950964357,-1.7222539205325333,0.6810687745639026,-1.7222539205325333,0.6810687745639026,False,False
The Fighting Phils,Reid Detmers,PIT,10,2,10.0,4.620452677167136,0.26428615396317257,6.422372171133074,10.563058116184363,2.13257508064065,19.901302744662953,9.0,7.769986737797824,-10.29877196222119,-9.735713846036827,0.5630581161843633,-9.735713846036827,0.5630581161843633,False,True
Orange and Black Attack,Luis Robert Jr.,HIT,18,2,18.0,4.6177327454796,0.2465479116464233,6.395164335466495,5.689731048113376,1.2857587553072929,10.371089056400908,6.0,7.919448189401529,-5.443183136466953,-17.753452088353576,-12.310268951886624,-17.753452088353576,-12.310268951886624,False,False
Lisbon Long Balls,Angel Martínez,HIT,10,2,10.0,4.614651635955938,0.2264542204755714,6.364343590234296,7.670737563466117,1.6231096109141478,15.50973992653449,3.0,17.700780913399353,-7.444283342990546,-9.77354577952443,-2.3292624365338828,-9.77354577952443,-2.3292624365338828,False,False
NPB No Stars,Casey Schmitt,HIT,10,2,10.0,4.606080037347704,0.17055388523865678,6.278600758014864,7.994327656985193,1.6990801907859543,16.320256885297873,3.0,11.785642807692735,-7.823773771746536,-9.829446114761343,-2.0056723430148073,-9.829446114761343,-2.0056723430148073,False,False
New York Polar Bears,Ranger Suarez,PIT,10,1,10.0,4.591429920796713,0.07501203080866026,6.132053708527495,7.223044373359229,2.017459742825376,14.222258326511282,15.0,0.0,-7.148032342550568,-9.92498796919134,-2.7769556266407713,-9.92498796919134,-2.7769556266407713,False,False
All-Stars,Mike Trout,HIT,4,2,4.0,4.583965315622041,0.026331037828590587,6.057384277732936,4.278170333985374,1.0,8.434318605910885,6.0,0.0,-4.251839296156783,-3.973668962171409,0.27817033398537383,-3.973668962171409,0.27817033398537383,False,True
The Fighting Phils,Gerrit Cole,PIT,16,2,16.0,3.0616458626717815,0.0,0.0,6.311136309895137,1.196856584119689,12.25946773044664,12.0,0.0,-6.311136309895137,-16.0,-9.688863690104863,-16.0,-9.688863690104863,False,False
Producers,Javier Báez,HIT,20,2,20.0,2.5927854560288295,0.0,0.0,2.2127164061248656,1.0,8.121287645059208,3.0,0.0,-2.2127164061248656,-20.0,-17.787283593875134,-20.0,-17.787283593875134,False,False
Producers,Shota Imanaga,PIT,14,2,14.0,3.9574716766489884,0.0,0.0,9.581866170029302,2.1248794717094626,15.226392810627162,13.0,0.0,-9.581866170029302,-14.0,-4.418133829970698,-14.0,-4.418133829970698,False,False
The Fighting Phils,Connelly Early,PIT,10,2,10.0,3.4093173422285035,0.0,0.0,9.312332674301091,1.868655544432809,17.293418869070713,8.0,8.261140096536494,-9.312332674301091,-10.0,-0.687667325698909,-10.0,-0.687667325698909,False,False
Lisbon Long Balls,Coco Montes,HIT,10,2,10.0,2.738818119763909,0.0,0.0,3.9794161315427345,1.0,9.888203535845307,3.0,0.0,-3.9794161315427345,-10.0,-6.0205838684572655,-10.0,-6.0205838684572655,False,False
Lisbon Long Balls,Quinn Priester,PIT,6,2,6.0,3.671546947797963,0.0,0.0,13.540811570389709,3.7504151380328357,15.386908464469844,8.0,5.509250261027511,-13.540811570389709,-6.0,7.5408115703897085,-6.0,7.5408115703897085,False,True
Lisbon Long Balls,Yoendrys Gómez,PIT,10,2,10.0,3.653586969675348,0.0,0.0,5.124927053319911,1.0,11.35830953271989,4.0,3.4703761464636544,-5.124927053319911,-10.0,-4.875072946680089,-10.0,-4.875072946680089,False,False
All-Stars,Salvador Perez,HIT,4,F,9.0,4.5561335922780914,0.0,5.778979875692282,2.56322974639348,1.0,7.56679868929049,5.0,0.0,-2.56322974639348,0.0,0.0,0.0,0.0,False,False
Lisbon Long Balls,Mickey Gasper,HIT,10,2,10.0,2.6538376538307435,0.0,0.0,2.7088950259694276,1.0,8.85231680145431,3.0,0.0,-2.7088950259694276,-10.0,-7.2911049740305724,-10.0,-7.2911049740305724,False,False
The Fighting Phils,Robby Snelling,PIT,10,2,10.0,2.6485426788026203,0.0,0.0,5.857603822461139,1.0662788629718318,12.924600426377031,4.0,0.0,-5.857603822461139,-10.0,-4.142396177538861,-10.0,-4.142396177538861,False,False
All-Stars,Trevor Story,HIT,15,2,15.0,4.381203867493825,0.0,4.029134750191351,3.863375809766779,1.0,8.852053728625448,5.0,0.0,-3.863375809766779,-15.0,-11.13662419023322,-15.0,-11.13662419023322,False,False
The Fighting Phils,Jackson Jobe,PIT,10,2,10.0,-0.3279169754533737,0.0,0.0,6.4280420907217,1.1921141807965159,13.206985133788372,4.0,0.0,-6.4280420907217,-10.0,-3.5719579092783,-10.0,-3.5719579092783,False,False
Spehr's Army,Eury Pérez,PIT,10,1,10.0,4.089976296882606,0.0,1.1159469230568004,12.160619838896086,2.67699335294306,20.376011127716577,8.0,13.24700831408988,-12.160619838896086,-10.0,2.1606198388960856,-10.0,2.1606198388960856,False,True
Producers,Zac Thornton,PIT,10,2,10.0,1.1953113199321423,0.0,0.0,5.0883269198477326,1.0,12.38722186635205,6.0,0.0,-5.0883269198477326,-10.0,-4.9116730801522674,-10.0,-4.9116730801522674,False,False
Spehr's Army,Cade Horton,PIT,14,2,14.0,4.194250194419795,0.0,2.1590124829406867,15.576153476800274,4.553744908404337,17.940013411440855,8.0,9.792696177371072,-15.576153476800274,-14.0,1.5761534768002736,-14.0,1.5761534768002736,False,True
All-Stars,Grant Taylor,PIT,10,2,10.0,4.328479649531971,0.0,3.501727438997218,14.10216022162938,3.291641855676016,22.171458009168607,6.0,12.348615700454033,-14.10216022162938,-10.0,4.102160221629379,-10.0,6.1969992609420075,False,True
The Fighting Phils,Brandon Woodruff,PIT,1,1,1.0,3.7226791503991183,0.0,0.0,3.354435716717946,1.0,7.164119687142804,12.0,0.0,-3.354435716717946,-1.0,2.354435716717946,-1.0,2.354435716717946,False,True
All-Stars,Kenley Jansen,PIT,1,2,1.0,2.65184101062283,0.0,0.0,2.472294115503942,1.0,5.4563384930777215,5.0,0.0,-2.472294115503942,-1.0,1.4722941155039422,-1.0,1.896241044095006,False,True
Spehr's Army,Cole Ragans,PIT,11,1,11.0,3.8242843232328676,0.0,0.0,5.064891409410277,1.16462643808468,10.610162342698127,4.0,0.31144628755767084,-5.064891409410277,-11.0,-5.935108590589723,-11.0,-5.935108590589723,False,False
Spehr's Army,Ben Brown,PIT,10,2,10.0,4.040597182321069,0.0,0.6220011226868677,8.596086550071576,1.6343865811882372,17.18254335364521,9.0,5.191394066897215,-8.596086550071576,-10.0,-1.4039134499284245,-10.0,-1.4039134499284245,False,False
Spehr's Army,Cal Quantrill,PIT,10,2,10.0,-0.2437295753644948,0.0,0.0,5.423976191209665,1.0,13.656637895231308,6.0,0.0,-5.423976191209665,-10.0,-4.576023808790335,-10.0,-4.576023808790335,False,False
Spehr's Army,Mason Montgomery,PIT,10,2,10.0,4.159922953588318,0.0,1.8156325621471519,8.773474109519885,1.7312592764913517,16.613245502925075,4.0,7.68103754314861,-8.773474109519885,-10.0,-1.226525890480115,-10.0,-1.226525890480115,False,False
All-Stars,Kaelen Culpepper,HIT,20,2,20.0,4.4635321998480615,0.0,4.852675925016535,2.798081323122547,1.0,8.727756253360525,3.0,6.166504781706369,-2.798081323122547,-20.0,-17.201918676877455,-20.0,-17.201918676877455,False,False
All-Stars,Nathan Eovaldi,PIT,5,F,10.0,1.9963104608329005,0.0,0.0,5.607380007539853,1.2294033280245757,12.291426439551712,10.0,0.0,-5.607380007539853,0.0,0.0,0.0,0.0,False,False
All-Stars,Michael King,PIT,3,F,8.0,3.9060313364961403,0.0,0.0,6.539288200500377,1.4349394901279804,12.74945196497555,4.0,0.0,-6.539288200500377,0.0,0.0,0.0,0.0,False,False
Spehr's Army,Tyler Mahle,PIT,10,2,10.0,2.6514705927061235,0.0,0.0,4.90869249806224,1.0,12.732598859488226,6.0,0.0,-4.90869249806224,-10.0,-5.09130750193776,-10.0,-5.09130750193776,False,False
The Fighting Phils,Travis Bazzana,HIT,10,2,10.0,4.466027982714118,0.0,4.877641570437078,4.658830875713552,1.0,12.096550750604274,3.0,6.177603421736124,-4.658830875713552,-10.0,-5.341169124286448,-10.0,-5.341169124286448,False,False
All-Stars,Emilio Pagán,PIT,10,1,10.0,3.4380322007379154,0.0,0.0,4.479284910355364,1.2095183097026634,10.719260430985164,5.0,0.0,-4.479284910355364,-10.0,-5.520715089644636,-10.0,-5.520715089644636,False,False
All-Stars,Landen Roupp,PIT,10,2,10.0,2.924782866265745,0.0,0.0,5.6872049432791,1.0,13.365859862688398,4.0,0.0,-5.6872049432791,-10.0,-4.3127950567209,-10.0,-4.3127950567209,False,False
The Fighting Phils,Clay Holmes,PIT,10,2,10.0,2.753416556442814,0.0,0.0,7.4136780933470705,1.6812673461172882,13.342270462897329,4.0,0.0,-7.4136780933470705,-10.0,-2.5863219066529295,-10.0,-2.5863219066529295,False,False
All-Stars,Nick Pivetta,PIT,18,2,18.0,3.4744352940038614,0.0,0.0,10.447417059428258,2.63956023352561,15.313190345717429,3.0,0.0,-10.447417059428258,-18.0,-7.552582940571742,-18.0,-7.552582940571742,False,False
The Fighting Phils,Freddy Peralta,PIT,8,1,8.0,4.340084322545287,0.0,3.617810514817676,5.981130604405779,1.3213009064083152,10.832813737321406,15.0,0.6461800426570071,-5.981130604405779,-8.0,-2.018869395594221,-8.0,-2.018869395594221,False,False
New York Polar Bears,Edward Cabrera,PIT,1,2,1.0,2.785939053558505,0.0,0.0,2.3594743991980116,1.0,5.1358516028898915,8.0,0.0,-2.3594743991980116,-1.0,1.3594743991980116,-1.0,2.650677356941472,False,True
Producers,Casey Mize,PIT,10,2,10.0,2.4133832179110204,0.0,0.0,7.724047520031732,1.4339245887249747,16.422631286249874,4.0,0.0,-7.724047520031732,-10.0,-2.275952479968268,-10.0,-2.275952479968268,False,False
Producers,Nick Martinez,PIT,10,2,10.0,2.593558275400151,0.0,0.0,6.269174847083082,1.5135123682038576,14.605730068388407,10.0,0.0,-6.269174847083082,-10.0,-3.7308251529169176,-10.0,-3.7308251529169176,False,False
Orange and Black Attack,Michael Soroka,PIT,10,2,10.0,2.7800104772320013,0.0,0.0,7.337951715080399,1.3261287753269793,15.95765314004868,6.0,0.0,-7.337951715080399,-10.0,-2.662048284919601,-10.0,-2.662048284919601,False,False
Orange and Black Attack,Brandon Pfaadt,PIT,10,2,10.0,3.9872343076048518,0.0,0.08820524368432477,6.559734218530574,1.1462771689880387,14.691072626422601,9.0,2.9950847801286797,-6.559734218530574,-10.0,-3.440265781469426,-10.0,-3.440265781469426,False,False
Orange and Black Attack,Andrew Painter,PIT,10,2,10.0,0.8274100153318924,0.0,0.0,2.764656034809603,1.0,8.27632990221299,4.0,0.0,-2.764656034809603,-10.0,-7.235343965190397,-10.0,-7.235343965190397,False,False
Orange and Black Attack,Sean Burke,PIT,10,2,10.0,2.0032204017570034,0.0,0.0,10.146708139424197,2.0000929833296004,19.485080099766183,4.0,0.0,-10.146708139424197,-10.0,0.14670813942419692,-10.0,0.14670813942419692,False,True
Orange and Black Attack,Jeff McNeil,HIT,10,2,10.0,4.230784502497643,0.0,2.5244699887042925,4.424043438783649,1.2732593657957447,12.528842568202053,2.0,0.0,-4.424043438783649,-10.0,-5.575956561216351,-10.0,-5.575956561216351,False,False
Orange and Black Attack,Ryan Jeffers,HIT,10,2,10.0,3.6672266240421134,0.0,0.0,5.6563265764353154,1.0762296687627282,13.572195444738234,3.0,3.6925879799703276,-5.6563265764353154,-10.0,-4.3436734235646846,-10.0,-4.3436734235646846,False,False
NPB No Stars,Trey Yesavage,PIT,3,2,3.0,3.106121128279386,0.0,0.0,6.62343310912072,1.2495896635205304,9.97209368553718,6.0,8.871846313320292,-6.62343310912072,-3.0,3.62343310912072,-3.0,6.6497987056891,False,True
Orange and Black Attack,Ryan Pepiot,PIT,4,F,9.0,3.9809263937140327,0.0,0.02510634847059276,9.261533232682185,2.7958470384798195,13.522865591069033,4.0,1.0080268985677592,-9.261533232682185,0.0,0.0,0.0,0.0,False,False
NPB No Stars,Chase DeLauter,HIT,5,2,5.0,3.287504864585344,0.0,0.0,5.848344554202046,1.1744037508093264,10.168709115338732,8.0,0.9367613465902379,-5.848344554202046,-5.0,0.848344554202046,-5.0,0.848344554202046,False,False
NPB No Stars,Kevin Gausman,PIT,5,1,5.0,3.60789497749857,0.0,0.0,4.31342550306655,1.0,9.37396463689904,15.0,0.0,-4.31342550306655,-5.0,-0.6865744969334502,-5.0,-0.6865744969334502,False,False
NPB No Stars,Nolan Arenado,HIT,8,2,8.0,4.274227823210268,0.0,2.9590392597547712,4.719491719475586,1.066932728770927,9.621049487505319,4.0,0.0,-4.719491719475586,-8.0,-3.2805082805244137,-8.0,-3.2805082805244137,False,False
NPB No Stars,Walker Jenkins,HIT,10,2,10.0,0.6890226509696371,0.0,0.0,2.595508287254237,1.0,8.162810127491278,3.0,0.0,-2.595508287254237,-10.0,-7.404491712745763,-10.0,-7.404491712745763,False,False
NPB No Stars,Curtis Mead,HIT,10,2,10.0,4.084138161043019,0.0,1.057547279694236,6.546671900237953,1.3090155050893533,14.328263970888672,3.0,11.423596387388722,-6.546671900237953,-10.0,-3.4533280997620466,-10.0,-3.4533280997620466,False,False
NPB No Stars,Troy Melton,PIT,10,2,10.0,2.7613686147514342,0.0,0.0,13.677539513074917,3.0621330278632826,23.0273386338706,7.0,1.4617260077144079,-13.677539513074917,-10.0,3.677539513074917,-10.0,3.677539513074917,False,True
NPB No Stars,Jack Leiter,PIT,10,2,10.0,2.812146417631003,0.0,0.0,4.860635244491953,1.0,11.42975986614314,4.0,1.6875327328614138,-4.860635244491953,-10.0,-5.139364755508047,-10.0,-5.139364755508047,False,False
New York Polar Bears,Max Meyer,PIT,10,2,10.0,2.73825250162945,0.0,0.0,10.680394478516869,2.1558728364036304,20.026987188899334,6.0,0.0,-10.680394478516869,-10.0,0.6803944785168685,-10.0,0.6803944785168685,False,True
New York Polar Bears,Trevor Rogers,PIT,10,1,10.0,3.122659550171104,0.0,0.0,8.529536941456488,1.6564053040537077,17.422654616327318,8.0,0.0,-8.529536941456488,-10.0,-1.470463058543512,-10.0,-1.470463058543512,False,False
New York Polar Bears,Eduardo Rodriguez,PIT,10,2,10.0,2.132065283223122,0.0,0.0,8.330138433748155,1.4641843609096563,18.909403462229985,4.0,0.0,-8.330138433748155,-10.0,-1.6698615662518446,-10.0,-1.6698615662518446,False,False
New York Polar Bears,Foster Griffin,PIT,10,2,10.0,2.202168554279508,0.0,0.0,9.211712243096203,1.709661586598678,19.473016720012563,4.0,0.0,-9.211712243096203,-10.0,-0.7882877569037969,-10.0,-0.7882877569037969,False,False
New York Polar Bears,Cade Cavalli,PIT,10,2,10.0,2.84375059914888,0.0,0.0,11.454854840678635,2.3255130549947687,21.467537120589245,4.0,0.0,-11.454854840678635,-10.0,1.4548548406786352,-10.0,1.4548548406786352,False,True
New York Polar Bears,Kade Anderson,PIT,10,2,10.0,-0.8061993520516998,0.0,0.0,4.700541413191274,1.0,11.386075486792116,4.0,0.0,-4.700541413191274,-10.0,-5.299458586808726,-10.0,-5.299458586808726,False,False
New York Polar Bears,Liam Hicks,HIT,10,2,10.0,3.677505407243731,0.0,0.0,9.516131165219843,2.140170431623926,18.112466051726614,3.0,7.656311005454668,-9.516131165219843,-10.0,-0.4838688347801572,-10.0,-0.4838688347801572,False,False
New York Polar Bears,Mauricio Dubón,HIT,10,2,10.0,3.692145187137783,0.0,0.0,5.097450089048382,1.0,13.234187343942008,3.0,0.0,-5.097450089048382,-10.0,-4.902549910951618,-10.0,-4.902549910951618,False,False
New York Polar Bears,Kody Clemens,HIT,10,2,10.0,4.477877900145124,0.0,4.996177858536813,6.9637204678824975,1.3858962956557481,15.564866626407357,4.0,5.338512795766162,-6.9637204678824975,-10.0,-3.0362795321175025,-10.0,-3.0362795321175025,False,False
New York Polar Bears,Bubba Chandler,PIT,9,2,9.0,3.3772177279542817,0.0,0.0,6.685279113630759,1.32734138290838,10.64651560071729,4.0,8.118394480013158,-6.685279113630759,-9.0,-2.3147208863692406,-9.0,-2.3147208863692406,False,False
New York Polar Bears,Robbie Ray,PIT,5,1,5.0,2.1417954162271324,0.0,0.0,4.753979060769595,1.0,10.380583300480382,7.0,0.0,-4.753979060769595,-5.0,-0.24602093923040513,-5.0,-0.24602093923040513,False,False
NPB No Stars,Edwin Díaz,PIT,16,1,16.0,3.426030816095314,0.0,0.0,7.158056581583907,1.8291006164033572,12.106400749556727,4.0,0.0,-7.158056581583907,-16.0,-8.841943418416093,-16.0,-8.841943418416093,False,False
NPB No Stars,Jack Flaherty,PIT,2,2,2.0,2.5197195869903215,0.0,0.0,2.5040631202919585,1.0,5.389858680460195,8.0,0.0,-2.5040631202919585,-2.0,0.5040631202919585,-2.0,1.0690055254061561,False,False
NPB No Stars,Michael Wacha,PIT,2,1,2.0,2.5203384542248433,0.0,0.0,4.178889404525224,1.0,10.530488065699851,10.0,0.0,-4.178889404525224,-2.0,2.178889404525224,-2.0,2.178889404525224,False,True
NPB No Stars,José Soriano,PIT,1,2,1.0,3.191160105646074,0.0,0.0,4.339027036827542,1.0,7.940852121693768,4.0,0.0,-4.339027036827542,-1.0,3.3390270368275417,-1.0,5.5400568743739615,False,True
NPB No Stars,Max Clark,HIT,20,2,20.0,4.349880487358957,0.0,3.7158028444171447,2.660846223018753,1.0,8.517742228431837,3.0,5.6611004603460735,-2.660846223018753,-20.0,-17.33915377698125,-20.0,-17.33915377698125,False,False
Producers,Jacob Latz,PIT,10,2,10.0,4.0239965826678645,0.0,0.45594313328925534,9.599329775480134,1.9988051812106629,17.59223654488383,3.0,0.0,-9.599329775480134,-10.0,-0.40067022451986567,-10.0,-0.40067022451986567,False,False
Producers,Gage Jump,PIT,10,2,10.0,2.674611488346868,0.0,0.0,3.390119836398427,1.0,9.491705765323099,6.0,0.0,-3.390119836398427,-10.0,-6.609880163601574,-10.0,-6.609880163601574,False,False
Producers,Noah Cameron,PIT,10,2,10.0,3.35785865900404,0.0,0.0,9.259704104973416,1.8390043798041231,18.000740169550898,8.0,2.155284953480666,-9.259704104973416,-10.0,-0.7402958950265841,-10.0,-0.7402958950265841,False,False
Producers,Giancarlo Stanton,HIT,10,2,10.0,2.3123990429304624,0.0,0.0,1.851651863583601,1.0,7.414630266177387,3.0,0.0,-1.851651863583601,-10.0,-8.148348136416399,-10.0,-8.148348136416399,False,False
Producers,Ezequiel Duran,HIT,10,2,10.0,4.505739467212384,0.0,5.27488079128073,9.946070767107011,2.269331186048599,18.547745854599068,3.0,11.339432569030414,-9.946070767107011,-10.0,-0.053929232892988566,-10.0,-0.053929232892988566,False,False
Producers,Ty France,HIT,10,2,10.0,4.224303463902713,0.0,2.459639304225087,5.874713304206328,1.1101088710528713,14.325335985477176,3.0,0.2928643709898761,-5.874713304206328,-10.0,-4.125286695793672,-10.0,-4.125286695793672,False,False
Lisbon Long Balls,Jacob Lopez,PIT,10,2,10.0,2.5046486003627013,0.0,0.0,4.373457927311513,1.0,11.085007921092894,4.0,0.0,-4.373457927311513,-10.0,-5.626542072688487,-10.0,-5.626542072688487,False,False
Producers,Blake Snell,PIT,7,2,7.0,3.7188786398193776,0.0,0.0,5.884265603035281,1.185838435966835,9.888767166357752,10.0,0.0,-5.884265603035281,-7.0,-1.1157343969647187,-7.0,-1.1157343969647187,False,False
Producers,Max Muncy,HIT,4,2,4.0,4.009810257522042,0.0,0.3140354504423092,4.46019639899654,1.0,8.429042793570904,6.0,0.0,-4.46019639899654,-4.0,0.46019639899653964,-4.0,0.46019639899653964,False,True
Producers,Kodai Senga,PIT,1,F,6.0,1.973384436838381,0.0,0.0,1.2333249865086633,1.0,3.776575611159091,5.0,0.0,-1.2333249865086633,0.0,0.0,0.0,0.0,False,False
Lisbon Long Balls,Payton Tolle,PIT,10,2,10.0,4.154787137024844,0.0,1.7642583112006853,13.5317462757235,2.985469739585431,22.50792447910901,8.0,11.576212500480748,-13.5317462757235,-10.0,3.531746275723499,-10.0,5.830800226673571,False,True
Lisbon Long Balls,Walbert Ureña,PIT,10,2,10.0,-0.43344740792855485,0.0,0.0,8.732714109591942,1.6321886020867131,18.048950795045393,4.0,0.0,-8.732714109591942,-10.0,-1.2672858904080577,-10.0,-1.2672858904080577,False,False
McBlocks,Carlos Rodón,PIT,3,2,3.0,3.043004106262191,0.0,0.0,6.432892943136534,1.3024153684489028,10.103039629249169,13.0,0.0,-6.432892943136534,-3.0,3.432892943136534,-3.0,3.6537932618140445,False,True
NPB No Stars,MacKenzie Gore,PIT,1,1,1.0,4.519692090648897,0.0,5.414450725083825,3.1237079054536343,1.0,6.6225534624173585,15.0,7.321908704182658,-3.1237079054536343,-1.0,2.1237079054536343,-1.0,2.1237079054536343,False,True
Pookie 2.0,Framber Valdez,PIT,22,2,22.0,4.069827593017871,0.0,0.9143967789269315,7.16087219031212,1.5444258340858565,12.354248166867345,13.0,0.0,-7.16087219031212,-22.0,-14.83912780968788,-22.0,-14.83912780968788,False,False
Pookie 2.0,Justin Wrobleski,PIT,10,2,10.0,2.7020753356176512,0.0,0.0,9.69735567763195,1.929372525346192,18.438705101726647,8.0,1.1980513226126905,-9.69735567763195,-10.0,-0.3026443223680495,-10.0,-0.3026443223680495,False,False
Pookie 2.0,Ryan Weathers,PIT,10,2,10.0,1.719527998771341,0.0,0.0,6.998081257463842,1.2500557883832895,15.13519474730251,4.0,0.0,-6.998081257463842,-10.0,-3.0019187425361578,-10.0,-3.0019187425361578,False,False
Pookie 2.0,Emerson Hancock,PIT,10,2,10.0,2.3887386374496193,0.0,0.0,7.498881622279634,1.3534169522947004,15.920496719654928,4.0,0.0,-7.498881622279634,-10.0,-2.501118377720366,-10.0,-2.501118377720366,False,False
Pookie 2.0,Jake Bennett,PIT,10,2,10.0,0.8898875142378826,0.0,0.0,8.01183491368192,1.4719815583660192,16.938991884293987,4.0,0.0,-8.01183491368192,-10.0,-1.9881650863180802,-10.0,-1.9881650863180802,False,False
Pookie 2.0,Sonny Gray,PIT,7,1,7.0,3.9419043977602835,0.0,0.0,9.637005673627769,2.2214915603959464,16.868871234514195,13.0,0.0,-9.637005673627769,-7.0,2.637005673627769,-7.0,2.637005673627769,False,True
McBlocks,Sandy Alcantara,PIT,9,2,9.0,4.100150615304861,0.0,1.2177219731143787,8.165982599591722,1.6967110277219106,12.87043240948179,15.0,0.0,-8.165982599591722,-9.0,-0.8340174004082783,-9.0,-0.8340174004082783,False,False
McBlocks,Ryan O'Hearn,HIT,10,2,10.0,4.487460568734067,0.0,5.092034557221573,5.699613134798879,1.07087959696652,14.246736371583644,3.0,0.0,-5.699613134798879,-10.0,-4.300386865201121,-10.0,-4.300386865201121,False,False
Pookie 2.0,Spencer Strider,PIT,4,2,4.0,4.574551795834458,0.0,5.963219596833667,4.156852617247116,1.0,7.557605961133283,13.0,5.606860617559812,-4.156852617247116,-4.0,0.1568526172471163,-2.3976304505827972,1.1275667462512167,False,True
McBlocks,Andre Pallante,PIT,10,2,10.0,1.8843246068745683,0.0,0.0,6.2299092973340855,1.0515190799783787,14.38489013151618,4.0,0.0,-6.2299092973340855,-10.0,-3.7700907026659145,-10.0,-3.7700907026659145,False,False
Pookie 2.0,Shohei Ohtani,PIT,16,F,21.0,4.473361670870454,0.0,4.951001421017849,34.0,12.670732828174609,34.0,10.0,0.0,-34.0,0.0,0.0,0.0,0.0,False,False
McBlocks,Tyler Glasnow,PIT,23,2,23.0,3.555579856858781,0.0,0.0,10.448208848768486,2.4946706290215594,16.20617189609819,6.0,0.0,-10.448208848768486,-23.0,-12.551791151231514,-23.0,-12.551791151231514,False,False
Lisbon Long Balls,Mick Abel,PIT,10,2,10.0,2.209684926443449,0.0,0.0,6.000192859210511,1.0871631173973695,12.771206091552225,4.0,0.9674190170912695,-6.000192859210511,-10.0,-3.999807140789489,-10.0,-3.999807140789489,False,False
