fg_id,name,PA,AB,H,HR,R,RBI,SB,AVG,role,rp_R,rp_HR,rp_RBI,rp_SB,rp_AVG,roto_points,z_R,z_HR,z_RBI,z_SB,z_AVG,z_total,IP,W,SV,K,ER,BB,ERA,WHIP,rp_W,rp_SV,rp_K,rp_ERA,rp_WHIP,z_W,z_SV,z_K,z_ERA,z_WHIP
4949,Giancarlo Stanton,131.0,119.0,29.0,5.0,12.0,20.0,1.0,0.24369747899159663,HIT,0.30431031648374157,0.32413558284794197,0.5164190109306634,0.049133005058773216,-0.07045781675618992,1.1235400985649302,-2.862615305760164,-1.6318893797814387,-2.3469770712768723,-0.9741644423665087,-0.2635887140662318,-2.3952618224059736,,,,,,,,,,,,,,,,,,
5361,Freddie Freeman,676.0,610.0,184.0,21.0,80.0,79.0,7.0,0.3016393442622951,HIT,2.028735443224944,1.3613694479613563,2.039855093176121,0.3439310354114125,1.6355000411277585,7.4093910609015925,0.4183637946860544,0.08532754926961775,0.45658620840861724,-0.4123478147091668,2.222609480588425,0.9823996488671961,,,,,,,,,,,,,,,,,,
5417,Jose Altuve,563.0,511.0,125.0,18.0,74.0,51.0,4.0,0.2446183953033268,HIT,1.876580284983073,1.166888098252591,1.3168684778731918,0.19653202023509286,-0.264160732836198,4.292708148507751,0.12886563876432885,-0.2366506249274553,-0.8739183988997509,-0.6932561285378378,-0.5458839876756337,-0.6923298117013144,,,,,,,,,,,,,,,,,,
7304,Salvador Perez,616.0,563.0,124.0,22.0,54.0,70.0,0.0,0.2202486678507993,HIT,1.369396424176837,1.4261965645309447,1.807466538257322,0.0,-1.0618851337000337,3.54117439326507,-0.8361282143080884,0.19265360733530879,0.02892401320235584,-1.0678005469760659,-1.708457234191641,-1.096161627736104,,,,,,,,,,,,,,,,,,
9218,Paul Goldschmidt,386.0,350.0,87.0,18.0,44.0,52.0,1.0,0.24857142857142858,HIT,1.1158044937737193,1.166888098252591,1.342689428419725,0.049133005058773216,-0.10431555068885597,3.570199474815953,-1.3186251408442966,-0.2366506249274553,-0.8264003772101662,-0.9741644423665087,-0.3129316896793013,-1.080565187374665,,,,,,,,,,,,,,,,,,
9777,Nolan Arenado,598.0,543.0,133.0,23.0,72.0,79.0,5.0,0.24493554327808473,HIT,1.8258618989024495,1.491023681100533,2.039855093176121,0.24566502529386608,-0.2698845411396688,5.332521157333302,0.0323662534570873,0.2999796654009998,0.45658620840861724,-0.5996200239282808,-0.5542256485231589,-0.1335929981365982,,,,,,,,,,,,,,,,,,
10155,Mike Trout,603.0,536.0,125.0,27.0,90.0,60.0,11.0,0.2332089552238806,HIT,2.282327373628062,1.7503321473788866,1.5492570327919903,0.5404630556465053,-0.6218563926686708,5.500523216776773,0.9008607212222626,0.7292838976637639,-0.44625620369348984,-0.03780339627093898,-1.0671760580520855,-0.04331817509723439,,,,,,,,,,,,,,,,,,
11477,Christian Yelich,496.0,447.0,105.0,12.0,67.0,57.0,14.0,0.2348993288590604,HIT,1.6990659337008907,0.7779253988350607,1.471794181152391,0.687862070822825,-0.48127338724232205,4.155374197268845,-0.2088822098110168,-0.8806069733216014,-0.5888102687622434,0.2431049175577321,-0.8622957248862643,-0.7661253246043003,,,,,,,,,,,,,,,,,,
11493,Manny Machado,667.0,604.0,134.0,30.0,82.0,93.0,4.0,0.22185430463576158,HIT,2.0794538293055673,1.9448134970876518,2.401348400827585,0.19653202023509286,-1.0789550141646496,5.543192733291248,0.5148631799932955,1.051262071860837,1.1218385120628007,-0.6932561285378378,-1.7333342297152818,-0.020389985613845748,,,,,,,,,,,,,,,,,,
11579,Bryce Harper,681.0,610.0,155.0,32.0,95.0,94.0,10.0,0.2540983606557377,HIT,2.409123338829621,2.0744677302268286,2.4271693513741184,0.49133005058773216,0.012163729785459973,7.41425420080376,1.142109184490367,1.265914187992219,1.1693565337523857,-0.13143950088049586,-0.14317920986768237,0.9850128257266831,,,,,,,,,,,,,,,,,,
11609,Willson Contreras,620.0,554.0,153.0,30.0,79.0,95.0,4.0,0.27617328519855594,HIT,2.003376250184632,1.9448134970876518,2.4529903019206514,0.19653202023509286,0.7007716260695807,7.298483695497609,0.37011410203243295,1.051262071860837,1.21687455544197,-0.6932561285378378,0.8603717868082187,0.9228042914128101,,,,,,,,,,,,,,,,,,
12552,Eugenio Suárez,496.0,449.0,96.0,26.0,48.0,68.0,1.0,0.21380846325167038,HIT,1.2172412659349663,1.6855050308092983,1.7558246371642556,0.049133005058773216,-1.0246094130542192,3.6830945259130736,-1.1256263702298135,0.6219578395980728,-0.06611203017681345,-0.9741644423665087,-1.6541330145482391,-1.0199017598335176,,,,,,,,,,,,,,,,,,
12564,Trevor Story,269.0,246.0,55.0,6.0,27.0,31.0,7.0,0.22357723577235772,HIT,0.6846982120884185,0.38896269941753037,0.8004494669425284,0.3439310354114125,-0.43508801983486883,1.782953394025021,-2.1388699159558517,-1.5245633217157475,-1.824278832691442,-0.4123478147091668,-0.7949869244154829,-2.0409303412642594,,,,,,,,,,,,,,,,,,
12856,George Springer,540.0,487.0,117.0,17.0,64.0,54.0,12.0,0.2402464065708419,HIT,1.622988354579955,1.1020609816830027,1.3943313295127913,0.5895960607052786,-0.37359083783994296,4.335385888641084,-0.35363128777187974,-0.3439766829931463,-0.7313643338309973,0.055832708338618114,-0.7053632668640696,-0.6693972033093742,,,,,,,,,,,,,,,,,,
12916,Francisco Lindor,451.0,406.0,101.0,18.0,61.0,52.0,8.0,0.24876847290640394,HIT,1.5469107754590197,1.166888098252591,1.342689428419725,0.3930640404701857,-0.1156962340007503,4.333856108600771,-0.4983803657327423,-0.2366506249274553,-0.8264003772101662,-0.31871171009960986,-0.3295174653320858,-0.6702192207470525,,,,,,,,,,,,,,,,,,
13066,Teoscar Hernández,488.0,444.0,112.0,18.0,68.0,66.0,3.0,0.25225225225225223,HIT,1.7244251267412023,1.166888098252591,1.7041827360711894,0.14739901517631965,-0.03752532149404152,4.705369654747261,-0.16063251715739624,-0.2366506249274553,-0.16114807355598235,-0.7868922331473948,-0.21559414615364256,-0.47058881296395144,,,,,,,,,,,,,,,,,,
13510,José Ramírez,549.0,494.0,120.0,16.0,76.0,59.0,38.0,0.242914979757085,HIT,1.9272986710636968,1.0372338651134143,1.5234360822454571,1.867054192233382,-0.30371939484022026,6.051303415815729,0.22536502407157083,-0.4513027410588374,-0.49377422538307447,2.4903714281870997,-0.6035352793548707,0.25264001235913774,,,,,,,,,,,,,,,,,,
13611,Mookie Betts,519.0,468.0,114.0,20.0,70.0,60.0,3.0,0.24358974358974358,HIT,1.775143512821826,1.2965423313917679,1.5492570327919903,0.14739901517631965,-0.27064847196361164,4.497693420218292,-0.06413313185015425,-0.02199850879607327,-0.44625620369348984,-0.7868922331473948,-0.5553389722940542,-0.5821822980896045,,,,,,,,,,,,,,,,,,
13613,Ketel Marte,674.0,609.0,153.0,28.0,86.0,88.0,5.0,0.2512315270935961,HIT,2.180890601466815,1.815159263948475,2.272243648094919,0.24566502529386608,-0.08559591905481889,6.428362619749256,0.7078619506077795,0.836609955729455,0.8842484036148779,-0.5996200239282808,-0.2856504094542014,0.4552503435849636,,,,,,,,,,,,,,,,,,
13624,Corey Seager,408.0,366.0,77.0,18.0,53.0,47.0,2.0,0.2103825136612022,HIT,1.3440372311365254,1.166888098252591,1.2135846756870592,0.09826601011754643,-0.9166631502692765,2.9061128649244456,-0.8843779069617089,-0.2366506249274553,-1.063990485658089,-0.8805283377569518,-1.4968162306573805,-1.4374078438835203,,,,,,,,,,,,,,,,,,
14161,Byron Buxton,486.0,441.0,114.0,32.0,77.0,62.0,10.0,0.2585034013605442,HIT,1.9526578641040084,2.0744677302268286,1.6008989338850568,0.49133005058773216,0.12046645413538298,6.239821032939009,0.2736147167251914,1.265914187992219,-0.3512201603143205,-0.13143950088049586,0.01465706757058283,0.35393873799370607,,,,,,,,,,,,,,,,,,
14344,Matt Olson,703.0,634.0,167.0,44.0,111.0,99.0,2.0,0.2634069400630915,HIT,2.81487042747461,2.8523931290618894,2.5562741041067842,0.09826601011754643,0.3418991724979148,8.663702843258744,1.9141042669483013,2.5538268847805115,1.4069466422003085,-0.8805283377569518,0.337364701927545,1.6563959948856872,,,,,,,,,,,,,,,,,,
15194,Jake Bauers,543.0,488.0,129.0,27.0,86.0,85.0,11.0,0.26434426229508196,HIT,2.180890601466815,1.7503321473788866,2.1947807964553196,0.5404630556465053,0.294462986000882,6.960929586948408,0.7078619506077795,0.7292838976637639,0.7416943385461243,-0.03780339627093898,0.2682330052181604,0.7414217683864024,,,,,,,,,,,,,,,,,,
15640,Aaron Judge,317.0,283.0,72.0,21.0,53.0,48.0,6.0,0.254416961130742,HIT,1.3440372311365254,1.3613694479613563,1.2394056262335922,0.2947980303526393,0.011787814418138488,4.2513981501022515,-0.8843779069617089,0.08532754926961775,-1.0164724639685048,-0.5059839193187239,-0.14372705464782065,-0.7145274728976504,,,,,,,,,,,,,,,,,,
15986,Willy Adames,652.0,591.0,133.0,26.0,79.0,68.0,8.0,0.22504230118443316,HIT,2.003376250184632,1.6855050308092983,1.7558246371642556,0.3930640404701857,-0.9517530988396928,4.886016859788678,0.37011410203243295,0.6219578395980728,-0.06611203017681345,-0.31871171009960986,-1.5479549890875013,-0.37351920249791515,,,,,,,,,,,,,,,,,,
15998,Cody Bellinger,542.0,491.0,128.0,15.0,66.0,68.0,12.0,0.2606924643584521,HIT,1.6737067406605788,0.9724067485438259,1.7558246371642556,0.5895960607052786,0.1942206969660065,5.1857548840399454,-0.2571319024646378,-0.5586287991245283,-0.06611203017681345,0.055832708338618114,0.12214370009564683,-0.2124569084576663,,,,,,,,,,,,,,,,,,
16252,Trea Turner,688.0,628.0,160.0,22.0,105.0,65.0,23.0,0.25477707006369427,HIT,2.6627152692327387,1.4261965645309447,1.6783617855246562,1.130059116351784,0.03626465849255678,6.93359739413268,1.6246061110265753,0.19265360733530879,-0.208666095245567,1.085829859043745,-0.10805543165465642,0.726734990867774,,,,,,,,,,,,,,,,,,
16442,Ryan O'Hearn,430.0,390.0,106.0,18.0,58.0,73.0,1.0,0.2717948717948718,HIT,1.4708331963380843,1.166888098252591,1.8849293898969215,0.049133005058773216,0.40600737475528187,4.977791064301652,-0.6431294436936048,-0.2366506249274553,0.17147807827110936,-0.9741644423665087,0.4307935612503197,-0.3242049256406438,,,,,,,,,,,,,,,,,,
16478,Kyle Schwarber,691.0,615.0,151.0,46.0,94.0,96.0,4.0,0.24552845528455283,HIT,2.3837641457893093,2.982047362201066,2.4788112524671844,0.19653202023509286,-0.2825908994130741,7.758563881279579,1.0938594918367466,2.7684790009118934,1.2643925771315543,-0.6932561285378378,-0.5727434125194865,1.1700254117548503,,,,,,,,,,,,,,,,,,
16530,Mauricio Dubón,622.0,569.0,150.0,13.0,72.0,79.0,8.0,0.26362038664323373,HIT,1.8258618989024495,0.8427525154046491,2.039855093176121,0.3930640404701857,0.3163763188868065,5.417909866840212,0.0323662534570873,-0.7732809152559105,0.45658620840861724,-0.31871171009960986,0.30016866436007467,-0.08770992583479896,,,,,,,,,,,,,,,,,,
16556,Ozzie Albies,684.0,621.0,160.0,25.0,94.0,84.0,4.0,0.2576489533011272,HIT,2.3837641457893093,1.6206779142397099,2.1689598459087867,0.19653202023509286,0.13559588616134377,6.505529812334243,1.0938594918367466,0.5146317815323819,0.6941763168565401,-0.6932561285378378,0.036706127232438136,0.4967156367970277,,,,,,,,,,,,,,,,,,
16578,Yandy Díaz,680.0,615.0,185.0,22.0,89.0,90.0,4.0,0.3008130081300813,HIT,2.25696818058775,1.4261965645309447,2.3238855491879855,0.19653202023509286,1.6194074436495993,7.8229897581913725,0.852611028568642,0.19265360733530879,0.9792844469940472,-0.6932561285378378,2.1991567401748187,1.204644241170599,,,,,,,,,,,,,,,,,,
16997,Gleyber Torres,448.0,399.0,103.0,12.0,61.0,49.0,1.0,0.2581453634085213,HIT,1.5469107754590197,0.7779253988350607,1.2652265767801254,0.049133005058773216,0.10148884354328033,3.7406845996762597,-0.4983803657327423,-0.8806069733216014,-0.9689544422789201,-0.9741644423665087,-0.013000181390695063,-0.9889561051491782,,,,,,,,,,,,,,,,,,
17350,Rafael Devers,681.0,613.0,151.0,32.0,85.0,87.0,0.0,0.2463295269168026,HIT,2.1555314084265027,2.0744677302268286,2.246422697548386,0.0,-0.25426336414451456,6.222158472057203,0.659612257954158,1.265914187992219,0.8367303819252936,-1.0678005469760659,-0.5314599384182758,0.3444478748262609,,,,,,,,,,,,,,,,,,
17678,Alex Bregman,711.0,640.0,160.0,18.0,88.0,74.0,4.0,0.25,HIT,2.2316089875474385,1.166888098252591,1.9107503404434547,0.19653202023509286,-0.13360279068881556,5.372176655789762,0.8043613359150215,-0.2366506249274553,0.21899609996069402,-0.6932561285378378,-0.3556138010091994,-0.11228437181645934,,,,,,,,,,,,,,,,,,
17901,Andrew Benintendi,493.0,447.0,111.0,16.0,62.0,76.0,2.0,0.2483221476510067,HIT,1.5722699684993315,1.0372338651134143,1.9623922415365211,0.09826601011754643,-0.13821635007689242,4.531945735189921,-0.4501306730791213,-0.4513027410588374,0.3140321433398633,-0.8805283377569518,-0.36233742725152424,-0.5637770375648503,,,,,,,,,,,,,,,,,,
17982,Ty France,486.0,441.0,125.0,22.0,59.0,70.0,1.0,0.2834467120181406,HIT,1.4961923893783962,1.4261965645309447,1.807466538257322,0.049133005058773216,0.7499006551924031,5.528889152417839,-0.5948797510399838,0.19265360733530879,0.02892401320235584,-0.9741644423665087,0.9319705680710829,-0.028075922538986206,,,,,,,,,,,,,,,,,,
18314,Dansby Swanson,623.0,565.0,124.0,23.0,99.0,87.0,21.0,0.21946902654867256,HIT,2.510560110990868,1.491023681100533,2.246422697548386,1.0317931062342374,-1.0901869341156905,6.189612661758334,1.3351079551048501,0.2999796654009998,0.8367303819252936,0.8985576498246307,-1.7497032032955677,0.32695959358056725,,,,,,,,,,,,,,,,,,
18345,Kyle Tucker,633.0,566.0,139.0,18.0,91.0,78.0,12.0,0.24558303886925795,HIT,2.307686566668374,1.166888098252591,2.0140341426295874,0.5895960607052786,-0.25989530052147414,5.818309567734357,0.949110413875884,-0.2366506249274553,0.4090681867190322,0.055832708338618114,-0.5396677086091378,0.12744227088809565,,,,,,,,,,,,,,,,,,
18360,Austin Riley,638.0,579.0,131.0,20.0,67.0,77.0,8.0,0.22625215889464595,HIT,1.6990659337008907,1.2965423313917679,1.9882131920830544,0.3930640404701857,-0.8944812088185407,4.482404288827358,-0.2088822098110168,-0.02199850879607327,0.361550165029448,-0.31871171009960986,-1.464489111594099,-0.5903978142285989,,,,,,,,,,,,,,,,,,
18401,Ronald Acuña Jr.,466.0,412.0,104.0,20.0,69.0,49.0,23.0,0.2524271844660194,HIT,1.7497843197815142,1.2965423313917679,1.2652265767801254,1.130059116351784,-0.030745057541038998,5.4108672867641525,-0.11238282450377524,-0.02199850879607327,-0.9689544422789201,1.085829859043745,-0.20571284696366945,-0.09149421081447645,,,,,,,,,,,,,,,,,,
18568,Luis Arraez,669.0,610.0,190.0,7.0,76.0,66.0,12.0,0.3114754098360656,HIT,1.9272986710636968,0.45378981598711876,1.7041827360711894,0.5895960607052786,1.9713627262330742,6.646230010060357,0.22536502407157083,-1.4172372636500565,-0.16114807355598235,0.055832708338618114,2.7120830027517755,0.5723199805378395,,,,,,,,,,,,,,,,,,
18839,Josh Naylor,643.0,584.0,154.0,15.0,62.0,64.0,29.0,0.2636986301369863,HIT,1.5722699684993315,0.9724067485438259,1.652540834978123,1.424857146704423,0.3266246085459929,5.9486993072716965,-0.4501306730791213,-0.5586287991245283,-0.25618411693515164,1.6476464867010867,0.31510413250849156,0.1975063564229682,,,,,,,,,,,,,,,,,,
18882,Brandon Lowe,645.0,585.0,146.0,31.0,92.0,94.0,3.0,0.24957264957264957,HIT,2.3330457597086856,2.0096406136572402,2.4271693513741184,0.14739901517631965,-0.13693092651570093,6.7803238134006625,0.9973601065295046,1.158588129926528,1.1693565337523857,-0.7868922331473948,-0.36046409977017313,0.6443744208662598,,,,,,,,,,,,,,,,,,
19251,Pete Alonso,696.0,628.0,162.0,35.0,96.0,105.0,6.0,0.25796178343949044,HIT,2.4344825318699326,2.268949079935594,2.711199807385983,0.2947980303526393,0.14796021680446927,7.8573896663486185,1.1903588771439877,1.587892362189292,1.6920547723378156,-0.5059839193187239,0.05472543314963216,1.2231288099416782,,,,,,,,,,,,,,,,,,
19290,Randy Arozarena,645.0,579.0,156.0,20.0,97.0,69.0,27.0,0.2694300518134715,HIT,2.4598417249102447,1.2965423313917679,1.7816455877107888,1.3265911365868768,0.5105504836840273,7.375171264283705,1.238608569797609,-0.02199850879607327,-0.01859400848722881,1.4603742774819728,0.5831507179532571,0.9640118618700835,,,,,,,,,,,,,,,,,,
19326,Bryan Reynolds,693.0,625.0,164.0,20.0,101.0,82.0,9.0,0.2624,HIT,2.5612784970714917,1.2965423313917679,2.11731794481572,0.44219704552895894,0.3022904925281143,6.719626311336053,1.4316073404120921,-0.02199850879607327,0.5991402734773708,-0.22507560549005287,0.2796405159645228,0.6117590096268651,,,,,,,,,,,,,,,,,,
19556,Yordan Alvarez,682.0,610.0,194.0,44.0,103.0,112.0,1.0,0.3180327868852459,HIT,2.6119968831521154,2.8523931290618894,2.8919464612117154,0.049133005058773216,2.195271182969951,10.600740661454445,1.5281067257193341,2.5538268847805115,2.0246809241649077,-0.9741644423665087,3.038398684194009,2.697250772722567,,,,,,,,,,,,,,,,,,
19608,Otto Lopez,666.0,608.0,188.0,12.0,93.0,71.0,28.0,0.3092105263157895,HIT,2.358404952748997,0.7779253988350607,1.8332874888038553,1.37572414164565,1.8883055744729567,8.23364755650652,1.045609799183125,-0.8806069733216014,0.07644203489194049,1.5540103820915299,2.591038664050878,1.4253085603785947,,,,,,,,,,,,,,,,,,
19611,Vladimir Guerrero Jr.,646.0,582.0,154.0,13.0,82.0,69.0,9.0,0.2646048109965636,HIT,2.0794538293055673,0.8427525154046491,1.7816455877107888,0.44219704552895894,0.35522286203344655,5.501271839983411,0.5148631799932955,-0.7732809152559105,-0.01859400848722881,-0.22507560549005287,0.35678214106081085,-0.04291590724571945,,,,,,,,,,,,,,,,,,
19612,Bo Bichette,687.0,626.0,167.0,15.0,77.0,81.0,2.0,0.26677316293929715,HIT,1.9526578641040084,0.9724067485438259,2.091496994269187,0.09826601011754643,0.4556616312763259,5.570489248310893,0.2736147167251914,-0.5586287991245283,0.5516222517877858,-0.8805283377569518,0.5031577889767099,-0.005722379328822998,,,,,,,,,,,,,,,,,,
19627,Brent Rooker,203.0,185.0,37.0,10.0,20.0,29.0,2.0,0.2,HIT,0.507183860806236,0.6482711656958839,0.748807565849462,0.09826601011754643,-0.5879056236296638,1.4146229788394644,-2.4766177645311975,-1.0952590894529834,-1.9193148760706114,-0.8805283377569518,-1.0176974966082433,-2.2388503141564953,,,,,,,,,,,,,,,,,,
19709,Fernando Tatis Jr.,698.0,630.0,175.0,18.0,91.0,76.0,33.0,0.2777777777777778,HIT,2.307686566668374,1.166888098252591,1.9623922415365211,1.621389166939516,0.8454187678943006,7.903774841291303,0.949110413875884,-0.2366506249274553,0.3140321433398633,2.0221909051393148,1.0711750380166896,1.2480535845157048,,,,,,,,,,,,,,,,,,
19755,Shohei Ohtani,676.0,605.0,174.0,37.0,106.0,102.0,12.0,0.28760330578512394,HIT,2.688074462273051,2.3986033130747706,2.6337369557463837,0.5895960607052786,1.147495033747214,9.457505825546699,1.6728558036801966,1.802544478320674,1.549500707269062,0.055832708338618114,1.5114095158736587,2.0829409074394323,,,,,,,,,,,,,,,,,,
19918,Daulton Varsho,543.0,494.0,116.0,13.0,59.0,45.0,13.0,0.23481781376518218,HIT,1.4961923893783962,0.8427525154046491,1.1619427745939928,0.6387290657640518,-0.5310201703543064,3.608596574786784,-0.5948797510399838,-0.7732809152559105,-1.1590265290372583,0.149468812948175,-0.9347947973523942,-1.0599327533641887,,,,,,,,,,,,,,,,,,
19956,Mickey Moniak,435.0,397.0,107.0,26.0,57.0,73.0,3.0,0.2695214105793451,HIT,1.4454740032977726,1.6855050308092983,1.8849293898969215,0.14739901517631965,0.360944785548307,5.524252224728619,-0.6913791363472254,0.6219578395980728,0.17147807827110936,-0.7868922331473948,0.3651210550889942,-0.030567545724899874,,,,,,,,,,,,,,,,,,
20036,Isaac Paredes,652.0,585.0,148.0,21.0,62.0,84.0,0.0,0.252991452991453,HIT,1.5722699684993315,1.3613694479613563,2.1689598459087867,0.0,-0.024615440208087456,5.077983822161387,-0.4501306730791213,0.08532754926961775,0.6941763168565401,-1.0678005469760659,-0.19677977544805134,-0.2703669934416234,,,,,,,,,,,,,,,,,,
20123,Juan Soto,455.0,404.0,114.0,26.0,61.0,66.0,10.0,0.28217821782178215,HIT,1.5469107754590197,1.6855050308092983,1.7041827360711894,0.49133005058773216,0.6609721778740484,6.088900770801287,-0.4983803657327423,0.6219578395980728,-0.16114807355598235,-0.13143950088049586,0.8023695824778494,0.2728427085600819,,,,,,,,,,,,,,,,,,
20178,Miguel Vargas,692.0,621.0,147.0,32.0,105.0,89.0,15.0,0.23671497584541062,HIT,2.6627152692327387,2.0744677302268286,2.2980645986414525,0.7369950758815982,-0.5910781792243589,7.181164494758258,1.6246061110265753,1.265914187992219,0.931766425304463,0.33674102216728896,-1.0223210586473175,0.859763575596894,,,,,,,,,,,,,,,,,,
20202,Brandon Marsh,590.0,537.0,146.0,20.0,79.0,67.0,13.0,0.2718808193668529,HIT,2.003376250184632,1.2965423313917679,1.7300036866177226,0.6387290657640518,0.5505487128141077,6.219200046772281,0.37011410203243295,-0.02199850879607327,-0.1136300518663977,0.149468812948175,0.6414426180685024,0.3428581840810625,,,,,,,,,,,,,,,,,,
20220,Jo Adell,644.0,586.0,137.0,24.0,68.0,88.0,5.0,0.23378839590443687,HIT,1.7244251267412023,1.5558507976701215,2.272243648094919,0.24566502529386608,-0.6565173072204348,5.141667290579675,-0.16063251715739624,0.4073057234666908,0.8842484036148779,-0.5996200239282808,-1.1176895585969138,-0.23614709244137225,,,,,,,,,,,,,,,,,,
20352,Ernie Clement,630.0,578.0,162.0,12.0,67.0,55.0,6.0,0.28027681660899656,HIT,1.6990659337008907,0.7779253988350607,1.4201522800593245,0.2947980303526393,0.8621319311760438,5.054073574123959,-0.2088822098110168,-0.8806069733216014,-0.6838463121414127,-0.5059839193187239,1.0955321674651153,-0.28321501100495794,,,,,,,,,,,,,,,,,,
20391,Luis García Jr.,516.0,473.0,131.0,29.0,66.0,96.0,6.0,0.2769556025369979,HIT,1.6737067406605788,1.8799863805180634,2.4788112524671844,0.2947980303526393,0.6259115467324989,6.953213950730965,-0.2571319024646378,0.9439360137951459,1.2643925771315543,-0.5059839193187239,0.7512735501551665,0.7372758210303215,,,,,,,,,,,,,,,,,,
20437,Royce Lewis,503.0,457.0,111.0,19.0,61.0,62.0,15.0,0.24288840262582057,HIT,1.5469107754590197,1.2317152148221795,1.6008989338850568,0.7369950758815982,-0.2829433549818927,4.833576645065962,-0.4983803657327423,-0.1293245668617643,-0.3512201603143205,0.33674102216728896,-0.5732570678802231,-0.40169761364312084,,,,,,,,,,,,,,,,,,
20454,Jazz Chisholm Jr.,584.0,527.0,117.0,24.0,74.0,68.0,40.0,0.222011385199241,HIT,1.876580284983073,1.5558507976701215,1.7558246371642556,1.9653202023509286,-0.9460044996666083,6.207571422501771,0.12886563876432885,0.4073057234666908,-0.06611203017681345,2.677643637406214,-1.5395771989680878,0.33660961783319004,,,,,,,,,,,,,,,,,,
20503,William Contreras,629.0,567.0,149.0,15.0,77.0,78.0,2.0,0.26278659611992944,HIT,1.9526578641040084,0.9724067485438259,2.0140341426295874,0.09826601011754643,0.288738899207629,5.326103664602598,0.2736147167251914,-0.5586287991245283,0.4090681867190322,-0.8805283377569518,0.2598909385102029,-0.1370413964630226,,,,,,,,,,,,,,,,,,
20572,Kody Clemens,553.0,504.0,116.0,26.0,70.0,72.0,10.0,0.23015873015873015,HIT,1.775143512821826,1.6855050308092983,1.8591084393503885,0.49133005058773216,-0.6743475575241148,5.13673947604513,-0.06413313185015425,0.6219578395980728,0.12396005658152513,-0.13143950088049586,-1.1436746882473237,-0.23879502179742007,,,,,,,,,,,,,,,,,,
20599,Iván Herrera,689.0,618.0,156.0,18.0,94.0,68.0,9.0,0.2524271844660194,HIT,2.3837641457893093,1.166888098252591,1.7558246371642556,0.44219704552895894,-0.045457105781860754,5.703216820953254,1.0938594918367466,-0.2366506249274553,-0.06611203017681345,-0.22507560549005287,-0.2271536273481117,0.06559792574615807,,,,,,,,,,,,,,,,,,
21479,Nico Hoerner,694.0,632.0,167.0,10.0,71.0,74.0,26.0,0.26424050632911394,HIT,1.8005027058621377,0.6482711656958839,1.9107503404434547,1.2774581315281035,0.3703178944357331,6.007300237965313,-0.015883439196533684,-1.0952590894529834,0.21899609996069402,1.3667381728724157,0.37878106801752315,0.2289951885589117,,,,,,,,,,,,,,,,,,
21534,Cal Raleigh,509.0,456.0,79.0,20.0,43.0,66.0,3.0,0.17324561403508773,HIT,1.0904453007334074,1.2965423313917679,1.7041827360711894,0.14739901517631965,-2.0959638761158486,2.142605507256836,-1.3668748334979175,-0.02199850879607327,-0.16114807355598235,-0.7868922331473948,-3.21548432202012,-1.847673597952372,,,,,,,,,,,,,,,,,,
21622,Jake McCarthy,545.0,496.0,148.0,16.0,76.0,84.0,27.0,0.29838709677419356,HIT,1.9272986710636968,1.0372338651134143,2.1689598459087867,1.3265911365868768,1.2582157417396005,7.718299260412374,0.22536502407157083,-0.4513027410588374,0.6941763168565401,1.4603742774819728,1.6727696708443114,1.1483894774360985,,,,,,,,,,,,,,,,,,
21626,Griffin Conine,310.0,279.0,70.0,17.0,39.0,44.0,3.0,0.25089605734767023,HIT,0.9890085285721602,1.1020609816830027,1.1361218240474595,0.14739901517631965,-0.0457899806773347,3.3288003688016077,-1.559873604112401,-0.3439766829931463,-1.206544550726843,-0.7868922331473948,-0.22763874657913405,-1.2102794399826113,,,,,,,,,,,,,,,,,,
21636,Jeremy Peña,481.0,438.0,125.0,18.0,77.0,57.0,12.0,0.2853881278538813,HIT,1.9526578641040084,1.166888098252591,1.471794181152391,0.5895960607052786,0.7937778425737082,5.974714046787977,0.2736147167251914,-0.2366506249274553,-0.5888102687622434,0.055832708338618114,0.9959155146298658,0.21148520890862807,,,,,,,,,,,,,,,,,,
21711,Oneil Cruz,405.0,365.0,95.0,20.0,62.0,61.0,28.0,0.2602739726027397,HIT,1.5722699684993315,1.2965423313917679,1.5750779833385236,1.37572414164565,0.1382652536631523,5.957879678538426,-0.4501306730791213,-0.02199850879607327,-0.39873818200390515,1.5540103820915299,0.04059636205459141,0.202439369710335,,,,,,,,,,,,,,,,,,
21837,Jonathan Aranda,682.0,613.0,173.0,21.0,78.0,97.0,0.0,0.2822185970636215,HIT,1.9780170571443203,1.3613694479613563,2.504632203013718,0.0,0.9767580046231779,6.820776712742572,0.3218644093788124,0.08532754926961775,1.3119105988211393,-1.0678005469760659,1.2625838537348493,0.6661115254090102,,,,,,,,,,,,,,,,,,
22186,Brice Turang,675.0,610.0,163.0,20.0,95.0,95.0,22.0,0.26721311475409837,HIT,2.409123338829621,1.2965423313917679,2.4529903019206514,1.0809261112930106,0.45998064325919,7.699562726694241,1.142109184490367,-0.02199850879607327,1.21687455544197,0.9921937544341878,0.5094521530167501,1.138321521892109,,,,,,,,,,,,,,,,,,
22266,Xavier Edwards,669.0,605.0,172.0,8.0,74.0,59.0,25.0,0.28429752066115704,HIT,1.876580284983073,0.5186169325567072,1.5234360822454571,1.2283251264693302,1.0354687398259192,6.182427166080487,0.12886563876432885,-1.3099112055843656,-0.49377422538307447,1.2731020682628587,1.3481466495526535,0.32309851382406574,,,,,,,,,,,,,,,,,,
22664,Gabriel Moreno,515.0,464.0,139.0,11.0,65.0,69.0,5.0,0.2995689655172414,HIT,1.648347547620267,0.7130982822654723,1.7816455877107888,0.24566502529386608,1.2133378273454574,5.602094270235852,-0.3053815951182588,-0.9879330313872925,-0.01859400848722881,-0.5996200239282808,1.6073663027417828,0.011260375352174652,,,,,,,,,,,,,,,,,,
22715,Maikel Garcia,422.0,383.0,101.0,5.0,48.0,44.0,9.0,0.26370757180156656,HIT,1.2172412659349663,0.32413558284794197,1.1361218240474595,0.44219704552895894,0.22050904383689413,3.3402047621962208,-1.1256263702298135,-1.6318893797814387,-1.206544550726843,-0.22507560549005287,0.1604553384686636,-1.2041513627496272,,,,,,,,,,,,,,,,,,
22799,Geraldo Perdomo,668.0,595.0,147.0,12.0,79.0,59.0,23.0,0.24705882352941178,HIT,2.003376250184632,0.7779253988350607,1.5234360822454571,1.130059116351784,-0.2229996627108483,5.211797184906085,0.37011410203243295,-0.8806069733216014,-0.49377422538307447,1.085829859043745,-0.48589740725527514,-0.19846324605842852,,,,,,,,,,,,,,,,,,
23401,José Caballero,442.0,400.0,96.0,14.0,48.0,51.0,36.0,0.24,HIT,1.2172412659349663,0.9075796319742375,1.3168684778731918,1.7687881821158358,-0.3158452373553089,4.8946323205429225,-1.1256263702298135,-0.6659548571902194,-0.8739183988997509,2.303099218967986,-0.6212070217313643,-0.3688897402307952,,,,,,,,,,,,,,,,,,
23690,Brayan Rocchio,619.0,561.0,141.0,12.0,62.0,67.0,19.0,0.25133689839572193,HIT,1.5722699684993315,0.7779253988350607,1.7300036866177226,0.933527096116691,-0.07592047544158177,4.937805674627224,-0.4501306730791213,-0.8806069733216014,-0.1136300518663977,0.7112854406055169,-0.2715497853780881,-0.34569081687898023,,,,,,,,,,,,,,,,,,
23697,Julio Rodríguez,646.0,587.0,153.0,25.0,78.0,75.0,22.0,0.2606473594548552,HIT,1.9780170571443203,1.6206779142397099,1.936571290989988,1.0809261112930106,0.2276116557836746,6.843804029450703,0.3218644093788124,0.5146317815323819,0.26651412165027866,0.9921937544341878,0.17080641538290908,0.6784851055173978,,,,,,,,,,,,,,,,,,
23733,Ezequiel Duran,574.0,523.0,141.0,17.0,72.0,83.0,13.0,0.2695984703632887,HIT,1.8258618989024495,1.1020609816830027,2.143138895362253,0.6387290657640518,0.46962731403590513,6.179418155747662,0.0323662534570873,-0.3439766829931463,0.646658295166955,0.149468812948175,0.5235108446536266,0.3214816415296473,,,,,,,,,,,,,,,,,,
23772,Wilyer Abreu,664.0,599.0,152.0,28.0,86.0,86.0,10.0,0.25375626043405675,HIT,2.180890601466815,1.815159263948475,2.2206017470018526,0.49133005058773216,0.0004946008853979802,6.708476263890272,0.7078619506077795,0.836609955729455,0.7892123602357086,-0.13143950088049586,-0.16018535516631977,0.605767603548971,,,,,,,,,,,,,,,,,,
23986,Curtis Mead,346.0,314.0,80.0,18.0,51.0,50.0,6.0,0.25477707006369427,HIT,1.2933188450559017,1.166888098252591,1.2910475273266586,0.2947980303526393,0.019477189924592547,4.065529690912384,-0.9808772922689509,-0.2366506249274553,-0.9214364205893355,-0.5059839193187239,-0.13252085080531736,-0.8144026906035997,,,,,,,,,,,,,,,,,,
24262,Ceddanne Rafaela,651.0,596.0,168.0,21.0,84.0,86.0,22.0,0.28187919463087246,HIT,2.130172215386191,1.3613694479613563,2.2206017470018526,1.0809261112930106,0.940438437027233,7.733507958669643,0.6113625653005375,0.08532754926961775,0.7892123602357086,0.9921937544341878,1.209653095234355,1.1565617733495064,,,,,,,,,,,,,,,,,,
24617,Jarren Duran,625.0,568.0,120.0,21.0,71.0,79.0,23.0,0.2112676056338028,HIT,1.8005027058621377,1.3613694479613563,2.039855093176121,1.130059116351784,-1.3577371296159575,4.9740492337354425,-0.015883439196533684,0.08532754926961775,0.45658620840861724,1.085829859043745,-2.1396206974225036,-0.3262155741608275,,,,,,,,,,,,,,,,,,
24618,Ryan Jeffers,361.0,323.0,88.0,14.0,52.0,56.0,2.0,0.2724458204334365,HIT,1.3186780380962135,0.9075796319742375,1.4459732306058577,0.09826601011754643,0.35168808394994705,4.122184994743802,-0.9326275996153299,-0.6659548571902194,-0.636328290451828,-0.8805283377569518,0.35163068972273265,-0.7839593285128893,,,,,,,,,,,,,,,,,,
24816,Andy Pages,675.0,613.0,164.0,25.0,86.0,99.0,14.0,0.26753670473083196,HIT,2.180890601466815,1.6206779142397099,2.5562741041067842,0.687862070822825,0.47315835376365967,7.518863044399794,0.7078619506077795,0.5146317815323819,1.4069466422003085,0.2431049175577321,0.5286568478540142,1.0412237131126318,,,,,,,,,,,,,,,,,,
25764,Bobby Witt Jr.,616.0,560.0,160.0,19.0,85.0,63.0,42.0,0.2857142857142857,HIT,2.1555314084265027,1.2317152148221795,1.6267198844315898,2.0635862124684747,1.008818551420795,8.086371271569542,0.659612257954158,-0.1293245668617643,-0.3037021386247363,2.864915846625327,1.3093076770693524,1.3461705985903687,,,,,,,,,,,,,,,,,,
25768,CJ Abrams,673.0,611.0,172.0,36.0,100.0,115.0,30.0,0.281505728314239,HIT,2.53591930403118,2.333776196505182,2.969409312851315,1.4739901517631964,0.9494469245544225,10.262541889705297,1.3833576477584717,1.6952184202549831,2.1672349892336613,1.7412825913106438,1.2227817228397568,2.5155218440837044,,,,,,,,,,,,,,,,,,
25816,Shea Langeliers,416.0,379.0,100.0,23.0,55.0,51.0,2.0,0.2638522427440633,HIT,1.394755617217149,1.491023681100533,1.3168684778731918,0.09826601011754643,0.22149714597866382,4.522410932287085,-0.7878785216544674,0.2999796654009998,-0.8739183988997509,-0.8805283377569518,0.16189536100477092,-0.5689005024058178,,,,,,,,,,,,,,,,,,
25878,Corbin Carroll,670.0,603.0,147.0,23.0,99.0,77.0,23.0,0.24378109452736318,HIT,2.510560110990868,1.491023681100533,1.9882131920830544,1.130059116351784,-0.3365171086161975,6.783338991910041,1.3351079551048501,0.2999796654009998,0.361550165029448,1.085829859043745,-0.6513334218481315,0.6459946075905649,,,,,,,,,,,,,,,,,,
25931,Michael Harris II,620.0,570.0,166.0,26.0,79.0,89.0,10.0,0.2912280701754386,HIT,2.003376250184632,1.6855050308092983,2.2980645986414525,0.49133005058773216,1.2023232255444447,7.68059915576756,0.37011410203243295,0.6219578395980728,0.931766425304463,-0.13143950088049586,1.591314040380223,1.1281315693684817,,,,,,,,,,,,,,,,,,
25976,Riley Greene,663.0,599.0,163.0,23.0,88.0,78.0,4.0,0.27212020033388984,HIT,2.2316089875474385,1.491023681100533,2.0140341426295874,0.19653202023509286,0.6171155241902412,6.550314355702893,0.8043613359150215,0.2999796654009998,0.4090681867190322,-0.6932561285378378,0.7384545609499885,0.5207803223187191,,,,,,,,,,,,,,,,,,
25979,Nasim Nuñez,531.0,477.0,109.0,2.0,62.0,45.0,52.0,0.22851153039832284,HIT,1.5722699684993315,0.1296542331391768,1.1619427745939928,2.554916263056207,-0.6851639853303787,4.733619253958329,-0.4501306730791213,-1.9538675539785118,-1.1590265290372583,3.8012768927208973,-1.159438139355021,-0.45540907303600003,,,,,,,,,,,,,,,,,,
26151,Kyle Stowers,493.0,446.0,109.0,20.0,55.0,65.0,1.0,0.24439461883408073,HIT,1.394755617217149,1.2965423313917679,1.6783617855246562,0.049133005058773216,-0.2380901009532962,4.18070263823905,-0.7878785216544674,-0.02199850879607327,-0.208666095245567,-0.9741644423665087,-0.5078896388579117,-0.7525152502157919,,,,,,,,,,,,,,,,,,
26202,Jake Mangum,450.0,411.0,122.0,5.0,55.0,36.0,26.0,0.29683698296836986,HIT,1.394755617217149,0.32413558284794197,0.9295542196751942,1.2774581315281035,1.0178929103443952,4.943796461612783,-0.7878785216544674,-1.6318893797814387,-1.5866887242435193,1.3667381728724157,1.322532303146275,-0.3424717061324846,,,,,,,,,,,,,,,,,,
26288,Adley Rutschman,435.0,390.0,99.0,12.0,46.0,66.0,0.0,0.25384615384615383,HIT,1.1665228798543428,0.7779253988350607,1.7041827360711894,0.0,0.002753547606516658,3.6513845623671095,-1.222125755537055,-0.8806069733216014,-0.16114807355598235,-1.0678005469760659,-0.1568932520033304,-1.0369409042176958,,,,,,,,,,,,,,,,,,
26289,Gunnar Henderson,716.0,647.0,145.0,26.0,95.0,70.0,14.0,0.2241112828438949,HIT,2.409123338829621,1.6855050308092983,1.807466538257322,0.687862070822825,-1.0681296438420274,5.521827334877038,1.142109184490367,0.6219578395980728,0.02892401320235584,0.2431049175577321,-1.7175577461238554,-0.031870544646261954,,,,,,,,,,,,,,,,,,
26294,Bryson Stott,587.0,532.0,141.0,11.0,68.0,69.0,29.0,0.2650375939849624,HIT,1.7244251267412023,0.7130982822654723,1.7816455877107888,1.424857146704423,0.3399316508145111,5.983957794236397,-0.16063251715739624,-0.9879330313872925,-0.01859400848722881,1.6476464867010867,0.3344973105470277,0.2164522769784542,,,,,,,,,,,,,,,,,,
26319,Michael Busch,708.0,637.0,157.0,21.0,73.0,86.0,3.0,0.24646781789638933,HIT,1.8512210919427614,1.3613694479613563,2.2206017470018526,0.14739901517631965,-0.25853493810299394,5.322056363979296,0.0806159461107083,0.08532754926961775,0.7892123602357086,-0.7868922331473948,-0.5376851680831388,-0.13921618734812224,,,,,,,,,,,,,,,,,,
26368,JJ Bleday,546.0,490.0,111.0,28.0,67.0,70.0,8.0,0.22653061224489796,HIT,1.6990659337008907,1.815159263948475,1.807466538257322,0.3930640404701857,-0.75785881366995,4.956896962706924,-0.2088822098110168,0.836609955729455,0.02892401320235584,-0.31871171009960986,-1.2653808214343734,-0.33543223636694586,,,,,,,,,,,,,,,,,,
26438,Dominic Canzone,502.0,457.0,115.0,25.0,60.0,70.0,2.0,0.25164113785557984,HIT,1.521551582418708,1.6206779142397099,1.807466538257322,0.09826601011754643,-0.054538819552559285,4.993423225480727,-0.5466300583863629,0.5146317815323819,0.02892401320235584,-0.8805283377569518,-0.24038897209987928,-0.3158050846575118,,,,,,,,,,,,,,,,,,
26668,Elly De La Cruz,625.0,565.0,153.0,27.0,95.0,80.0,31.0,0.27079646017699116,HIT,2.409123338829621,1.7503321473788866,2.065676043722654,1.5231231568219696,0.5426026126718211,8.290857299424951,1.142109184490367,0.7292838976637639,0.5041042300982015,1.8349186959202008,0.629862273491408,1.4560498467366148,,,,,,,,,,,,,,,,,,
27464,Dillon Dingler,618.0,562.0,149.0,32.0,83.0,103.0,0.0,0.26512455516014233,HIT,2.1048130223458794,2.0744677302268286,2.6595579062929167,0.0,0.36039512322465966,7.1992337820902845,0.5631128726469169,1.265914187992219,1.5970187289586464,-1.0678005469760659,0.36431999809312166,0.8694729905990057,,,,,,,,,,,,,,,,,,
27465,Spencer Torkelson,635.0,573.0,131.0,28.0,73.0,83.0,0.0,0.2286212914485166,HIT,1.8512210919427614,1.815159263948475,2.143138895362253,0.0,-0.8095337703152694,4.9999854809382205,0.0806159461107083,0.836609955729455,0.646658295166955,-1.0678005469760659,-1.3406899407814414,-0.31227889901355765,,,,,,,,,,,,,,,,,,
27467,Tyler Soderstrom,607.0,550.0,136.0,26.0,76.0,80.0,3.0,0.24727272727272728,HIT,1.9272986710636968,1.6855050308092983,2.065676043722654,0.14739901517631965,-0.200614554026697,5.625264206745271,0.22536502407157083,0.6219578395980728,0.5041042300982015,-0.7868922331473948,-0.45327419998172763,0.02371059129089619,,,,,,,,,,,,,,,,,,
27475,Jordan Walker,667.0,607.0,168.0,29.0,91.0,106.0,19.0,0.27677100494233936,HIT,2.307686566668374,1.8799863805180634,2.737020757932516,0.933527096116691,0.7827851260062304,8.641005927241874,0.949110413875884,0.9439360137951459,1.7395727940274,0.7112854406055169,0.9798951469765208,1.6441999534576857,,,,,,,,,,,,,,,,,,
27490,Nick Gonzales,632.0,576.0,172.0,9.0,81.0,70.0,6.0,0.2986111111111111,HIT,2.0540946362652557,0.5834440491262955,1.807466538257322,0.2947980303526393,1.4531213112224703,6.192924565223984,0.46661348733967495,-1.2025851475186746,0.02892401320235584,-0.5059839193187239,1.9568176458496898,0.3287392235462678,,,,,,,,,,,,,,,,,,
27496,Owen Caissie,390.0,352.0,83.0,16.0,49.0,68.0,5.0,0.23579545454545456,HIT,1.2426004589752782,1.0372338651134143,1.7558246371642556,0.24566502529386608,-0.36527044376625617,3.916053542780558,-1.0773766775761924,-0.4513027410588374,-0.06611203017681345,-0.5996200239282808,-0.693237440525971,-0.8947227346905993,,,,,,,,,,,,,,,,,,
27555,Garrett Mitchell,537.0,484.0,121.0,11.0,67.0,66.0,15.0,0.25,HIT,1.6990659337008907,0.7130982822654723,1.7041827360711894,0.7369950758815982,-0.10282035630999109,4.750521671609159,-0.2088822098110168,-0.9879330313872925,-0.16114807355598235,0.33674102216728896,-0.31075265017477177,-0.44632666793084386,,,,,,,,,,,,,,,,,,
27577,Casey Schmitt,409.0,372.0,101.0,21.0,47.0,55.0,9.0,0.271505376344086,HIT,1.1918820728946546,1.3613694479613563,1.4201522800593245,0.44219704552895894,0.38202846403765395,4.797629310481948,-1.173876062883434,0.08532754926961775,-0.6838463121414127,-0.22507560549005287,0.39584760742124964,-0.4210136820238218,,,,,,,,,,,,,,,,,,
27615,Alec Burleson,667.0,607.0,172.0,25.0,83.0,104.0,4.0,0.2833607907742998,HIT,2.1048130223458794,1.6206779142397099,2.68537885683945,0.19653202023509286,1.0067800391455601,7.614181852805693,0.5631128726469169,0.5146317815323819,1.6445367506482313,-0.6932561285378378,1.306336826696321,1.0924426600092976,,,,,,,,,,,,,,,,,,
27769,Pete Crow-Armstrong,706.0,639.0,179.0,35.0,112.0,97.0,39.0,0.28012519561815336,HIT,2.8402296205149216,2.268949079935594,2.504632203013718,1.9161871972921554,0.9401445337462533,10.470142634502642,1.9623539596019217,1.587892362189292,1.3119105988211393,2.5840075327966567,1.2092247717542655,2.6270747652889734,,,,,,,,,,,,,,,,,,
27770,,100.0,90.0,22.0,2.0,11.0,11.0,3.0,0.24444444444444444,HIT,0.2789511234434298,0.1296542331391768,0.2840304560118649,0.14739901517631965,-0.04917441974513005,0.7908604080256612,-2.910864998413785,-1.9538675539785118,-2.7746392664831334,-0.7868922331473948,-0.23257109954517308,-2.5740251083544305,,,,,,,,,,,,,,,,,,
27899,Colt Keith,499.0,453.0,120.0,12.0,62.0,49.0,6.0,0.26490066225165565,HIT,1.5722699684993315,0.7779253988350607,1.2652265767801254,0.2947980303526393,0.2890819691941044,4.199301943661261,-0.4501306730791213,-0.8806069733216014,-0.9689544422789201,-0.5059839193187239,0.2603909156796702,-0.7425210334115023,,,,,,,,,,,,,,,,,,
28163,Junior Caminero,698.0,633.0,175.0,46.0,98.0,106.0,3.0,0.2764612954186414,HIT,2.4852009179505563,2.982047362201066,2.737020757932516,0.14739901517631965,0.8026023807630979,9.154270434023555,1.2868582624512297,2.7684790009118934,1.7395727940274,-0.7868922331473948,1.0087760614562307,1.919999325653437,,,,,,,,,,,,,,,,,,
28806,Jackson Chourio,554.0,506.0,140.0,23.0,82.0,72.0,16.0,0.2766798418972332,HIT,2.0794538293055673,1.491023681100533,1.8591084393503885,0.7861280809403715,0.6587023420902017,6.874416372787062,0.5148631799932955,0.2999796654009998,0.12396005658152513,0.4303771267768461,0.7990616100083759,0.6949344507615252,,,,,,,,,,,,,,,,,,
28824,Samuel Basallo,421.0,383.0,92.0,21.0,47.0,62.0,0.0,0.2402088772845953,HIT,1.1918820728946546,1.3613694479613563,1.6008989338850568,0.0,-0.2984411473706736,3.855709307370394,-1.173876062883434,0.08532754926961775,-0.3512201603143205,-1.0678005469760659,-0.595842961945574,-0.9271483203717751,,,,,,,,,,,,,,,,,,
29490,Jackson Merrill,661.0,604.0,152.0,25.0,83.0,85.0,27.0,0.25165562913907286,HIT,2.1048130223458794,1.6206779142397099,2.1947807964553196,1.3265911365868768,-0.07058855066475009,7.176274318963036,0.5631128726469169,0.5146317815323819,0.7416943385461243,1.4603742774819728,-0.2637792406996655,0.8571358711746537,,,,,,,,,,,,,,,,,,
29518,James Wood,657.0,591.0,156.0,36.0,119.0,90.0,20.0,0.2639593908629442,HIT,3.017743971797104,2.333776196505182,2.3238855491879855,0.9826601011754643,0.33887547846337523,8.996941297129112,2.3001018081772675,1.6952184202549831,0.9792844469940472,0.8049215452150741,0.332958085072903,1.8354595287061224,,,,,,,,,,,,,,,,,,
29576,Ben Rice,653.0,588.0,149.0,41.0,96.0,100.0,3.0,0.2534013605442177,HIT,2.4344825318699326,2.657911779353124,2.5820950546533172,0.14739901517631965,-0.011207651030577411,7.810680730022116,1.1903588771439877,2.231848710583438,1.4544646638898928,-0.7868922331473948,-0.17723977269043142,1.198030064276297,,,,,,,,,,,,,,,,,,
29646,Caleb Durbin,584.0,527.0,130.0,14.0,76.0,73.0,20.0,0.24667931688804554,HIT,1.9272986710636968,0.9075796319742375,1.8849293898969215,0.9826601011754643,-0.21044726625394317,5.492020527856377,0.22536502407157083,-0.6659548571902194,0.17147807827110936,0.8049215452150741,-0.46760402136328316,-0.04788704014680676,,,,,,,,,,,,,,,,,,
29712,Colson Montgomery,650.0,588.0,126.0,35.0,75.0,95.0,2.0,0.21428571428571427,HIT,1.901939478023385,2.268949079935594,2.4529903019206514,0.09826601011754643,-1.3023357925094792,5.419809077487697,0.17711533141794986,1.587892362189292,1.21687455544197,-0.8805283377569518,-2.0588808927086695,-0.08668939724316058,,,,,,,,,,,,,,,,,,
29715,Hunter Goodman,607.0,553.0,140.0,43.0,88.0,92.0,6.0,0.25316455696202533,HIT,2.2316089875474385,2.787566012492301,2.375527450281052,0.2947980303526393,-0.017905540988715135,7.671594939684716,0.8043613359150215,2.44650082671482,1.0743204903732164,-0.5059839193187239,-0.18700102314861852,1.123293211932986,,,,,,,,,,,,,,,,,,
29766,Zack Gelof,409.0,371.0,98.0,18.0,66.0,51.0,13.0,0.2641509433962264,HIT,1.6737067406605788,1.166888098252591,1.3168684778731918,0.6387290657640518,0.22347649811722767,5.01966888066764,-0.2571319024646378,-0.2366506249274553,-0.8739183988997509,0.149468812948175,0.16477999364135157,-0.3017021511256287,,,,,,,,,,,,,,,,,,
29779,Max Muncy,231.0,210.0,47.0,6.0,28.0,26.0,3.0,0.22380952380952382,HIT,0.7100574051287304,0.38896269941753037,0.6713447142098625,0.14739901517631965,-0.3701783453220365,1.5475854886104066,-2.0906202233022304,-1.5245633217157475,-2.061868941139365,-0.7868922331473948,-0.7003900298652288,-2.1674037671308004,,,,,,,,,,,,,,,,,,
29805,TJ Rumfield,618.0,560.0,163.0,17.0,67.0,76.0,1.0,0.2910714285714286,HIT,1.6990659337008907,1.1020609816830027,1.9623922415365211,0.049133005058773216,1.1778371762726942,5.990489338251882,-0.2088822098110168,-0.3439766829931463,0.3140321433398633,-0.9741644423665087,1.5556290020820542,0.21996196002713206,,,,,,,,,,,,,,,,,,
29844,Liam Hicks,551.0,496.0,137.0,18.0,69.0,82.0,4.0,0.2762096774193548,HIT,1.7497843197815142,1.166888098252591,2.11731794481572,0.19653202023509286,0.6333018459793955,5.863824229064314,-0.11238282450377524,-0.2366506249274553,0.5991402734773708,-0.6932561285378378,0.7620438916150561,0.15189928058708116,,,,,,,,,,,,,,,,,,
29995,Daylen Lile,650.0,593.0,147.0,19.0,79.0,80.0,15.0,0.2478920741989882,HIT,2.003376250184632,1.2317152148221795,2.065676043722654,0.7369950758815982,-0.19458370880080506,5.843178875810258,0.37011410203243295,-0.1293245668617643,0.5041042300982015,0.33674102216728896,-0.44448507518385455,0.14080563317722786,,,,,,,,,,,,,,,,,,
30116,Seiya Suzuki,608.0,548.0,147.0,27.0,85.0,92.0,3.0,0.26824817518248173,HIT,2.1555314084265027,1.7503321473788866,2.375527450281052,0.14739901517631965,0.4486725066569709,6.8774625279197314,0.659612257954158,0.7292838976637639,1.0743204903732164,-0.7868922331473948,0.49297210418352855,0.6965712825745586,,,,,,,,,,,,,,,,,,
31347,Zach Neto,696.0,630.0,144.0,27.0,100.0,73.0,21.0,0.22857142857142856,HIT,2.53591930403118,1.7503321473788866,1.8849293898969215,1.0317931062342374,-0.8854180419913106,6.3175559055499155,1.3833576477584717,0.7292838976637639,0.17147807827110936,0.8985576498246307,-1.4512807964533823,0.39570907040619846,,,,,,,,,,,,,,,,,,
31505,Sal Stewart,682.0,617.0,158.0,32.0,87.0,114.0,16.0,0.2560777957860616,HIT,2.2062497945071264,2.0744677302268286,2.943588362304782,0.7861280809403715,0.08058335326259297,8.0910173212417,0.7561116432614,1.265914187992219,2.1197169675440772,0.4303771267768461,-0.043467048994731215,1.3486671234149787,,,,,,,,,,,,,,,,,,
31539,Drake Baldwin,589.0,532.0,143.0,27.0,84.0,82.0,2.0,0.26879699248120303,HIT,2.130172215386191,1.7503321473788866,2.11731794481572,0.09826601011754643,0.4530207676027504,6.549109085301095,0.6113625653005375,0.7292838976637639,0.5991402734773708,-0.8805283377569518,0.49930909455132916,0.5201326780422301,,,,,,,,,,,,,,,,,,
31595,Brooks Lee,611.0,557.0,137.0,21.0,68.0,80.0,9.0,0.2459605026929982,HIT,1.7244251267412023,1.3613694479613563,2.065676043722654,0.44219704552895894,-0.2441930668801517,5.349474597074019,-0.16063251715739624,0.08532754926961775,0.5041042300982015,-0.22507560549005287,-0.51678386962643,-0.12448317664053035,,,,,,,,,,,,,,,,,,
31812,Roman Anthony,208.0,184.0,44.0,3.0,23.0,14.0,3.0,0.2391304347826087,HIT,0.5832614399271714,0.19448134970876518,0.3614933076514644,0.14739901517631965,-0.15839507287013935,1.1282400395935812,-2.331868686570335,-1.8465414959128206,-2.63208520141438,-0.7868922331473948,-0.391745131519926,-2.3927363394085486,,,,,,,,,,,,,,,,,,
31912,Chandler Simpson,591.0,541.0,164.0,0.0,66.0,35.0,45.0,0.3031423290203327,HIT,1.6737067406605788,0.0,0.903733269128661,2.2109852276447945,1.5095444785365135,6.297969715970548,-0.2571319024646378,-2.1685196701098937,-1.634206745933104,3.1458241604539987,2.039046627101825,0.3851845577654008,,,,,,,,,,,,,,,,,,
32127,Chase DeLauter,565.0,511.0,142.0,17.0,62.0,74.0,9.0,0.27788649706457924,HIT,1.5722699684993315,1.1020609816830027,1.9107503404434547,0.44219704552895894,0.6997274154706545,5.727005751625402,-0.4501306730791213,-0.3439766829931463,0.21899609996069402,-0.22507560549005287,0.8588499939374912,0.07838075420574875,,,,,,,,,,,,,,,,,,
33253,Cole Carrigg,367.0,332.0,92.0,9.0,59.0,50.0,14.0,0.27710843373493976,HIT,1.4961923893783962,0.5834440491262955,1.2910475273266586,0.687862070822825,0.45088703208371445,4.50943306873789,-0.5948797510399838,-1.2025851475186746,-0.9214364205893355,0.2431049175577321,0.49619946943909,-0.5758740736775843,,,,,,,,,,,,,,,,,,
33266,Jacob Wilson,503.0,461.0,126.0,10.0,56.0,59.0,6.0,0.27331887201735355,HIT,1.4201148102574608,0.6482711656958839,1.5234360822454571,0.2947980303526393,0.5153397555566728,4.401959844108114,-0.7396288290008464,-1.0952590894529834,-0.49377422538307447,-0.5059839193187239,0.590130420897532,-0.6336241177369392,,,,,,,,,,,,,,,,,,
33333,Wyatt Langford,457.0,412.0,107.0,20.0,63.0,53.0,13.0,0.25970873786407767,HIT,1.5976291615396434,1.2965423313917679,1.368510378966258,0.6387290657640518,0.14157605152205716,5.042986989183778,-0.4018809804255003,-0.02199850879607327,-0.7788823555205819,0.149468812948175,0.04542139311947704,-0.28917231591479703,,,,,,,,,,,,,,,,,,
33381,Max Clark,167.0,148.0,37.0,4.0,22.0,21.0,2.0,0.25,HIT,0.5579022468868596,0.2593084662783536,0.5422399614771967,0.09826601011754643,-0.03205768237853414,1.4256590023814222,-2.3801183792239553,-1.7392154378471296,-2.2994590495872878,-0.8805283377569518,-0.2076258165520784,-2.232920178087873,,,,,,,,,,,,,,,,,,
33390,Bryce Eldridge,477.0,432.0,106.0,18.0,55.0,49.0,1.0,0.24537037037037038,HIT,1.394755617217149,1.166888098252591,1.2652265767801254,0.049133005058773216,-0.20685672405729671,3.669146573251342,-0.7878785216544674,-0.2366506249274553,-0.9689544422789201,-0.9741644423665087,-0.4623713015244669,-1.0273966022328926,,,,,,,,,,,,,,,,,,
33433,George Lombard Jr.,180.0,159.0,34.0,5.0,23.0,19.0,5.0,0.2138364779874214,HIT,0.5832614399271714,0.32413558284794197,0.4905980603841303,0.24566502529386608,-0.37617238546908527,1.2674877229840245,-2.331868686570335,-1.6318893797814387,-2.3944950929664572,-0.5996200239282808,-0.709125516338948,-2.3179124948773846,,,,,,,,,,,,,,,,,,
33530,Cooper Pratt,268.0,241.0,61.0,3.0,33.0,28.0,14.0,0.25311203319502074,HIT,0.8368533703302894,0.19448134970876518,0.7229866153029288,0.687862070822825,-0.008211331604221639,2.433972074560587,-1.8493717600341262,-1.8465414959128206,-1.966832897760196,0.2431049175577321,-0.17287305055014676,-1.691109652307507,,,,,,,,,,,,,,,,,,
33572,Kevin McGonigle,683.0,613.0,174.0,17.0,101.0,67.0,14.0,0.2838499184339315,HIT,2.5612784970714917,1.1020609816830027,1.7300036866177226,0.687862070822825,1.03271352138536,7.113918757580402,1.4316073404120921,-0.3439766829931463,-0.1136300518663977,0.2431049175577321,1.3441312988327394,0.8236295124550956,,,,,,,,,,,,,,,,,,
33575,Colt Emerson,395.0,357.0,73.0,11.0,42.0,40.0,5.0,0.20448179271708683,HIT,1.0650861076930955,0.7130982822654723,1.032838021861327,0.24566502529386608,-1.017050362926798,2.039637074186963,-1.4151245261515386,-0.9879330313872925,-1.3966166374851812,-0.5996200239282808,-1.6431167419637511,-1.9030030213226319,,,,,,,,,,,,,,,,,,
33656,A.J. Ewing,469.0,425.0,109.0,9.0,55.0,42.0,23.0,0.2564705882352941,HIT,1.394755617217149,0.5834440491262955,1.0844799229543933,1.130059116351784,0.06684198379423083,4.259580689443853,-0.7878785216544674,-1.2025851475186746,-1.301580594106012,1.085829859043745,-0.06349319899980868,-0.7101306381592987,,,,,,,,,,,,,,,,,,
34967,Travis Bazzana,520.0,466.0,111.0,12.0,55.0,52.0,21.0,0.23819742489270387,HIT,1.394755617217149,0.7779253988350607,1.342689428419725,1.0317931062342374,-0.41287324136393433,4.134290309342237,-0.7878785216544674,-0.8806069733216014,-0.8264003772101662,0.8985576498246307,-0.7626119499260207,-0.7774546157919284,,,,,,,,,,,,,,,,,,
34985,JJ Wetherholt,681.0,613.0,151.0,20.0,97.0,63.0,16.0,0.2463295269168026,HIT,2.4598417249102447,1.2965423313917679,1.6267198844315898,0.7861280809403715,-0.25426336414451456,5.914968657529459,1.238608569797609,-0.02199850879607327,-0.3037021386247363,0.4303771267768461,-0.5314599384182758,0.17938140934452,,,,,,,,,,,,,,,,,,
35041,Jac Caglianone,587.0,534.0,142.0,28.0,73.0,73.0,6.0,0.26591760299625467,HIT,1.8512210919427614,1.815159263948475,1.8849293898969215,0.2947980303526393,0.3676814489942115,6.2137892251350095,0.0806159461107083,0.836609955729455,0.17147807827110936,-0.5059839193187239,0.37493881255574585,0.33995071397372967,,,,,,,,,,,,,,,,,,
35101,Sam Antonacci,550.0,490.0,132.0,10.0,82.0,53.0,21.0,0.2693877551020408,HIT,2.0794538293055673,0.6482711656958839,1.368510378966258,1.0317931062342374,0.436094014632449,5.564122494834395,0.5148631799932955,-1.0952590894529834,-0.7788823555205819,0.8985576498246307,0.47464068760232736,-0.009143513244264673,,,,,,,,,,,,,,,,,,
35108,Cam Smith,577.0,523.0,120.0,20.0,69.0,59.0,13.0,0.2294455066921606,HIT,1.7497843197815142,1.2965423313917679,1.5234360822454571,0.6387290657640518,-0.7191989377389844,4.489292861443806,-0.11238282450377524,-0.02199850879607327,-0.49377422538307447,0.149468812948175,-1.2090393864446713,-0.5866962841640055,,,,,,,,,,,,,,,,,,
35110,Nick Kurtz,434.0,395.0,101.0,21.0,62.0,69.0,7.0,0.25569620253164554,HIT,1.5722699684993315,1.3613694479613563,1.7816455877107888,0.3439310354114125,0.044842282721035465,5.104058322303924,-0.4501306730791213,0.08532754926961775,-0.01859400848722881,-0.4123478147091668,-0.0955547278578335,-0.2563560289688964,,,,,,,,,,,,,,,,,,
35111,Kaelen Culpepper,159.0,143.0,33.0,5.0,20.0,19.0,3.0,0.23076923076923078,HIT,0.507183860806236,0.32413558284794197,0.4905980603841303,0.14739901517631965,-0.19473288284305593,1.274583636371572,-2.4766177645311975,-1.6318893797814387,-2.3944950929664572,-0.7868922331473948,-0.4447024757678253,-2.3140995515867755,,,,,,,,,,,,,,,,,,
35177,Carson Benge,619.0,561.0,151.0,17.0,81.0,63.0,22.0,0.26916221033868093,HIT,2.0540946362652557,1.1020609816830027,1.6267198844315898,1.0809261112930106,0.4874019953786063,6.351203609051465,0.46661348733967495,-0.3439766829931463,-0.3037021386247363,0.9921937544341878,0.549414990210657,0.4137894468572112,,,,,,,,,,,,,,,,,,
35376,Konnor Griffin,316.0,287.0,78.0,7.0,46.0,34.0,24.0,0.27177700348432055,HIT,1.1665228798543428,0.45378981598711876,0.8779123185821278,1.1791921214105572,0.3029205588743684,3.9803376947085147,-1.222125755537055,-1.4172372636500565,-1.6817247676226885,1.179465963653302,0.28055875072942643,-0.8601800602807982,,,,,,,,,,,,,,,,,,
37120,Munetaka Murakami,536.0,474.0,112.0,35.0,86.0,78.0,3.0,0.23628691983122363,HIT,2.180890601466815,2.268949079935594,2.0140341426295874,0.14739901517631965,-0.4711353506968945,6.140137488511421,0.7078619506077795,1.587892362189292,0.4090681867190322,-0.7868922331473948,-0.84752093543874,0.3003744283480555,,,,,,,,,,,,,,,,,,
37123,Kazuma Okamoto,629.0,569.0,130.0,31.0,79.0,94.0,1.0,0.22847100175746923,HIT,2.003376250184632,2.0096406136572402,2.4271693513741184,0.049133005058773216,-0.8091028557191726,5.680216364555591,0.37011410203243295,1.158588129926528,1.1693565337523857,-0.9741644423665087,-1.3400619422140003,0.0532387788523528,,,,,,,,,,,,,,,,,,
3096,Kenley Jansen,,,33.0,,,,,,PIT,,,,,,4.194663796587992,,,,,,-0.34416247066710426,47.2,4.0,20.0,53.0,22.0,27.0,4.194915254237288,1.271186440677966,1.0567722592180004,3.0424896095997305,0.897154893462921,-0.4895710161354471,-0.3121819495572118,-0.9972134154587737,1.3432288843648559,-1.311053231994622,-0.5280324945932655,-0.4234184887294694
9132,Nathan Eovaldi,,,145.0,,,,,,PIT,,,,,,3.8921073244514357,,,,,,-0.4267150103469411,152.2,11.0,0.0,156.0,71.0,37.0,4.1984231274638635,1.1957950065703022,2.9061237128495017,0.0,2.6406823279285976,-1.4608658658207112,-0.19383285050595214,0.6669127694101922,-0.42892364258469123,0.5016515158297317,-1.2083178230274036,-0.3106368588176031
10233,Aroldis Chapman,,,42.0,,,,,,PIT,,,,,,8.672146145489315,,,,,,0.877518680832497,55.2,4.0,35.0,72.0,14.0,26.0,2.282608695652174,1.2318840579710144,1.0567722592180004,5.324356816799528,1.218776459043968,1.2842929241241574,-0.2120523136963408,-0.9972134154587737,2.6723432795770163,-0.9766708027843044,0.7143643055009659,-0.32799922803886183
10310,Zack Wheeler,,,119.0,,,,,,PIT,,,,,,9.83702986453969,,,,,,1.1953572276671491,156.1,13.0,0.0,183.0,51.0,40.0,2.940422805893658,1.0185778347213326,3.434509842458502,0.0,3.0977235000700856,1.7081458068588053,1.5966507151522977,1.142377393658468,-0.42892364258469123,0.9768265468128147,1.011226682185378,1.3956174049168883
10603,Chris Sale,,,136.0,,,,,,PIT,,,,,,12.41187855584893,,,,,,1.897904746343082,167.0,16.0,0.0,204.0,44.0,39.0,2.37125748502994,1.0479041916167664,4.227089036872002,0.0,3.453199967291243,3.3520461879136283,1.3795433637720569,1.8555743300308813,-0.42892364258469123,1.3464071264663235,2.162598287832482,1.188723384169789
10954,Jacob deGrom,,,139.0,,,,,,PIT,,,,,,6.427091179033987,,,,,,0.26495538680364317,162.2,11.0,0.0,192.0,68.0,41.0,3.773119605425401,1.1097410604192355,2.9061237128495017,0.0,3.2500705574505817,-0.42556195502616123,0.696458863760064,0.6669127694101922,-0.42892364258469123,1.1352182238071757,-0.48320117980393934,0.5377730694105927
11486,Robbie Ray,,,144.0,,,,,,PIT,,,,,,4.7642965098630405,,,,,,-0.18873817306904353,170.2,13.0,0.0,153.0,66.0,81.0,3.490011750881316,1.3219741480611047,3.434509842458502,0.0,2.589899975468432,0.33418738150575833,-1.5943006895696512,1.142377393658468,-0.42892364258469123,0.44885429016494466,0.04891975865024176,-1.645222815068464
12730,Nick Martinez,,,180.0,,,,,,PIT,,,,,,7.865140825131173,,,,,,0.657327262482549,186.0,15.0,0.0,111.0,64.0,31.0,3.096774193548387,1.1344086021505377,3.962895972067502,0.0,1.8789470410261175,1.5298339849812066,0.49346382705634717,1.6178420179067439,-0.42892364258469123,-0.29030686914207326,0.8863388416403585,0.3443274810031274
12768,Sonny Gray,,,156.0,,,,,,PIT,,,,,,8.482886660832119,,,,,,0.8258792265295761,171.2,17.0,0.0,155.0,59.0,46.0,3.101635514018692,1.1799065420560748,4.491282101676503,0.0,2.623754877108542,1.4088080106820282,-0.04095832863495454,2.09330664215502,-0.42892364258469123,0.48405244060813574,0.8015734434691885,-0.1649539775213061
13125,Gerrit Cole,,,112.0,,,,,,PIT,,,,,,5.448315933166186,,,,,,-0.0021034592741066313,129.2,9.0,0.0,135.0,51.0,30.0,3.5526315789473686,1.0990712074303406,2.3777375832405014,0.0,2.28520586070744,0.12557656359465388,0.6597959256235901,0.1914481451619163,-0.42892364258469123,0.1320709361762224,-0.09718919974025687,0.5028348573452981
13164,Eduardo Rodriguez,,,174.0,,,,,,PIT,,,,,,6.609194559962775,,,,,,0.31464229805626776,186.1,14.0,0.0,137.0,63.0,62.0,3.046749059645352,1.2681354110693177,3.698702907263002,0.0,2.3190607623475503,1.6792329193510425,-1.087802028998819,1.380109705782606,-0.42892364258469123,0.16726908661941392,0.9909763810738551,-1.1625512531783815
13543,Blake Snell,,,35.0,,,,,,PIT,,,,,,1.4842214348316083,,,,,,-1.0837067251288464,43.0,3.0,0.0,58.0,18.0,18.0,3.7674418604651163,1.2325581395348837,0.7925791944135004,0.0,0.9817921475631965,-0.12226530269426661,-0.16788460445082232,-1.2349457275829117,-0.42892364258469123,-1.2230578558866436,-0.27077519730085525,-0.28590929006624183
13649,Clay Holmes,,,79.0,,,,,,PIT,,,,,,3.9609041790187938,,,,,,-0.40794378715540264,94.2,7.0,0.0,77.0,32.0,33.0,3.057324840764331,1.1889596602972399,1.849351453631501,0.0,1.3034137131442436,0.8880736268488336,-0.07993461460578483,-0.28401647908635974,-0.42892364258469123,-0.888675426676326,0.43685621939690705,-0.20209671113685584
13743,Max Fried,,,94.0,,,,,,PIT,,,,,,6.402291957345263,,,,,,0.25818891865298516,127.1,8.0,0.0,118.0,43.0,39.0,3.044846577498033,1.046420141620771,2.113544518436001,0.0,1.9974391967665033,1.1979550813359208,1.0933531608068379,-0.04628416696222204,-0.42892364258469123,-0.16711334259090363,0.6538941323537256,0.9159963603565758
14078,Michael Wacha,,,175.0,,,,,,PIT,,,,,,4.381232717322591,,,,,,-0.29325713678610943,195.2,7.0,0.0,153.0,79.0,54.0,3.6424180327868854,1.1731557377049182,1.849351453631501,0.0,2.589899975468432,-0.09480403363814414,0.03678532186080239,-0.28401647908635974,-0.42892364258469123,0.44885429016494466,-0.2515415954289664,-0.09086760349312449
14107,Kevin Gausman,,,173.0,,,,,,PIT,,,,,,3.6657379933233867,,,,,,-0.4884798870269283,180.1,10.0,0.0,177.0,81.0,50.0,4.047751249305941,1.238200999444753,2.6419306480450016,0.0,2.996158795149755,-1.2593954334734496,-0.7129560163979202,0.4291804572860542,-0.42892364258469123,0.8712320954832405,-1.0672099202278198,-0.8053390343613818
14212,Josh Hader,,,21.0,,,,,,PIT,,,,,,8.869569354720863,,,,,,0.9313856075543694,43.0,6.0,25.0,62.0,8.0,16.0,1.6744186046511629,0.8604651162790697,1.5851583888270009,3.8031120119996635,1.049501950843417,1.4719414243399112,0.9598555787108697,-0.5217487912104977,1.786267016102243,-1.152661555000261,0.8457914634240334,0.7887788739644289
14374,Tyler Glasnow,,,39.0,,,,,,PIT,,,,,,3.8130842345074747,,,,,,-0.44827646207248145,63.2,4.0,0.0,77.0,22.0,22.0,3.132911392405063,0.9651898734177214,1.0567722592180004,0.0,1.3034137131442436,0.5248088957259275,0.9280893664193033,-0.9972134154587737,-0.42892364258469123,-0.888675426676326,0.18242918624568377,0.7585070322090685
14771,Emilio Pagán,,,36.0,,,,,,PIT,,,,,,5.092323345117471,,,,,,-0.0992360442857248,44.1,5.0,21.0,48.0,20.0,14.0,4.081632653061225,1.1337868480725624,1.3209653240225008,3.194614090079717,0.8125176393626454,-0.3703936135166238,0.13461990516923164,-0.7594811033346356,1.4318365107123332,-1.3990486081026003,-0.44456181778617143,0.002364570268450738
15440,Matthew Boyd,,,113.0,,,,,,PIT,,,,,,4.0819872364234895,,,,,,-0.37490627243832986,121.2,11.0,0.0,103.0,50.0,35.0,3.7128712871287126,1.221122112211221,2.9061237128495017,0.0,1.7435274344656766,-0.20645069625631043,-0.3612132146353785,0.6669127694101922,-0.42892364258469123,-0.43109947091483863,-0.329737816249437,-0.4701431874089356
15454,Nick Pivetta,,,30.0,,,,,,PIT,,,,,,1.0861978683804043,,,,,,-1.192307463466855,37.0,2.0,0.0,47.0,17.0,12.0,4.135135135135135,1.135135135135135,0.5283861296090002,0.0,0.7955901885425902,-0.3484516836807693,0.11067323390958324,-1.4726780397070496,-0.42892364258469123,-1.416647683324196,-0.42919390664188817,-0.02045558330497898
15816,Devin Williams,,,48.0,,,,,,PIT,,,,,,3.109859973563924,,,,,,-0.6401512162147913,46.2,4.0,20.0,61.0,23.0,25.0,4.48051948051948,1.58008658008658,1.0567722592180004,3.0424896095997305,1.032574500023362,-0.7128222997959125,-1.3091540954812562,-0.9972134154587737,1.3432288843648559,-1.1702606302218566,-0.6843954907293159,-1.3734903058824193
16137,Carlos Rodón,,,60.0,,,,,,PIT,,,,,,2.586338627501967,,,,,,-0.7829940263150994,78.1,6.0,0.0,85.0,31.0,39.0,3.572343149807939,1.267605633802817,1.5851583888270009,0.0,1.4388333197046845,0.050390227970556055,-0.48804330900027454,-0.5217487912104977,-0.42892364258469123,-0.7478828249035606,-0.1498489673076157,-0.5910068431445263
16162,Brandon Woodruff,,,28.0,,,,,,PIT,,,,,,2.875309077044095,,,,,,-0.7041484331811341,45.1,2.0,0.0,47.0,15.0,10.0,2.9933481152993346,0.8425720620842572,0.5283861296090002,0.0,0.7955901885425902,0.4896169147031497,1.061715844189355,-1.4726780397070496,-0.42892364258469123,-1.416647683324196,0.15778106999541644,0.8858473506660833
16432,Foster Griffin,,,156.0,,,,,,PIT,,,,,,7.3168172044825095,,,,,,0.5077171512483052,176.1,14.0,0.0,164.0,68.0,44.0,3.475298126064736,1.135718341851221,3.698702907263002,0.0,2.7761019344890383,0.3861769817839091,0.4558353809465602,1.380109705782606,-0.42892364258469123,0.6424441176024969,0.08533276167588512,0.30846918113153715
17130,Raisel Iglesias,,,51.0,,,,,,PIT,,,,,,7.449038646575784,,,,,,0.5437937744580172,60.2,2.0,32.0,67.0,20.0,16.0,2.990033222591362,1.112956810631229,0.5283861296090002,4.867983375359569,1.1341392049436925,0.6511869290768977,0.26734300758662416,-1.4726780397070496,2.4065204005345846,-1.0646661788922827,0.27094311376510155,0.12884401064940196
17277,Ranger Suarez,,,134.0,,,,,,PIT,,,,,,4.845603780574508,,,,,,-0.1665534825738484,148.0,7.0,0.0,150.0,55.0,43.0,3.3445945945945947,1.195945945945946,1.849351453631501,0.0,2.539117623008267,0.6475336240778496,-0.19039892014311052,-0.28401647908635974,-0.42892364258469123,0.3960570645001576,0.2683843749928813,-0.3073644700421095
17479,Jack Flaherty,,,102.0,,,,,,PIT,,,,,,0.22076070203358378,,,,,,-1.428442012203283,110.1,5.0,0.0,129.0,55.0,52.0,4.4959128065395095,1.3987284287011807,1.3209653240225008,0.0,2.1836411557871096,-1.642247149712089,-1.6415986280639379,-0.7594811033346356,-0.42892364258469123,0.026476484846648777,-1.3353554844788516,-1.6902957276433743
17722,Trevor Megill,,,41.0,,,,,,PIT,,,,,,8.46590499470097,,,,,,0.821245778574483,62.1,4.0,26.0,74.0,18.0,16.0,2.608695652173913,0.9178743961352657,1.0567722592180004,3.9552364924796497,1.2526313606840782,1.0843782537916598,1.1168866285275831,-0.9972134154587737,1.87487464244972,-0.9414726523411131,0.5743460430649873,0.9384227486290744
17969,Peter Lambert,,,113.0,,,,,,PIT,,,,,,4.788978027502542,,,,,,-0.18200382047065028,142.2,8.0,0.0,138.0,54.0,56.0,3.417721518987342,1.188466947960619,2.113544518436001,0.0,2.3359882131676053,0.4533017013510522,-0.1138564054521167,-0.04628416696222204,-0.42892364258469123,0.18486816184100946,0.13234625290522728,-0.23442272706640435
17995,Logan Webb,,,161.0,,,,,,PIT,,,,,,6.631837723246962,,,,,,0.3208204856266568,185.0,11.0,0.0,150.0,72.0,43.0,3.502702702702703,1.1027027027027028,2.9061237128495017,0.0,2.539117623008267,0.3223987483898364,0.8641976389993578,0.6669127694101922,-0.42892364258469123,0.3960570645001576,0.040663116340593795,0.6976209484613152
18383,Michael Soroka,,,107.0,,,,,,PIT,,,,,,6.266135474762547,,,,,,0.22103861956434578,123.1,11.0,0.0,119.0,43.0,32.0,3.1437855402112107,1.1291632818846467,2.9061237128495017,0.0,2.0143666475865585,0.9601301818603204,0.3855149324661661,0.6669127694101922,-0.42892364258469123,-0.1495142673693079,0.48732391950641113,0.24145680115290097
18525,Dylan Cease,,,121.0,,,,,,PIT,,,,,,10.482254837843255,,,,,,1.3714068749773658,177.1,10.0,0.0,250.0,52.0,74.0,2.64257481648786,1.101072840203275,2.6419306480450016,0.0,4.231862705013778,2.758033584842917,0.8504278999415585,0.4291804572860542,-0.42892364258469123,2.155964586659724,1.7465577220815989,0.6844989760352551
18679,Freddy Peralta,,,173.0,,,,,,PIT,,,,,,-1.744670765226365,,,,,,-1.9647100286935928,166.1,8.0,0.0,165.0,93.0,66.0,5.0391330523780855,1.4388922335942205,2.113544518436001,0.0,2.7930293853090933,-3.839669359396139,-2.811575309575321,-0.04628416696222204,-0.42892364258469123,0.6600431928240924,-2.8744083170021364,-2.805233468255822
18684,Sandy Alcantara,,,196.0,,,,,,PIT,,,,,,6.869282958678995,,,,,,0.3856074230250544,213.2,16.0,0.0,169.0,87.0,55.0,3.672607879924953,1.177298311444653,4.227089036872002,0.0,2.860739188589314,-0.20281033030432816,-0.015734936477991863,1.8555743300308813,-0.42892364258469123,0.7304394937104755,-0.32718813985810513,-0.140917163534777
19569,David Bednar,,,52.0,,,,,,PIT,,,,,,10.32205787628635,,,,,,1.327697130703421,70.2,7.0,36.0,80.0,21.0,23.0,2.692307692307692,1.0683760683760684,1.849351453631501,5.476481297279515,1.354196065604409,1.117154251402944,0.524874808367981,-0.28401647908635974,2.7609509059244943,-0.835878201011539,0.5973020283736442,0.3742608028269197
19755,Shohei Ohtani,,,65.0,,,,,,PIT,,,,,,8.359231432359442,,,,,,0.792139894883408,99.2,9.0,0.0,110.0,22.0,31.0,1.9959677419354838,0.9677419354838709,2.3777375832405014,0.0,1.8620195902060623,2.720367574872074,1.3991066840408048,0.1914481451619163,-0.42892364258469123,-0.307905944363669,1.7201768203686725,1.2073663917134427
19804,Bryan Baker,,,39.0,,,,,,PIT,,,,,,10.869117113710619,,,,,,1.4769622549487393,64.1,2.0,42.0,71.0,15.0,21.0,2.106084243369735,0.93603744149766,0.5283861296090002,6.389228180159434,1.201849008223913,1.679414761980312,1.070239033737961,-1.4726780397070496,3.2925966640093582,-0.9942698780058999,0.9911037418570571,0.8939695857911959
19853,Michael King,,,144.0,,,,,,PIT,,,,,,5.324421792139933,,,,,,-0.035907978215459206,178.1,10.0,0.0,162.0,69.0,72.0,3.4868051656372825,1.2128017967434026,2.6419306480450016,0.0,2.7422470328489283,0.3571611493339372,-0.4169170380879338,0.4291804572860542,-0.42892364258469123,0.6072459671593058,0.06501035894265204,-0.5232265488511803
19959,Jesús Luzardo,,,161.0,,,,,,PIT,,,,,,8.331269401808376,,,,,,0.7845104542692477,191.2,13.0,0.0,231.0,72.0,59.0,3.389121338912134,1.1506276150627617,3.434509842458502,0.0,3.9102411394327308,0.6775453931954333,0.3089730267217099,1.142377393658468,-0.42892364258469123,1.8215821574494064,0.2894043219406703,0.16851563847720316
20253,Griffin Jax,,,94.0,,,,,,PIT,,,,,,3.65354298190895,,,,,,-0.4918072961435707,107.2,7.0,0.0,118.0,43.0,35.0,3.6100746268656714,1.203358208955224,1.849351453631501,0.0,1.9974391967665033,0.001098040933455716,-0.19434570942250998,-0.28401647908635974,-0.42892364258469123,-0.16711334259090363,-0.18437272871604551,-0.31112559143143714
20348,Riley O'Brien,,,49.0,,,,,,PIT,,,,,,8.288733933944863,,,,,,0.7729046509829832,65.2,4.0,38.0,67.0,24.0,28.0,3.312883435582822,1.1809815950920244,1.0567722592180004,5.780730258239489,1.1341392049436925,0.33636188158167957,-0.019269670037997434,-0.9972134154587737,2.938166158619449,-1.0646661788922827,0.05044275704646251,-0.1442856134460766
20373,Andrés Muñoz,,,44.0,,,,,,PIT,,,,,,7.755191954263547,,,,,,0.6273277107923895,58.2,7.0,28.0,88.0,23.0,23.0,3.556701030927835,1.1512027491408934,1.849351453631501,4.2594854534396225,1.48961567216485,0.05285036381976898,0.10388901120780512,-0.28401647908635974,2.0520898951446744,-0.6950855992387737,-0.1481259124343023,-0.026920657396165965
20492,Casey Mize,,,117.0,,,,,,PIT,,,,,,4.974035214118408,,,,,,-0.13151096327521686,136.0,7.0,0.0,131.0,52.0,35.0,3.4411764705882355,1.1176470588235294,1.849351453631501,0.0,2.2174960574272196,0.38249578774312487,0.5246919153165627,-0.28401647908635974,-0.42892364258469123,0.06167463528983983,0.08275448969402899,0.3740865135707795
20778,Cristopher Sánchez,,,196.0,,,,,,PIT,,,,,,11.875636474023755,,,,,,1.751591083226694,206.2,19.0,0.0,233.0,62.0,47.0,2.706110572259942,1.1784675072744908,5.019668231285503,0.0,3.944096041072841,2.9421582109081195,-0.03028600924270723,2.568771266403296,-0.42892364258469123,1.856780307892598,1.87551679332157,-0.1547837135679122
21029,Jhoan Duran,,,47.0,,,,,,PIT,,,,,,9.686834291479729,,,,,,1.1543763624514412,58.1,3.0,33.0,81.0,12.0,11.0,1.8588640275387263,0.9982788296041308,0.7925791944135004,5.020107855839556,1.3711235164244642,1.780188816314783,0.7228349084874239,-1.2349457275829117,2.495128026882062,-0.8182791257899432,1.0616848951214646,0.5629083120007496
21306,Jacob Latz,,,41.0,,,,,,PIT,,,,,,9.973736263288512,,,,,,1.2326575713930834,71.0,4.0,31.0,73.0,19.0,21.0,2.408450704225352,0.8732394366197183,1.0567722592180004,4.715858894879583,1.2357039098640232,1.4787928626738336,1.486608336653073,-0.9972134154587737,2.317912774187107,-0.9590717275627086,0.8505901432263088,1.29075172443422
21390,Joe Ryan,,,135.0,,,,,,PIT,,,,,,5.107063323906385,,,,,,-0.09521424076832191,148.2,8.0,0.0,162.0,61.0,32.0,3.7044534412955468,1.1268556005398112,2.113544518436001,0.0,2.7422470328489283,-0.22618696657036302,0.47745873919181897,-0.04628416696222204,-0.42892364258469123,0.6072459671593058,-0.34356090522907157,0.3290753167643249
21483,Shane McClanahan,,,109.0,,,,,,PIT,,,,,,6.746431835653358,,,,,,0.3520874915667413,137.0,12.0,0.0,130.0,48.0,47.0,3.153284671532847,1.1386861313868613,3.1703167776540018,0.0,2.2005686066071646,1.0369685935136836,0.33857785787850847,0.9046450815343301,-0.42892364258469123,0.044075560068244306,0.5411407848227504,0.1967277764477947
21690,Edward Cabrera,,,98.0,,,,,,PIT,,,,,,-0.09388257854761939,,,,,,-1.5142924378172173,102.1,7.0,0.0,96.0,56.0,41.0,4.936336924583742,1.3614103819784527,1.849351453631501,0.0,1.6250352787252909,-2.294313173263244,-1.2739561376411674,-0.28401647908635974,-0.42892364258469123,-0.5542929974660082,-1.792056093090109,-1.3399481573861725
21846,Cole Ragans,,,27.0,,,,,,PIT,,,,,,-0.38102333450341086,,,,,,-1.5926387990183093,35.1,1.0,0.0,45.0,19.0,23.0,4.871794871794871,1.4245014245014245,0.2641930648045001,0.0,0.76173528690248,-0.792074825940599,-0.614876860269792,-1.7104103518311875,-0.42892364258469123,-1.4518458337673874,-0.7399031780140198,-0.7118737931623786
22100,José Soriano,,,133.0,,,,,,PIT,,,,,,5.9251194334100274,,,,,,0.12799238562852483,169.2,12.0,0.0,170.0,63.0,79.0,3.3510638297872344,1.2529550827423168,3.1703167776540018,0.0,2.877666639409369,0.7123081140264237,-0.8351720976797671,0.9046450815343301,-0.42892364258469123,0.748038568932071,0.3137517885883495,-0.9218057329581981
22182,Hunter Greene,,,28.0,,,,,,PIT,,,,,,-0.9152413104424194,,,,,,-1.7384001848017951,27.2,2.0,0.0,32.0,21.0,9.0,6.948529411764706,1.3602941176470589,0.5283861296090002,0.0,0.5416784262417635,-1.6314193775930736,-0.3538864887001095,-1.4726780397070496,-0.42892364258469123,-1.680633811648131,-1.327771819730108,-0.46316113093768796
22201,MacKenzie Gore,,,155.0,,,,,,PIT,,,,,,2.791404259568411,,,,,,-0.7270418643646674,177.0,9.0,0.0,197.0,86.0,65.0,4.372881355932203,1.2429378531073447,2.3777375832405014,0.0,3.334707811550857,-2.1653004735964583,-0.7557406616264889,0.1914481451619163,-0.42892364258469123,1.2232135999151539,-1.7016968712807548,-0.8461109714759092
22250,Logan Gilbert,,,145.0,,,,,,PIT,,,,,,8.420134721251618,,,,,,0.8087573585172206,184.1,11.0,0.0,194.0,71.0,43.0,3.470939706681152,1.0211841390548615,2.9061237128495017,0.0,3.2839254590906917,0.4145248080121226,1.8155607412993011,0.6669127694101922,-0.42892364258469123,1.1704163742503668,0.1051872994429731,1.6042292976209886
22267,Tarik Skubal,,,118.0,,,,,,PIT,,,,,,10.208792991033809,,,,,,1.2967928044197568,153.2,11.0,0.0,184.0,49.0,26.0,2.878590078328982,0.9399477806788512,2.9061237128495017,0.0,3.1146509508901405,1.8345363655835811,2.353481961710585,0.6669127694101922,-0.42892364258469123,0.9944256220344102,1.0997493823530144,2.1168452151776433
22286,Trevor Rogers,,,155.0,,,,,,PIT,,,,,,2.685121075438384,,,,,,-0.7560412333526605,161.2,10.0,0.0,139.0,75.0,47.0,4.187344913151365,1.2531017369727049,2.6419306480450016,0.0,2.3529156639876607,-1.5082322510668356,-0.8014929855274424,0.4291804572860542,-0.42892364258469123,0.20246723706260544,-1.2414927718643494,-0.8897109794453002
22543,Taj Bradley,,,147.0,,,,,,PIT,,,,,,4.409324191440931,,,,,,-0.2855923774919414,173.2,11.0,0.0,190.0,75.0,71.0,3.897228637413395,1.258660508083141,2.9061237128495017,0.0,3.2162156558104713,-0.7970268058306968,-0.9159883713883447,0.6669127694101922,-0.42892364258469123,1.1000200733639842,-0.7433714958652121,-0.9988201855000729
22872,Yoendrys Gómez,,,59.0,,,,,,PIT,,,,,,4.1894641787577305,,,,,,-0.34558118649962805,68.1,3.0,22.0,66.0,28.0,35.0,3.7004405286343616,1.380323054331865,0.7925791944135004,3.3467385705597037,1.1172117541236375,-0.10795310139674888,-0.959112238942362,-1.2349457275829117,1.5204441370598107,-1.0822652541138782,-0.2607510727382137,-1.039915386983094
23590,Ben Brown,,,51.0,,,,,,PIT,,,,,,5.597895010539221,,,,,,0.038709195080673255,75.0,4.0,1.0,73.0,17.0,21.0,2.04,0.96,1.0567722592180004,0.15212448047998653,1.2357039098640232,2.0355433139127643,1.1177510470644465,-0.9972134154587737,-0.3403160162372139,-0.9590717275627086,1.2405326655197808,0.9392465025257666
23793,Braxton Ashcraft,,,163.0,,,,,,PIT,,,,,,5.774663337161794,,,,,,0.08694043665550887,175.1,14.0,0.0,189.0,78.0,43.0,4.009137635636779,1.1764705882352942,3.698702907263002,0.0,3.1992882049904163,-1.1199913268950383,-0.0033364481965865063,1.380109705782606,-0.42892364258469123,1.0824209981423887,-0.9695726595551291,-0.12910193445378143
23796,Ryan Weathers,,,143.0,,,,,,PIT,,,,,,3.601104523753424,,,,,,-0.5061151305358216,156.2,7.0,0.0,165.0,67.0,47.0,3.860435339308579,1.2163892445582587,1.849351453631501,0.0,2.7930293853090933,-0.6340972836467931,-0.4071790315403778,-0.28401647908635974,-0.42892364258469123,0.6600431928240924,-0.6292572662402841,-0.5139466450806404
24586,Kyle Bradish,,,153.0,,,,,,PIT,,,,,,3.590273240597051,,,,,,-0.5090704463690472,169.0,10.0,0.0,163.0,70.0,69.0,3.727810650887574,1.3136094674556213,2.6419306480450016,0.0,2.7591744836689833,-0.31737823209351146,-1.4934536590234226,0.4291804572860542,-0.42892364258469123,0.6248450423809013,-0.4074303677685277,-1.5491199079238205
25385,Drew Rasmussen,,,127.0,,,,,,PIT,,,,,,10.956895535305911,,,,,,1.5009125990964205,166.1,14.0,0.0,169.0,53.0,31.0,2.8717639975918123,0.9512341962673089,3.698702907263002,0.0,2.860739188589314,1.9898497420779186,2.407603697375677,1.380109705782606,-0.42892364258469123,0.7304394937104755,1.2085293386895504,2.1684209146202265
25436,George Kirby,,,184.0,,,,,,PIT,,,,,,4.408265676415178,,,,,,-0.28588119333861,177.0,11.0,0.0,154.0,73.0,37.0,3.711864406779661,1.2485875706214689,2.9061237128495017,0.0,2.606827426288487,-0.28499647932214667,-0.819688983400664,0.6669127694101922,-0.42892364258469123,0.4664533653865402,-0.3847505076555259,-0.9070509872228494
25880,Hunter Brown,,,82.0,,,,,,PIT,,,,,,3.0025990803564637,,,,,,-0.6694173531447827,107.2,6.0,0.0,115.0,43.0,52.0,3.6100746268656714,1.25,1.5851583888270009,0.0,1.946656844306338,0.001098040933455716,-0.5303141937103306,-0.5217487912104977,-0.42892364258469123,-0.2199105682556907,-0.18437272871604551,-0.631289188457116
26108,Andre Pallante,,,159.0,,,,,,PIT,,,,,,5.129397023475308,,,,,,-0.08912049037904289,171.0,15.0,0.0,121.0,69.0,55.0,3.6315789473684212,1.2514619883040936,3.962895972067502,0.0,2.0482215492266684,-0.05507593244951595,-0.8266445653693465,1.6178420179067439,-0.42892364258469123,-0.11431611692611683,-0.22371642537485958,-0.9136793593668049
27463,Garrett Crochet,,,40.0,,,,,,PIT,,,,,,-0.13629710863654443,,,,,,-1.5258652432291844,38.0,4.0,0.0,47.0,24.0,13.0,5.684210526315789,1.394736842105263,1.0567722592180004,0.0,0.7955901885425902,-1.404154352999304,-0.5845052033978312,-0.9972134154587737,-0.42892364258469123,-1.416647683324196,-1.1685976390500983,-0.6829309030803842
27468,Reid Detmers,,,144.0,,,,,,PIT,,,,,,4.039674405432067,,,,,,-0.38645132924944003,178.0,5.0,0.0,206.0,80.0,58.0,4.044943820224719,1.1348314606741574,1.3209653240225008,0.0,3.487054868931353,-1.238543194229106,0.4701974067073194,-0.7594811033346356,-0.42892364258469123,1.381605276909515,-1.0526052176212712,0.3221555774549522
27470,Emerson Hancock,,,145.0,,,,,,PIT,,,,,,4.978172701871126,,,,,,-0.13038204965631747,162.0,8.0,0.0,147.0,64.0,42.0,3.5555555555555554,1.154320987654321,2.113544518436001,0.0,2.4883352705481014,0.14726630989341163,0.22902660299361263,-0.04628416696222204,-0.42892364258469123,0.3432598388353706,-0.08199791545692645,0.09233011576549863
27473,Cade Cavalli,,,163.0,,,,,,PIT,,,,,,4.308711218329346,,,,,,-0.31304462928628307,166.2,11.0,0.0,177.0,69.0,52.0,3.736462093862816,1.2936221419975933,2.9061237128495017,0.0,2.996158795149755,-0.33608357213525825,-1.2574877175346513,0.6669127694101922,-0.42892364258469123,0.8712320954832405,-0.42053140335817935,-1.3242544573362736
27474,Max Meyer,,,100.0,,,,,,PIT,,,,,,6.914342377136704,,,,,,0.3979018862831449,128.0,10.0,0.0,138.0,40.0,47.0,2.8125,1.1484375,2.6419306480450016,0.0,2.3359882131676053,1.700422916974671,0.23600059894942615,0.4291804572860542,-0.42892364258469123,0.18486816184100946,1.0058176463164124,0.09897603565167153
27498,Spencer Strider,,,36.0,,,,,,PIT,,,,,,0.22637656090782188,,,,,,-1.4269097249933018,42.0,4.0,0.0,50.0,24.0,21.0,5.142857142857143,1.3571428571428572,1.0567722592180004,0.0,0.8463725410027556,-1.143663671383745,-0.5331045679291893,-0.9972134154587737,-0.42892364258469123,-1.363850457659409,-0.9861525360473437,-0.6339482957506208
27691,Louis Varland,,,60.0,,,,,,PIT,,,,,,11.40714329423908,,,,,,1.6237627094332177,78.2,6.0,33.0,93.0,15.0,22.0,1.7263427109974423,1.0485933503836318,1.5851583888270009,5.020107855839556,1.5742529262651255,2.5406628905975084,0.6869612327098905,-0.5217487912104977,2.495128026882062,-0.6070902231307953,1.5943134327449353,0.5287222332088216
27756,Mick Abel,,,22.0,,,,,,PIT,,,,,,-0.098374119932929,,,,,,-1.5155179549770916,20.1,1.0,0.0,23.0,9.0,10.0,4.029850746268656,1.5920398009950247,0.2641930648045001,0.0,0.38933136886126757,-0.15584897017398547,-0.5960495834247113,-1.7104103518311875,-0.42892364258469123,-1.839025488642492,-0.29429686661565346,-0.6939322035228118
27758,Kyle Harrison,,,111.0,,,,,,PIT,,,,,,5.661544382296626,,,,,,0.056075927481057206,127.1,11.0,0.0,153.0,51.0,36.0,3.6113296616837136,1.1565696302124313,2.9061237128495017,0.0,2.589899975468432,-0.0005375824244116824,0.16605827640310328,0.6669127694101922,-0.42892364258469123,0.44885429016494466,-0.185518303176326,0.0323239935167398
27768,Eury Pérez,,,114.0,,,,,,PIT,,,,,,5.451190338596249,,,,,,-0.001319177693066364,151.2,8.0,0.0,165.0,60.0,57.0,3.5714285714285716,1.130952380952381,2.113544518436001,0.0,2.7930293853090933,0.09892841609358805,0.44568801875756686,-0.04628416696222204,-0.42892364258469123,0.6600431928240924,-0.11585329929848906,0.2987991789417865
27863,Jared Jones,,,86.0,,,,,,PIT,,,,,,0.5033253262668826,,,,,,-1.351344248637315,95.0,4.0,0.0,100.0,50.0,32.0,4.7368421052631575,1.2421052631578948,1.0567722592180004,0.0,1.6927450820055112,-1.823307398522269,-0.42288461643436,-0.9972134154587737,-0.42892364258469123,-0.4838966965796257,-1.4621682961272535,-0.5289133957974776
27867,Cade Smith,,,54.0,,,,,,PIT,,,,,,10.632115690468414,,,,,,1.4122964117155152,71.1,5.0,39.0,98.0,20.0,24.0,2.5316455696202533,1.0970464135021099,1.3209653240225008,5.932854738719475,1.658890180365401,1.3288725908334469,0.3905328565275914,-0.7594811033346356,3.026773784966926,-0.5190948470228169,0.7455874641727537,0.24623866817984302
27914,Daniel Palencia,,,28.0,,,,,,PIT,,,,,,2.597886877020771,,,,,,-0.7798430861950564,30.2,3.0,9.0,34.0,11.0,12.0,3.2781456953642385,1.3245033112582782,0.7925791944135004,1.3691203243198788,0.5755333278818738,0.17617254860434467,-0.3155185181988268,-1.2349457275829117,0.3685449945426051,-1.6454356612049397,-0.061752271097096155,-0.42659809594854237
27932,Ian Seymour,,,107.0,,,,,,PIT,,,,,,4.810592697205102,,,,,,-0.17610625739527885,129.1,11.0,2.0,147.0,59.0,42.0,4.113090627420604,1.1541440743609606,2.9061237128495017,0.30424896095997306,2.4883352705481014,-1.0771974626828376,0.1890822155303646,0.6669127694101922,-0.25170838988973654,0.3432598388353706,-0.9396002593308342,0.0542648228308645
29357,Walbert Ureña,,,109.0,,,,,,PIT,,,,,,3.481872202917609,,,,,,-0.538647671741799,135.2,9.0,0.0,126.0,51.0,73.0,3.394970414201184,1.3461538461538463,2.3777375832405014,0.0,2.132858803326944,0.4838229578652236,-1.5125471415150606,0.1914481451619163,-0.42892364258469123,-0.026320740818138268,0.15372303979820187,-1.5673151801596312
29837,Bryce Miller,,,100.0,,,,,,PIT,,,,,,5.425625700482695,,,,,,-0.00829448973106938,123.0,7.0,0.0,121.0,47.0,27.0,3.4390243902439024,1.032520325203252,1.849351453631501,0.0,2.0482215492266684,0.35315463075010717,1.174898066874419,-0.28401647908635974,-0.42892364258469123,-0.11431611692611683,0.062204232860997744,0.9937051683748649
29878,Sean Burke,,,151.0,,,,,,PIT,,,,,,7.34333558303205,,,,,,0.514952691383992,184.2,9.0,0.0,202.0,67.0,57.0,3.273615635179153,1.1292073832790446,2.3777375832405014,0.0,3.419345065651133,0.9959611833522225,0.5502917507881934,0.1914481451619163,-0.42892364258469123,1.3112089760231325,0.5124195993876967,0.39848206193668306
30076,Landen Roupp,,,138.0,,,,,,PIT,,,,,,2.693815306977911,,,,,,-0.7536690120972893,162.2,10.0,0.0,161.0,74.0,74.0,4.106041923551172,1.307028360049322,2.6419306480450016,0.0,2.725319582028873,-1.3023740059448643,-1.3710609171510995,0.4291804572860542,-0.42892364258469123,0.5896468919377098,-1.0973116882942529,-1.4324848593395954
30107,Christian Scott,,,99.0,,,,,,PIT,,,,,,2.357525972013992,,,,,,-0.8454255640972244,112.1,4.0,0.0,134.0,46.0,45.0,3.6931311329170384,1.2845673505798394,1.0567722592180004,0.0,2.268278409887385,-0.15531474760522618,-0.8122099494861673,-0.9972134154587737,-0.42892364258469123,0.11447186095462687,-0.2939227023999541,-0.899923787761215
30122,Gavin Williams,,,146.0,,,,,,PIT,,,,,,9.06020328950136,,,,,,0.9834000806018587,188.2,14.0,0.0,235.0,74.0,57.0,3.538788522848034,1.0786397449521785,3.698702907263002,0.0,3.977950942712951,0.21902493636529183,1.1645245031601137,1.380109705782606,-0.42892364258469123,1.891978458335789,-0.03173888155674261,0.9838196058055445
30134,Tanner Bibee,,,164.0,,,,,,PIT,,,,,,3.5600036829618547,,,,,,-0.5173294957958359,187.1,7.0,0.0,153.0,83.0,52.0,3.992517370390166,1.1544628540887227,1.849351453631501,0.0,2.589899975468432,-1.1369550132986488,0.2577072671605704,-0.28401647908635974,-0.42892364258469123,0.44885429016494466,-0.9814538581224572,0.1196615621189969
30146,Jack Leiter,,,105.0,,,,,,PIT,,,,,,-1.016853239627532,,,,,,-1.7661250017814591,109.0,5.0,0.0,111.0,61.0,47.0,5.036697247706422,1.3944954128440368,1.3209653240225008,0.0,1.8789470410261175,-2.6212704284624238,-1.5954951762137266,-0.7594811033346356,-0.42892364258469123,-0.29030686914207326,-2.021053728369625,-1.6463611097551722
30184,Noah Cameron,,,164.0,,,,,,PIT,,,,,,1.3538320545266047,,,,,,-1.1192834702417385,169.1,8.0,0.0,153.0,82.0,55.0,4.36428149024246,1.2950916617386163,2.113544518436001,0.0,2.589899975468432,-2.0567228301407887,-1.2928896092370397,-0.04628416696222204,-0.42892364258469123,0.44885429016494466,-1.6256501611980445,-1.3579909460815696
30203,Jackson Jobe,,,26.0,,,,,,PIT,,,,,,0.5690247349589844,,,,,,-1.333418163616901,30.0,2.0,0.0,23.0,13.0,12.0,3.9,1.2666666666666666,0.5283861296090002,0.0,0.38933136886126757,-0.1587631640018628,-0.18992959950942065,-1.4726780397070496,-0.42892364258469123,-1.839025488642492,-0.2963379392167907,-0.3069172275498292
30279,Bryan Woo,,,155.0,,,,,,PIT,,,,,,5.942227896568497,,,,,,0.132660430155145,177.1,11.0,0.0,177.0,78.0,37.0,3.9638622247317903,1.0841332580463015,2.9061237128495017,0.0,2.996158795149755,-1.0023142027106653,1.0422595912799058,0.6669127694101922,-0.42892364258469123,0.8712320954832405,-0.8871527629594747,0.867306373736848
31204,Justin Wrobleski,,,144.0,,,,,,PIT,,,,,,5.542174193617304,,,,,,0.023505769031127687,157.1,13.0,0.0,127.0,65.0,37.0,3.723742838956079,1.1521323997453852,3.434509842458502,0.0,2.149786254146999,-0.2873898104788558,0.24526790749065852,1.142377393658468,-0.42892364258469123,-0.00872166559654274,-0.3864267731814073,0.10780738435271786
31475,Logan Henderson,,,68.0,,,,,,PIT,,,,,,5.719148547989797,,,,,,0.07179322528179023,88.1,9.0,0.0,104.0,32.0,20.0,3.269012485811578,0.9988649262202044,2.3777375832405014,0.0,1.7604548852857316,0.5146375038803845,1.0663185755831794,0.1914481451619163,-0.42892364258469123,-0.4135003956932431,0.17530524376362525,0.8902335568375151
31623,Jacob Misiorowski,,,99.0,,,,,,PIT,,,,,,16.39032321354927,,,,,,2.9834234534775557,175.0,14.0,0.0,262.0,41.0,44.0,2.1085714285714285,0.8171428571428572,3.698702907263002,0.0,4.434992114854439,4.233167197276212,4.023460994155617,1.380109705782606,-0.42892364258469123,2.3671534893188717,2.7797267482980934,3.7082638124262512
31757,Mason Miller,,,33.0,,,,,,PIT,,,,,,13.715658579102254,,,,,,2.2536411526521185,67.1,5.0,38.0,122.0,8.0,23.0,1.0730253353204173,0.8345752608047691,1.3209653240225008,5.780730258239489,2.065149000046724,2.9599856102100395,1.5888283865835002,-0.7594811033346356,2.938166158619449,-0.09671704170452083,1.8880029278801576,1.3881630603315271
31807,Troy Melton,,,86.0,,,,,,PIT,,,,,,7.859411179053662,,,,,,0.6557639284318014,119.0,9.0,0.0,104.0,31.0,36.0,2.3445378151260505,1.0252100840336134,2.3777375832405014,0.0,1.7604548852857316,2.5231726269436034,1.1980460835838254,0.1914481451619163,-0.42892364258469123,-0.4135003956932431,1.58206342466752,1.0157642383182977
31838,Kodai Senga,,,66.0,,,,,,PIT,,,,,,-3.9363100972205918,,,,,,-2.56269886575501,69.2,1.0,4.0,79.0,54.0,45.0,7.023121387283236,1.6040462427745663,0.2641930648045001,0.6084979219199461,1.3372686147843538,-4.102576576429849,-2.043693122299543,-1.7104103518311875,-0.07449313719478179,-0.8534772762331347,-3.058545937566517,-2.0734745841113686
31872,Cade Horton,,,4.0,,,,,,PIT,,,,,,0.6406675566231685,,,,,,-1.3138704182441339,7.1,1.0,0.0,4.0,2.0,2.0,2.535211267605634,0.8450704225352114,0.2641930648045001,0.0,0.06770980328022044,0.13447244199227842,0.17429224654616954,-1.7104103518311875,-0.42892364258469123,-2.17340791785281,-0.09095861429094748,0.04017061491753678
31893,Robby Snelling,,,5.0,,,,,,PIT,,,,,,-0.356467477710101,,,,,,-1.5859387329843984,5.0,0.0,0.0,2.0,3.0,4.0,5.4,1.8,0.0,0.0,0.03385490164011022,-0.1679005323097745,-0.22242184704043672,-1.9481426639553254,-0.42892364258469123,-2.208606068296001,-0.3027376618163552,-0.33788094983774125
31986,Parker Messick,,,141.0,,,,,,PIT,,,,,,9.180914298677942,,,,,,1.0163360819521963,176.2,11.0,0.0,175.0,55.0,50.0,2.809307604994325,1.0839954597048809,2.9061237128495017,0.0,2.9623038935096444,2.2733056725294,1.0391810197893954,0.6669127694101922,-0.42892364258469123,0.836033945040049,1.4070590753666001,0.8643726267689089
32095,Cam Schlittler,,,140.0,,,,,,PIT,,,,,,12.97589558944923,,,,,,2.0517968056257465,187.2,13.0,0.0,228.0,52.0,43.0,2.5,0.9775641025641026,3.434509842458502,0.0,3.8594587869725654,3.3212661706028324,2.36066078941533,1.142377393658468,-0.42892364258469123,1.7687849317846194,2.1410402674308826,2.1236863309604255
33666,Connelly Early,,,91.0,,,,,,PIT,,,,,,3.3728399607197135,,,,,,-0.568397121280465,103.2,8.0,0.0,105.0,41.0,39.0,3.575581395348837,1.2596899224806202,2.113544518436001,0.0,1.7773823361057868,0.06117602090379939,-0.5792629147258737,-0.04628416696222204,-0.42892364258469123,-0.39590132047164733,-0.14229470436635575,-0.6779352261750974
33677,Paul Skenes,,,148.0,,,,,,PIT,,,,,,7.4918676995855344,,,,,,0.5554796824575046,177.2,12.0,0.0,216.0,72.0,48.0,3.6568848758465013,1.1060948081264108,3.1703167776540018,0.0,3.6563293771319043,-0.1287263669591182,0.7939479117587472,0.9046450815343301,-0.42892364258469123,1.5575960291254716,-0.2753004629571829,0.6306759627996288
33703,Nolan McLean,,,139.0,,,,,,PIT,,,,,,6.849091329869319,,,,,,0.3800981366867374,177.2,11.0,0.0,202.0,69.0,66.0,3.5045146726862306,1.1568848758465011,2.9061237128495017,0.0,3.419345065651133,0.30512989718280065,0.21849265418588376,0.6669127694101922,-0.42892364258469123,1.3112089760231325,0.02856818335617069,0.08229171306139982
33825,Yoshinobu Yamamoto,,,127.0,,,,,,PIT,,,,,,11.991970826960038,,,,,,1.7833329138313494,183.1,15.0,0.0,172.0,58.0,43.0,2.8509011469142544,0.9284543965046423,3.962895972067502,0.0,2.9115215410494795,2.229387537631044,2.8881657762120128,1.6178420179067439,-0.42892364258469123,0.7832367193752624,1.3762992470475024,2.6263760233576585
33829,Shota Imanaga,,,164.0,,,,,,PIT,,,,,,5.687575992288337,,,,,,0.0631786528056731,181.1,11.0,0.0,172.0,78.0,39.0,3.876311430149089,1.120927664273882,2.9061237128495017,0.0,2.9115215410494795,-0.7679343242595159,0.6378650626488716,0.6669127694101922,-0.42892364258469123,0.7832367193752624,-0.7229954088438221,0.48193568285651495
33891,Zac Thornton,,,62.0,,,,,,PIT,,,,,,2.253363881649823,,,,,,-0.8738461926073353,70.1,5.0,0.0,51.0,27.0,22.0,3.466476462196862,1.1982881597717547,1.3209653240225008,0.0,0.8632999918228107,0.173812717408477,-0.10471415160396523,-0.7594811033346356,-0.42892364258469123,-1.3462513824378135,-0.06340507358096617,-0.22571055013959923
33927,Grant Taylor,,,61.0,,,,,,PIT,,,,,,7.049298229759278,,,,,,0.4347245934623285,82.1,5.0,12.0,105.0,23.0,27.0,2.5213154689403168,1.071863580998782,1.3209653240225008,1.8254937657598385,1.7773823361057868,1.5372704412084566,0.588186362662695,-0.7594811033346356,0.6343678735850371,-0.39590132047164733,0.8915472622024361,0.43459400639882695
35333,Chase Burns,,,128.0,,,,,,PIT,,,,,,9.693482350881803,,,,,,1.1561902855967903,164.0,16.0,0.0,190.0,53.0,59.0,2.908536585365854,1.1402439024390243,4.227089036872002,0.0,3.2162156558104713,1.8697185332859183,0.380459124913413,1.8555743300308813,-0.42892364258469123,1.1000200733639842,1.1243906254504785,0.23663883277890221
35418,Gage Jump,,,103.0,,,,,,PIT,,,,,,1.24928711297509,,,,,,-1.1478085597062346,106.2,8.0,0.0,116.0,51.0,45.0,4.322033898305085,1.3935969868173257,2.113544518436001,0.0,1.963584295126393,-1.2766782273527875,-1.5511634732345168,-0.04628416696222204,-0.42892364258469123,-0.20231149303409493,-1.0793146185223434,-1.6041148927679312
35456,Trey Yesavage,,,65.0,,,,,,PIT,,,,,,2.8203929409002972,,,,,,-0.7191323020637276,98.2,5.0,0.0,97.0,41.0,49.0,3.7576374745417516,1.1608961303462322,1.3209653240225008,0.0,1.6419627295453458,-0.24568244440199305,0.1031473317344435,-0.7594811033346356,-0.42892364258469123,-0.5366939222444127,-0.3572153455300455,-0.027627446214572336
35466,Payton Tolle,,,120.0,,,,,,PIT,,,,,,6.099874043420455,,,,,,0.1756741845840895,141.0,9.0,0.0,162.0,53.0,39.0,3.382978723404255,1.127659574468085,2.3777375832405014,0.0,2.7422470328489283,0.5305602503133257,0.44932917701769853,0.1914481451619163,-0.42892364258469123,0.6072459671593058,0.18645737824700775,0.3022690470407979
